striker,bowl_type,phase,innings,num_inn,runs,balls_faced,outs,avg,SR,Curr_Tm
Shubman Gill,Pace,PP,1,23,428,242,10,42.8,176.86,LSG
CH Gayle,Pace,PP,2,17,388,215,6,64.67,180.47,RCB
GJ Maxwell,Pace,PP,1,20,355,173,6,59.17,205.2,DC
Shubman Gill,Pace,PP,2,18,351,160,3,117.0,219.38,LSG
KL Rahul,Spin,Middle,1,14,347,215,5,69.4,161.4,SRH
Tilak Varma,Pace,PP,2,20,335,200,3,111.67,167.5,CSK
Abhishek Sharma,Pace,PP,2,17,333,163,8,41.62,204.29,MI
Shubman Gill,Spin,PP,2,17,331,147,5,66.2,225.17,LSG
PD Salt,Spin,Middle,2,14,328,187,9,36.44,175.4,RR
Sameer Rizvi,Pace,Death,1,18,323,144,5,64.6,224.31,LSG
P Simran Singh,Pace,PP,2,17,322,179,6,53.67,179.89,SRH
RG Sharma,Spin,Middle,1,21,321,182,7,45.86,176.37,KKR
FH Allen,Pace,PP,1,21,318,205,12,26.5,155.12,LSG
C Green,Pace,Middle,2,13,317,167,4,79.25,189.82,KKR
SV Samson,Pace,PP,2,18,310,155,6,51.67,200.0,GT
PD Salt,Spin,PP,2,19,309,196,3,103.0,157.65,RR
S Dube,Spin,Middle,2,17,307,208,9,34.11,147.6,RR
RG Sharma,Pace,Middle,1,16,307,182,4,76.75,168.68,KKR
GJ Maxwell,Pace,PP,2,21,305,162,11,27.73,188.27,DC
N Sindhu,Spin,Middle,1,19,304,183,9,33.78,166.12,DC
V Suryavanshi,Pace,PP,1,18,293,163,5,58.6,179.75,PBKS
Urvil Patel,Spin,PP,1,19,292,189,5,58.4,154.5,MI
PD Salt,Pace,PP,2,21,291,168,8,36.38,173.21,RR
Abhishek Sharma,Pace,PP,1,19,289,135,6,48.17,214.07,MI
FH Allen,Spin,PP,1,18,286,157,6,47.67,182.17,LSG
C Green,Spin,Middle,2,15,283,184,7,40.43,153.8,KKR
Abhishek Sharma,Spin,PP,1,16,283,149,7,40.43,189.93,MI
Naman Dhir,Spin,Middle,2,16,280,190,4,70.0,147.37,GT
PWH de Silva,Spin,Middle,2,12,278,144,4,69.5,193.06,RCB
V Kohli,Pace,PP,2,15,273,142,6,45.5,192.25,RR
CH Gayle,Spin,PP,2,17,266,145,5,53.2,183.45,RCB
N Pooran,Spin,Middle,1,15,258,169,4,64.5,152.66,MI
Naman Dhir,Pace,Middle,2,18,256,157,7,36.57,163.06,GT
Urvil Patel,Pace,PP,1,18,253,136,2,126.5,186.03,MI
SV Samson,Spin,PP,2,16,251,135,7,35.86,185.93,GT
Atharva Taide,Pace,PP,2,16,250,146,6,41.67,171.23,RCB
S Dube,Spin,Middle,1,14,249,160,4,62.25,155.62,RR
Urvil Patel,Spin,Middle,1,14,249,177,6,41.5,140.68,MI
GJ Maxwell,Spin,Middle,1,12,248,142,6,41.33,174.65,DC
SP Narine,Spin,PP,2,13,246,123,4,61.5,200.0,PBKS
YBK Jaiswal,Spin,Middle,2,16,245,157,5,49.0,156.05,RR
V Suryavanshi,Spin,PP,1,16,244,159,4,61.0,153.46,PBKS
SV Samson,Pace,PP,1,18,243,152,6,40.5,159.87,GT
Tarang Gohel,Pace,PP,1,16,243,134,6,40.5,181.34,DC
Tilak Varma,Pace,PP,1,16,237,147,4,59.25,161.22,CSK
N Sindhu,Pace,Middle,1,13,236,128,2,118.0,184.38,DC
RD Gaikwad,Pace,PP,1,19,233,128,4,58.25,182.03,CSK
CH Gayle,Pace,PP,1,11,232,120,6,38.67,193.33,RCB
PWH de Silva,Pace,PP,2,17,232,112,5,46.4,207.14,RCB
JP Inglis,Spin,PP,2,9,231,110,3,77.0,210.0,GT
Tilak Varma,Spin,PP,2,15,231,113,4,57.75,204.42,CSK
RD Gaikwad,Spin,PP,1,16,229,139,5,45.8,164.75,CSK
S Dube,Pace,Middle,2,16,229,145,6,38.17,157.93,RR
SA Yadav,Spin,Middle,2,12,228,141,4,57.0,161.7,DC
KL Rahul,Spin,Middle,2,15,228,162,5,45.6,140.74,SRH
H Klaasen,Spin,Middle,1,10,226,151,4,56.5,149.67,CSK
Aniket Verma,Spin,Middle,2,14,225,134,7,32.14,167.91,RR
VR Iyer,Spin,Middle,1,16,224,145,5,44.8,154.48,SRH
Tarang Gohel,Spin,Middle,1,14,224,139,7,32.0,161.15,DC
P Simran Singh,Pace,PP,1,16,221,120,7,31.57,184.17,SRH
YBK Jaiswal,Pace,Middle,2,14,220,127,3,73.33,173.23,RR
P Simran Singh,Spin,Middle,2,11,216,141,5,43.2,153.19,SRH
Naman Dhir,Pace,Middle,1,14,215,142,3,71.67,151.41,GT
V Kohli,Pace,PP,1,14,214,120,10,21.4,178.33,RR
Shubman Gill,Spin,Middle,2,13,213,129,6,35.5,165.12,LSG
R Parag,Pace,Middle,1,12,212,128,7,30.29,165.62,GT
JM Sharma,Spin,Middle,2,15,210,133,4,52.5,157.89,RCB
R Parag,Spin,Middle,2,15,208,145,3,69.33,143.45,GT
Kartik Sharma,Spin,Middle,1,10,205,92,4,51.25,222.83,SRH
N Rana,Pace,Middle,1,8,203,99,3,67.67,205.05,PBKS
Smaran Ravichandran,Spin,Middle,2,10,202,120,3,67.33,168.33,MI
Shubman Gill,Pace,Middle,2,11,201,132,3,67.0,152.27,LSG
Priyansh Arya,Spin,PP,1,13,200,110,5,40.0,181.82,RCB
Tilak Varma,Spin,Middle,2,15,199,132,5,39.8,150.76,CSK
V Suryavanshi,Spin,Middle,2,11,198,117,5,39.6,169.23,PBKS
WG Jacks,Spin,Middle,1,18,196,134,8,24.5,146.27,LSG
P Simran Singh,Spin,PP,1,17,195,126,9,21.67,154.76,SRH
JP Inglis,Pace,PP,2,14,194,106,2,97.0,183.02,GT
S Dube,Pace,Middle,1,10,193,122,5,38.6,158.2,RR
Tilak Varma,Pace,Middle,2,14,192,114,7,27.43,168.42,CSK
JC Buttler,Spin,Middle,1,14,190,141,6,31.67,134.75,SRH
Abhishek Sharma,Spin,PP,2,13,190,100,4,47.5,190.0,MI
RG Sharma,Pace,Death,1,12,190,81,6,31.67,234.57,KKR
B Sai Sudharsan,Spin,Middle,2,12,190,136,4,47.5,139.71,CSK
PD Salt,Pace,PP,1,13,188,117,4,47.0,160.68,RR
WG Jacks,Pace,PP,1,15,187,124,3,62.33,150.81,LSG
Abhishek Sharma,Spin,Middle,1,10,186,90,7,26.57,206.67,MI
WG Jacks,Pace,Middle,1,15,185,128,5,37.0,144.53,LSG
GJ Maxwell,Spin,PP,2,13,184,86,4,46.0,213.95,DC
Shubman Gill,Spin,Middle,1,8,184,89,2,92.0,206.74,LSG
Tushar Raheja,Spin,PP,2,8,184,92,1,184.0,200.0,MI
V Suryavanshi,Spin,PP,2,11,180,110,3,60.0,163.64,PBKS
Sameer Rizvi,Pace,Death,2,12,180,72,2,90.0,250.0,LSG
N Pooran,Spin,Death,1,9,179,71,1,179.0,252.11,MI
CH Gayle,Pace,Middle,2,11,176,121,1,176.0,145.45,RCB
D Wiese,Pace,Death,1,8,175,66,3,58.33,265.15,KKR
TP Ura,Spin,Middle,1,9,175,100,2,87.5,175.0,PBKS
Priyansh Arya,Pace,PP,1,13,175,113,2,87.5,154.87,RCB
Shubman Gill,Pace,Middle,1,10,173,99,4,43.25,174.75,LSG
SV Samson,Spin,PP,1,15,172,100,6,28.67,172.0,GT
Atharva Taide,Pace,Middle,2,9,172,116,2,86.0,148.28,RCB
P Simran Singh,Pace,Middle,2,10,172,99,2,86.0,173.74,SRH
Tilak Varma,Spin,Middle,1,10,171,106,5,34.2,161.32,CSK
B Sai Sudharsan,Pace,Middle,2,9,171,137,3,57.0,124.82,CSK
Tarang Gohel,Spin,Middle,2,11,171,102,5,34.2,167.65,DC
KA Pollard,Pace,Middle,2,11,171,111,6,28.5,154.05,CSK
N Sindhu,Spin,Middle,2,12,170,92,5,34.0,184.78,DC
BJ McMullen,Pace,Middle,2,7,168,94,3,56.0,178.72,DC
SA Yadav,Spin,Middle,1,9,168,96,4,42.0,175.0,DC
S Dube,Spin,PP,2,13,167,100,1,167.0,167.0,RR
Tanush Kotian,Pace,Death,2,12,166,66,6,27.67,251.52,CSK
PWH de Silva,Pace,Middle,1,10,166,86,5,33.2,193.02,RCB
GJ Maxwell,Pace,Middle,1,10,166,95,7,23.71,174.74,DC
YBK Jaiswal,Spin,Middle,1,9,166,90,3,55.33,184.44,RR
Ishan Kishan,Pace,PP,1,10,166,108,2,83.0,153.7,KKR
BJ McMullen,Pace,PP,2,11,166,117,6,27.67,141.88,DC
SS Iyer,Pace,Middle,1,10,165,95,4,41.25,173.68,MI
Abhishek Sharma,Spin,Middle,2,12,165,110,6,27.5,150.0,MI
JP Inglis,Spin,Middle,1,10,164,92,0,,178.26,GT
SA Yadav,Pace,Middle,1,10,164,98,6,27.33,167.35,DC
KL Rahul,Pace,Middle,2,13,164,128,3,54.67,128.12,SRH
V Suryavanshi,Pace,PP,2,13,163,114,4,40.75,142.98,PBKS
Naman Dhir,Spin,Middle,1,13,161,112,5,32.2,143.75,GT
JM Sharma,Pace,Death,1,9,160,76,4,40.0,210.53,RCB
SP Narine,Pace,PP,1,13,160,99,7,22.86,161.62,PBKS
Tarang Gohel,Pace,PP,2,12,159,93,6,26.5,170.97,DC
Priyansh Arya,Spin,Middle,2,7,159,92,2,79.5,172.83,RCB
JP Inglis,Spin,Middle,2,13,159,116,8,19.88,137.07,GT
Tilak Varma,Spin,PP,1,12,158,93,5,31.6,169.89,CSK
KL Rahul,Spin,PP,1,15,158,97,3,52.67,162.89,SRH
Tarang Gohel,Spin,PP,2,9,157,75,1,157.0,209.33,DC
CH Gayle,Pace,Death,2,6,157,65,1,157.0,241.54,RCB
KL Rahul,Spin,Death,1,7,157,73,2,78.5,215.07,SRH
PD Salt,Pace,Middle,1,7,157,88,4,39.25,178.41,RR
Aniket Verma,Spin,PP,1,8,156,76,4,39.0,205.26,RR
V Suryavanshi,Spin,Middle,1,16,155,111,8,19.38,139.64,PBKS
Ishan Kishan,Spin,Middle,1,11,155,101,6,25.83,153.47,KKR
Salil Arora,Spin,Middle,1,11,155,97,2,77.5,159.79,RCB
SV Samson,Spin,Middle,1,7,154,82,4,38.5,187.8,GT
Smaran Ravichandran,Spin,Middle,1,14,154,118,5,30.8,130.51,MI
B Sai Sudharsan,Spin,Middle,1,9,154,96,4,38.5,160.42,CSK
Aniket Verma,Spin,Middle,1,10,154,92,3,51.33,167.39,RR
WL Madsen,Spin,Middle,2,8,152,84,1,152.0,180.95,KKR
FH Allen,Pace,Middle,1,9,151,82,4,37.75,184.15,LSG
GJ Maxwell,Pace,Middle,2,8,151,83,3,50.33,181.93,DC
V Kohli,Spin,PP,2,11,151,108,6,25.17,139.81,RR
Tanush Kotian,Spin,Death,2,9,150,60,1,150.0,250.0,CSK
V Nigam,Pace,Death,1,7,150,65,3,50.0,230.77,GT
Urvil Patel,Spin,Middle,2,7,150,95,1,150.0,157.89,MI
Priyansh Arya,Pace,Middle,2,7,148,81,3,49.33,182.72,RCB
HH Pandya,Pace,Death,1,12,148,61,4,37.0,242.62,SRH
JP Inglis,Pace,Middle,1,10,147,96,3,49.0,153.12,GT
N Pooran,Pace,Middle,2,13,146,97,3,48.67,150.52,MI
GJ Maxwell,Spin,PP,1,14,146,84,2,73.0,173.81,DC
H Klaasen,Spin,Middle,2,8,146,102,3,48.67,143.14,CSK
S Dube,Pace,PP,1,11,146,74,2,73.0,197.3,RR
Aniket Verma,Pace,Middle,2,12,145,69,4,36.25,210.14,RR
TH David,Pace,Middle,1,11,145,89,4,36.25,162.92,GT
KL Rahul,Pace,PP,2,8,145,70,0,,207.14,SRH
KK Nair,Spin,Middle,1,8,145,103,2,72.5,140.78,CSK
RD Rickelton,Pace,Middle,1,4,144,78,2,72.0,184.62,RR
Shashank Singh,Spin,Death,1,9,144,80,3,48.0,180.0,PBKS
SP Narine,Pace,PP,2,15,143,116,6,23.83,123.28,PBKS
PWH de Silva,Spin,PP,2,11,142,70,2,71.0,202.86,RCB
RK Singh,Pace,Death,2,7,142,58,1,142.0,244.83,GT
J Fraser-McGurk,Spin,PP,2,7,142,57,1,142.0,249.12,KKR
YBK Jaiswal,Pace,Death,1,9,141,62,6,23.5,227.42,RR
JC Buttler,Spin,Middle,2,6,141,87,2,70.5,162.07,SRH
J Fraser-McGurk,Pace,PP,1,13,141,90,7,20.14,156.67,KKR
AM Rahane,Spin,Middle,1,9,140,97,4,35.0,144.33,CSK
Priyansh Arya,Pace,PP,2,10,140,72,4,35.0,194.44,RCB
VR Iyer,Spin,Death,1,11,140,67,4,35.0,208.96,SRH
RM Patidar,Pace,Middle,1,6,139,76,2,69.5,182.89,RCB
CH Gayle,Spin,Middle,2,12,139,95,7,19.86,146.32,RCB
RM Patidar,Pace,Death,1,8,139,65,3,46.33,213.85,RCB
WL Madsen,Spin,Middle,1,9,139,92,5,27.8,151.09,KKR
JP Inglis,Pace,PP,1,13,139,87,2,69.5,159.77,GT
PWH de Silva,Spin,Middle,1,9,138,83,4,34.5,166.27,RCB
CH Gayle,Spin,PP,1,10,137,78,4,34.25,175.64,RCB
JM Sharma,Pace,Death,2,10,137,63,3,45.67,217.46,RCB
RD Gaikwad,Spin,Middle,2,8,137,86,4,34.25,159.3,CSK
JP Inglis,Spin,PP,1,12,137,87,7,19.57,157.47,GT
N Pooran,Pace,Death,1,11,136,71,7,19.43,191.55,MI
Nithish Kumar Reddy,Spin,Middle,1,11,135,104,3,45.0,129.81,GT
RD Rickelton,Pace,PP,1,13,135,91,6,22.5,148.35,RR
SP Narine,Spin,PP,1,10,135,88,1,135.0,153.41,PBKS
Jay Gohil,Pace,Death,1,9,135,73,3,45.0,184.93,LSG
MJ Owen,Pace,PP,2,7,135,77,4,33.75,175.32,DC
Atharva Taide,Spin,Middle,2,6,134,75,3,44.67,178.67,RCB
SA Yadav,Pace,PP,1,12,134,83,3,44.67,161.45,DC
SA Yadav,Pace,Middle,2,10,133,82,4,33.25,162.2,DC
V Suryavanshi,Pace,Middle,2,7,133,84,2,66.5,158.33,PBKS
Naman Dhir,Pace,PP,2,11,132,64,1,132.0,206.25,GT
V Kohli,Spin,Middle,2,8,132,96,7,18.86,137.5,RR
YBK Jaiswal,Pace,PP,2,11,132,69,4,33.0,191.3,RR
WG Jacks,Spin,Middle,2,10,132,92,5,26.4,143.48,LSG
PWH de Silva,Pace,Middle,2,10,131,71,6,21.83,184.51,RCB
VR Iyer,Pace,Death,2,12,131,60,3,43.67,218.33,SRH
RD Gaikwad,Pace,Middle,1,8,131,80,2,65.5,163.75,CSK
RD Gaikwad,Spin,Middle,1,11,131,101,7,18.71,129.7,CSK
Nithish Kumar Reddy,Spin,Death,1,10,130,73,4,32.5,178.08,GT
Karan Shinde,Pace,Death,1,9,130,57,4,32.5,228.07,DC
N Rana,Pace,PP,1,11,130,72,3,43.33,180.56,PBKS
MP Stoinis,Pace,PP,1,6,130,82,2,65.0,158.54,
RM Patidar,Spin,Middle,1,10,129,91,2,64.5,141.76,RCB
YBK Jaiswal,Pace,Death,2,8,128,53,0,,241.51,RR
Shubman Gill,Spin,PP,1,15,128,70,7,18.29,182.86,LSG
V Suryavanshi,Pace,Middle,1,8,128,89,4,32.0,143.82,PBKS
Aniket Verma,Pace,Middle,1,10,128,83,5,25.6,154.22,RR
Tilak Varma,Pace,Middle,1,9,128,76,3,42.67,168.42,CSK
P Simran Singh,Spin,PP,2,10,128,81,2,64.0,158.02,SRH
Kartik Sharma,Spin,Middle,2,8,128,63,1,128.0,203.17,SRH
Abhishek Sharma,Pace,Middle,2,11,127,81,4,31.75,156.79,MI
MR Marsh,Pace,PP,2,9,127,85,1,127.0,149.41,MI
V Kohli,Pace,Middle,2,5,127,85,1,127.0,149.41,RR
C Green,Pace,Middle,1,13,127,85,8,15.88,149.41,KKR
WG Jacks,Spin,PP,1,13,127,101,3,42.33,125.74,LSG
SS Iyer,Spin,Middle,1,11,125,91,5,25.0,137.36,MI
Salil Arora,Pace,Middle,1,11,125,73,5,25.0,171.23,RCB
R Parag,Spin,Middle,1,13,124,80,4,31.0,155.0,GT
Tarang Gohel,Spin,PP,1,7,124,71,1,124.0,174.65,DC
SS Iyer,Spin,Middle,2,13,124,94,6,20.67,131.91,MI
Tushar Raheja,Pace,PP,2,8,124,79,3,41.33,156.96,MI
JM Sharma,Pace,Middle,1,13,124,107,5,24.8,115.89,RCB
TP Ura,Spin,Death,1,6,124,61,3,41.33,203.28,PBKS
Sahil Parakh,Pace,PP,2,5,124,64,0,,193.75,SRH
R Parag,Pace,Death,2,9,124,58,6,20.67,213.79,GT
N Sindhu,Pace,Death,1,9,124,72,3,41.33,172.22,DC
Naman Dhir,Pace,Death,1,8,123,57,3,41.0,215.79,GT
RD Rickelton,Spin,PP,2,10,123,89,3,41.0,138.2,RR
Tarang Gohel,Pace,Middle,1,9,123,77,4,30.75,159.74,DC
FH Allen,Pace,PP,2,9,123,67,4,30.75,183.58,LSG
JC Buttler,Pace,Death,1,8,123,58,2,61.5,212.07,SRH
Sameer Rizvi,Pace,Middle,1,11,122,78,3,40.67,156.41,LSG
KA Pollard,Pace,Death,2,5,122,51,2,61.0,239.22,CSK
Atharva Taide,Spin,PP,2,10,121,76,2,60.5,159.21,RCB
N Sindhu,Pace,PP,1,9,121,69,1,121.0,175.36,DC
MP Stoinis,Pace,Middle,2,3,120,65,0,,184.62,
Abishek Porel,Pace,PP,1,6,120,68,1,120.0,176.47,LSG
Priyansh Arya,Spin,PP,2,8,118,68,2,59.0,173.53,RCB
VR Iyer,Spin,Middle,2,8,118,65,0,,181.54,SRH
RD Rickelton,Pace,PP,2,11,118,76,3,39.33,155.26,RR
MR Marsh,Spin,Middle,2,9,118,67,3,39.33,176.12,MI
J Fraser-McGurk,Spin,PP,1,6,118,54,1,118.0,218.52,KKR
RD Gaikwad,Pace,Middle,2,5,118,67,4,29.5,176.12,CSK
MW Short,Pace,PP,2,9,117,85,2,58.5,137.65,SRH
B Sai Sudharsan,Spin,PP,2,11,117,69,2,58.5,169.57,CSK
Aniket Verma,Pace,PP,1,8,117,67,0,,174.63,RR
AD Russell,Pace,Death,1,7,116,60,3,38.67,193.33,DC
MW Short,Pace,Middle,2,6,116,73,6,19.33,158.9,SRH
Priyansh Arya,Spin,Middle,1,9,116,81,6,19.33,143.21,RCB
MP Stoinis,Pace,PP,2,9,115,72,4,28.75,159.72,
Shashank Singh,Spin,Middle,1,14,114,97,9,12.67,117.53,PBKS
TH David,Spin,Middle,1,9,114,64,4,28.5,178.12,GT
YBK Jaiswal,Pace,Middle,1,8,113,58,2,56.5,194.83,RR
CH Gayle,Spin,Middle,1,7,112,61,3,37.33,183.61,RCB
RM Patidar,Spin,Death,1,7,112,54,2,56.0,207.41,RCB
SP Narine,Spin,Middle,1,7,112,74,7,16.0,151.35,PBKS
FH Allen,Spin,PP,2,8,112,71,4,28.0,157.75,LSG
AB de Villiers,Spin,Middle,1,7,111,91,3,37.0,121.98,CSK
JJ Smit,Pace,Death,1,7,111,54,5,22.2,205.56,PBKS
C Green,Pace,PP,1,12,110,79,5,22.0,139.24,KKR
Salil Arora,Pace,PP,1,6,110,50,0,,220.0,RCB
GD Phillips,Pace,Death,2,6,110,43,2,55.0,255.81,RR
C Green,Pace,PP,2,11,109,62,1,109.0,175.81,KKR
PWH de Silva,Pace,PP,1,8,109,61,3,36.33,178.69,RCB
S Dube,Pace,PP,2,17,109,78,3,36.33,139.74,RR
N Sindhu,Pace,Death,2,7,109,42,6,18.17,259.52,DC
Hassan Nawaz,Pace,Middle,1,7,109,69,3,36.33,157.97,
V Nigam,Spin,Death,1,8,108,49,1,108.0,220.41,GT
MJ Owen,Spin,PP,2,6,108,54,1,108.0,200.0,DC
N Pooran,Spin,Middle,2,13,108,65,4,27.0,166.15,MI
WG Jacks,Pace,Middle,2,10,108,86,3,36.0,125.58,LSG
MW Short,Pace,PP,1,5,107,52,1,107.0,205.77,SRH
JC Buttler,Pace,Middle,1,11,107,85,3,35.67,125.88,SRH
C Green,Spin,Middle,1,14,107,86,6,17.83,124.42,KKR
Urvil Patel,Spin,PP,2,8,106,63,3,35.33,168.25,MI
P Simran Singh,Pace,Middle,1,5,106,59,1,106.0,179.66,SRH
B Sai Sudharsan,Pace,PP,2,11,106,81,4,26.5,130.86,CSK
Sameer Rizvi,Pace,Middle,2,9,105,56,2,52.5,187.5,LSG
R Parag,Pace,Middle,2,12,105,65,2,52.5,161.54,GT
Abishek Porel,Pace,Death,1,7,104,45,3,34.67,231.11,LSG
R Parag,Spin,Death,2,8,104,41,5,20.8,253.66,GT
N Pooran,Pace,Middle,1,13,104,72,4,26.0,144.44,MI
VR Iyer,Pace,Middle,1,9,103,70,3,34.33,147.14,SRH
Smaran Ravichandran,Pace,Middle,1,12,103,77,4,25.75,133.77,MI
TH David,Pace,Death,1,9,102,55,2,51.0,185.45,GT
Naman Dhir,Spin,Death,2,5,102,41,2,51.0,248.78,GT
Suryansh Shedge,Pace,Death,2,7,102,53,4,25.5,192.45,KKR
T Stubbs,Spin,Middle,1,6,102,66,1,102.0,154.55,PBKS
RD Rickelton,Spin,Middle,2,7,102,64,3,34.0,159.38,RR
FH Allen,Spin,Middle,1,8,101,59,4,25.25,171.19,LSG
Urvil Patel,Pace,PP,2,8,101,68,1,101.0,148.53,MI
RG Sharma,Pace,Middle,2,9,101,76,5,20.2,132.89,KKR
Chirag Jani,Pace,Middle,1,11,100,57,4,25.0,175.44,RCB
Sameer Rizvi,Spin,Middle,1,11,100,65,4,25.0,153.85,LSG
P Simran Singh,Spin,Middle,1,7,100,65,3,33.33,153.85,SRH
VR Iyer,Pace,Death,1,8,100,46,2,50.0,217.39,SRH
PWH de Silva,Spin,PP,1,8,100,51,0,,196.08,RCB
Naman Dhir,Pace,PP,1,11,100,66,2,50.0,151.52,GT
GJ Maxwell,Spin,Middle,2,9,99,69,2,49.5,143.48,DC
Abishek Porel,Pace,Middle,1,10,99,62,5,19.8,159.68,LSG
JM Sharma,Spin,Middle,1,10,99,51,2,49.5,194.12,RCB
BM Duckett,Pace,PP,1,7,99,52,3,33.0,190.38,
KL Rahul,Pace,Death,2,8,99,42,3,33.0,235.71,SRH
JC Buttler,Pace,PP,1,9,98,75,3,32.67,130.67,SRH
SA Yadav,Pace,PP,2,9,98,61,2,49.0,160.66,DC
Sameer Rizvi,Spin,Death,2,11,97,49,5,19.4,197.96,LSG
V Kohli,Spin,PP,1,6,97,43,2,48.5,225.58,RR
GD Phillips,Spin,Death,2,9,97,41,3,32.33,236.59,RR
SA Yadav,Spin,Death,1,6,97,37,2,48.5,262.16,DC
KK Nair,Spin,Death,1,6,97,42,3,32.33,230.95,CSK
KL Rahul,Spin,Death,2,7,97,45,2,48.5,215.56,SRH
N Sindhu,Spin,Death,1,8,97,40,1,97.0,242.5,DC
N Sindhu,Pace,Middle,2,8,97,70,3,32.33,138.57,DC
H Klaasen,Spin,Death,1,6,96,49,5,19.2,195.92,CSK
J Fraser-McGurk,Pace,PP,2,8,96,54,4,24.0,177.78,KKR
HH Pandya,Spin,Death,1,11,96,45,3,32.0,213.33,SRH
Salil Arora,Spin,Middle,2,7,96,57,2,48.0,168.42,RCB
PHKD Mendis,Spin,Middle,1,9,96,65,4,24.0,147.69,PBKS
PHKD Mendis,Pace,Death,2,7,96,50,3,32.0,192.0,PBKS
RD Gaikwad,Pace,PP,2,7,95,71,2,47.5,133.8,CSK
JM Sharma,Spin,Death,1,7,95,45,3,31.67,211.11,RCB
RG Sharma,Pace,Death,2,8,95,44,5,19.0,215.91,KKR
Abishek Porel,Spin,Middle,1,10,94,64,3,31.33,146.88,LSG
Naman Dhir,Spin,PP,2,9,94,48,2,47.0,195.83,GT
TP Ura,Spin,Middle,2,5,94,56,2,47.0,167.86,PBKS
SP Narine,Spin,Middle,2,7,94,57,4,23.5,164.91,PBKS
JP Inglis,Pace,Middle,2,12,93,60,4,23.25,155.0,GT
Jay Gohil,Pace,Middle,2,4,93,42,1,93.0,221.43,LSG
Shadab Khan,Spin,Death,1,7,93,54,4,23.25,172.22,SRH
C Green,Pace,Death,2,6,93,44,4,23.25,211.36,KKR
MR Marsh,Pace,Middle,2,10,93,56,4,23.25,166.07,MI
TL Seifert,Pace,PP,2,5,92,49,3,30.67,187.76,PBKS
Abdul Samad,Pace,Death,1,10,92,53,5,18.4,173.58,SRH
N Rana,Pace,PP,2,10,92,74,3,30.67,124.32,PBKS
Karan Shinde,Spin,Death,2,7,91,41,4,22.75,221.95,DC
SS Iyer,Pace,PP,2,9,91,50,4,22.75,182.0,MI
PD Salt,Spin,PP,1,8,91,49,5,18.2,185.71,RR
JM Sharma,Pace,Middle,2,11,91,65,3,30.33,140.0,RCB
N Rana,Spin,Middle,1,10,90,71,7,12.86,126.76,PBKS
Ashutosh Sharma,Pace,Death,1,10,90,56,5,18.0,160.71,GT
Urvil Patel,Pace,Middle,1,8,90,60,4,22.5,150.0,MI
SP Narine,Pace,Middle,2,7,89,68,5,17.8,130.88,PBKS
MP Stoinis,Spin,PP,2,7,89,68,2,44.5,130.88,
KA Pollard,Pace,Death,1,7,89,50,4,22.25,178.0,CSK
Tarang Gohel,Pace,Middle,2,8,88,52,2,44.0,169.23,DC
SV Samson,Spin,Middle,2,8,88,64,5,17.6,137.5,GT
Arshad Khan,Pace,Death,1,6,88,36,2,44.0,244.44,MI
Shashank Singh,Spin,Middle,2,9,88,72,3,29.33,122.22,PBKS
Ishan Kishan,Pace,Death,1,6,88,44,2,44.0,200.0,KKR
Sameer Rizvi,Spin,Death,1,9,87,36,3,29.0,241.67,LSG
KL Rahul,Pace,PP,1,10,87,59,3,29.0,147.46,SRH
Salil Arora,Spin,Death,1,5,86,35,1,86.0,245.71,RCB
Shashank Singh,Pace,Death,1,9,86,48,2,43.0,179.17,PBKS
KL Rahul,Spin,PP,2,8,86,51,2,43.0,168.63,SRH
TH David,Spin,Middle,2,6,86,60,2,43.0,143.33,GT
BM Duckett,Spin,PP,1,7,86,50,4,21.5,172.0,
BM Duckett,Spin,PP,2,5,85,47,2,42.5,180.85,
RM Patidar,Spin,Middle,2,8,85,70,5,17.0,121.43,RCB
AK Markram,Spin,Death,1,5,85,49,2,42.5,173.47,DC
MJ Owen,Spin,Middle,2,6,84,50,4,21.0,168.0,DC
CH Gayle,Pace,Middle,1,4,84,46,0,,182.61,RCB
YK Pathan,Spin,Death,2,6,84,43,2,42.0,195.35,
MP Stoinis,Spin,Middle,2,4,84,48,3,28.0,175.0,
KL Rahul,Pace,Middle,1,10,84,67,3,28.0,125.37,SRH
Aniket Verma,Pace,Death,1,6,84,38,2,42.0,221.05,RR
Anmolpreet Singh,Spin,Death,1,6,83,40,2,41.5,207.5,RR
T Stubbs,Pace,Middle,2,9,83,62,4,20.75,133.87,PBKS
KA Pollard,Spin,Middle,2,12,83,65,6,13.83,127.69,CSK
Chirag Jani,Spin,Death,1,7,82,31,3,27.33,264.52,RCB
Abishek Porel,Spin,Middle,2,7,81,50,4,20.25,162.0,LSG
Tushar Raheja,Spin,PP,1,6,81,38,2,40.5,213.16,MI
Abhishek Sharma,Pace,Middle,1,6,81,37,2,40.5,218.92,MI
WG Jacks,Pace,PP,2,9,81,54,4,20.25,150.0,LSG
S Dube,Spin,Death,1,4,81,32,1,81.0,253.12,RR
YBK Jaiswal,Spin,PP,2,8,80,40,3,26.67,200.0,RR
Chirag Jani,Pace,Death,1,9,80,46,5,16.0,173.91,RCB
Jay Gohil,Pace,Death,2,4,79,37,3,26.33,213.51,LSG
Abhishek Pathak,Spin,PP,1,3,79,42,2,39.5,188.1,RCB
AB de Villiers,Pace,Death,1,4,78,28,2,39.0,278.57,CSK
Shashank Singh,Pace,Middle,1,11,78,59,3,26.0,132.2,PBKS
JP Inglis,Spin,Death,2,3,78,32,0,,243.75,GT
Sameer Rizvi,Spin,Middle,2,10,77,45,0,,171.11,LSG
Abdul Samad,Pace,Middle,1,5,77,51,1,77.0,150.98,SRH
SV Samson,Pace,Middle,2,7,77,51,4,19.25,150.98,GT
SS Iyer,Pace,PP,1,9,77,60,3,25.67,128.33,MI
FH Allen,Pace,Middle,2,3,76,54,0,,140.74,LSG
Smaran Ravichandran,Spin,PP,1,6,76,48,0,,158.33,MI
GD Phillips,Spin,Middle,1,4,76,44,3,25.33,172.73,RR
Ravi Singh,Spin,Middle,1,5,76,38,1,76.0,200.0,KKR
Vansh Bedi,Pace,Death,2,5,75,28,1,75.0,267.86,PBKS
WG Jacks,Pace,Death,1,7,75,48,6,12.5,156.25,LSG
Abdul Samad,Spin,Middle,1,6,75,70,0,,107.14,SRH
SS Iyer,Pace,Middle,2,7,75,54,4,18.75,138.89,MI
KK Nair,Pace,Death,1,4,74,24,0,,308.33,CSK
Ishan Kishan,Pace,Middle,1,7,74,65,2,37.0,113.85,KKR
SA Yadav,Spin,PP,1,4,74,37,1,74.0,200.0,DC
SS Iyer,Pace,Death,1,6,74,33,2,37.0,224.24,MI
GJ Maxwell,Pace,Death,2,4,74,33,1,74.0,224.24,DC
MJ Owen,Pace,Death,1,7,74,38,6,12.33,194.74,DC
Arshad Khan,Pace,Death,2,11,74,43,4,18.5,172.09,MI
D Brevis,Pace,Death,1,5,73,34,1,73.0,214.71,GT
JM Sharma,Spin,Death,2,9,73,46,7,10.43,158.7,RCB
Tanush Kotian,Spin,Death,1,7,73,31,3,24.33,235.48,CSK
GD Phillips,Spin,Death,1,4,73,27,3,24.33,270.37,RR
MR Marsh,Spin,PP,2,6,72,42,2,36.0,171.43,MI
Ishan Kishan,Spin,PP,1,9,72,39,1,72.0,184.62,KKR
B Sai Sudharsan,Spin,PP,1,13,72,76,5,14.4,94.74,CSK
BM Duckett,Pace,PP,2,7,71,52,3,23.67,136.54,
Abdul Samad,Pace,Middle,2,3,71,29,0,,244.83,SRH
Sahil Parakh,Spin,PP,2,4,71,38,0,,186.84,SRH
WG Jacks,Spin,Death,2,4,71,23,1,71.0,308.7,LSG
Shashank Singh,Spin,Death,2,7,71,31,3,23.67,229.03,PBKS
D Brevis,Spin,Middle,1,4,71,41,1,71.0,173.17,GT
YBK Jaiswal,Spin,Death,2,8,71,35,3,23.67,202.86,RR
VR Iyer,Pace,Middle,2,6,71,46,2,35.5,154.35,SRH
VR Iyer,Spin,Death,2,11,71,36,3,23.67,197.22,SRH
JP Inglis,Pace,Death,1,6,70,33,2,35.0,212.12,GT
N Sindhu,Spin,PP,1,7,70,40,0,,175.0,DC
B Sai Sudharsan,Pace,PP,1,8,70,40,2,35.0,175.0,CSK
S Dube,Pace,Death,1,6,70,34,3,23.33,205.88,RR
Nithish Kumar Reddy,Pace,Middle,1,7,69,44,3,23.0,156.82,GT
DR Mousley,Spin,PP,2,5,69,43,1,69.0,160.47,LSG
Shashwat Rawat,Spin,PP,1,4,69,46,0,,150.0,
Aniket Verma,Pace,Death,2,7,69,34,3,23.0,202.94,RR
Rohan Kunnummal,Pace,PP,1,6,69,44,2,34.5,156.82,KKR
JC Buttler,Pace,PP,2,6,68,43,4,17.0,158.14,SRH
Urvil Patel,Pace,Middle,2,6,68,60,2,34.0,113.33,MI
WL Madsen,Spin,Death,1,6,68,43,2,34.0,158.14,KKR
BJ McMullen,Spin,PP,2,4,68,37,1,68.0,183.78,DC
TH David,Spin,Death,2,6,67,34,5,13.4,197.06,GT
Abishek Porel,Spin,PP,2,4,67,46,1,67.0,145.65,LSG
BJ McMullen,Pace,Death,1,6,67,35,3,22.33,191.43,DC
PD Salt,Pace,Middle,2,10,67,46,4,16.75,145.65,RR
RR Rossouw,Pace,Middle,2,6,67,49,3,22.33,136.73,PBKS
YBK Jaiswal,Pace,PP,1,3,67,34,1,67.0,197.06,RR
WL Madsen,Spin,Death,2,8,67,42,2,33.5,159.52,KKR
Shashank Singh,Pace,Death,2,6,67,37,2,33.5,181.08,PBKS
N Pooran,Pace,Death,2,7,66,31,6,11.0,212.9,MI
Naman Dhir,Spin,Death,1,7,66,24,4,16.5,275.0,GT
T Stubbs,Pace,Middle,1,6,66,38,3,22.0,173.68,PBKS
Hassan Nawaz,Pace,Middle,2,6,66,49,3,22.0,134.69,
RD Gaikwad,Pace,Death,1,2,66,28,0,,235.71,CSK
Hassan Nawaz,Spin,Middle,2,8,66,54,5,13.2,122.22,
Hassan Nawaz,Pace,PP,2,5,65,46,1,65.0,141.3,
Naman Dhir,Spin,PP,1,9,65,41,2,32.5,158.54,GT
Shashank Singh,Pace,Middle,2,8,65,50,3,21.67,130.0,PBKS
Kartik Sharma,Spin,PP,1,4,65,33,1,65.0,196.97,SRH
RD Rickelton,Spin,Middle,1,4,65,44,1,65.0,147.73,RR
Tilak Varma,Spin,Death,2,6,65,32,3,21.67,203.12,CSK
GF Linde,Pace,Death,1,6,65,37,2,32.5,175.68,GT
BJ McMullen,Pace,PP,1,4,65,35,2,32.5,185.71,DC
S Dube,Spin,PP,1,8,65,46,3,21.67,141.3,RR
SS Iyer,Spin,PP,2,7,64,37,2,32.0,172.97,MI
Smaran Ravichandran,Pace,Middle,2,5,64,45,1,64.0,142.22,MI
GF Linde,Spin,Death,1,5,64,34,2,32.0,188.24,GT
WL Madsen,Pace,Middle,2,6,64,40,0,,160.0,KKR
Abishek Porel,Pace,Middle,2,6,64,49,0,,130.61,LSG
Kartik Sharma,Pace,Middle,1,6,64,37,4,16.0,172.97,SRH
Sahil Parakh,Pace,PP,1,3,64,41,2,32.0,156.1,SRH
KK Nair,Pace,Middle,1,6,63,39,0,,161.54,CSK
YK Pathan,Pace,Death,1,9,63,58,4,15.75,108.62,
Abdul Samad,Pace,Death,2,5,63,35,3,21.0,180.0,SRH
Abhishek Sharma,Spin,Death,2,3,63,20,1,63.0,315.0,MI
SR Dickson,Spin,Middle,2,3,63,37,1,63.0,170.27,
PHKD Mendis,Pace,Middle,1,4,63,42,1,63.0,150.0,PBKS
Chirag Jani,Spin,Middle,1,8,62,51,1,62.0,121.57,RCB
C Green,Spin,PP,2,8,62,50,0,,124.0,KKR
BM Duckett,Spin,Middle,2,4,62,46,3,20.67,134.78,
T Stubbs,Spin,Middle,2,8,62,50,3,20.67,124.0,PBKS
WG Jacks,Spin,Death,1,4,62,32,0,,193.75,LSG
Utkarsh Singh,Spin,Death,1,5,61,29,3,20.33,210.34,PBKS
RK Singh,Pace,Middle,2,5,61,38,3,20.33,160.53,GT
RG Sharma,Spin,Death,1,4,61,29,2,30.5,210.34,KKR
JC Buttler,Pace,Middle,2,5,61,43,1,61.0,141.86,SRH
R Parag,Spin,Death,1,6,60,25,2,30.0,240.0,GT
PWH de Silva,Spin,Death,1,2,59,25,0,,236.0,RCB
Dhruv Jurel,Pace,Middle,1,2,59,42,1,59.0,140.48,
Abishek Porel,Pace,Death,2,4,59,31,2,29.5,190.32,LSG
RR Rossouw,Spin,Middle,1,5,59,48,5,11.8,122.92,PBKS
T Banton,Pace,Middle,1,3,58,31,1,58.0,187.1,SRH
PD Salt,Spin,Middle,1,5,58,44,2,29.0,131.82,RR
SA Yadav,Spin,PP,2,6,58,31,1,58.0,187.1,DC
H Klaasen,Spin,Death,2,4,58,37,4,14.5,156.76,CSK
N Rana,Spin,Middle,2,7,58,47,4,14.5,123.4,PBKS
V Nigam,Pace,Death,2,5,58,30,2,29.0,193.33,GT
N Rana,Spin,PP,1,7,58,32,1,58.0,181.25,PBKS
MP Stoinis,Pace,Death,2,2,58,20,0,,290.0,
Ishan Kishan,Spin,Middle,2,3,57,46,2,28.5,123.91,KKR
HH Pandya,Pace,Middle,2,6,57,35,5,11.4,162.86,SRH
R Powell,Pace,Middle,1,4,57,34,2,28.5,167.65,
RG Sharma,Spin,Middle,2,11,57,33,4,14.25,172.73,KKR
MG Erasmus,Spin,Middle,2,4,57,49,3,19.0,116.33,
SA Yadav,Pace,Death,1,7,57,25,3,19.0,228.0,DC
Sakibul Gani,Pace,Death,2,4,57,26,2,28.5,219.23,MI
J Fraser-McGurk,Spin,Middle,2,4,57,37,3,19.0,154.05,KKR
Salil Arora,Pace,Middle,2,5,57,36,1,57.0,158.33,RCB
BA Stokes,Pace,Death,1,4,57,35,1,57.0,162.86,RR
Urvil Patel,Spin,Death,1,4,57,30,2,28.5,190.0,MI
HH Pandya,Pace,Death,2,4,56,24,2,28.0,233.33,SRH
RK Singh,Pace,Middle,1,7,56,46,2,28.0,121.74,GT
Anmolpreet Singh,Pace,Death,2,6,56,27,3,18.67,207.41,RR
RD Gaikwad,Spin,PP,2,6,56,36,2,28.0,155.56,CSK
Karan Shinde,Spin,Death,1,6,56,27,2,28.0,207.41,DC
C Green,Pace,Death,1,5,56,26,3,18.67,215.38,KKR
C Green,Spin,PP,1,4,56,26,1,56.0,215.38,KKR
KA Pollard,Spin,Middle,1,5,56,28,1,56.0,200.0,CSK
AM Rahane,Pace,Middle,1,5,55,31,1,55.0,177.42,CSK
MP Stoinis,Pace,Middle,1,5,55,37,3,18.33,148.65,
Priyansh Arya,Pace,Middle,1,6,55,30,5,11.0,183.33,RCB
Karan Shinde,Pace,Death,2,7,55,28,2,27.5,196.43,DC
Sahil Parakh,Spin,Middle,2,5,55,36,2,27.5,152.78,SRH
Ramandeep Singh,Pace,Middle,1,4,55,37,1,55.0,148.65,KKR
N Sindhu,Spin,PP,2,4,55,31,2,27.5,177.42,DC
V Suryavanshi,Pace,Death,1,4,55,23,2,27.5,239.13,PBKS
RD Rickelton,Spin,PP,1,10,54,49,4,13.5,110.2,RR
V Nigam,Spin,Middle,2,7,54,28,0,,192.86,GT
TM Head,Pace,PP,2,6,54,51,3,18.0,105.88,
YBK Jaiswal,Spin,PP,1,6,53,36,5,10.6,147.22,RR
Sakibul Gani,Pace,Death,1,7,53,37,3,17.67,143.24,MI
Urvil Patel,Spin,Death,2,4,53,21,1,53.0,252.38,MI
N Wadhera,Pace,Death,1,7,53,39,4,13.25,135.9,
Shubman Gill,Pace,Death,2,4,53,27,1,53.0,196.3,LSG
JC Buttler,Pace,Death,2,6,53,24,1,53.0,220.83,SRH
MS Dhoni,Pace,Middle,2,3,52,28,0,,185.71,KKR
Tanush Kotian,Spin,Middle,2,6,52,33,2,26.0,157.58,CSK
Nithish Kumar Reddy,Pace,Death,2,6,52,32,3,17.33,162.5,GT
Kartik Sharma,Pace,Middle,2,7,52,37,4,13.0,140.54,SRH
Tanush Kotian,Pace,Death,1,7,52,25,3,17.33,208.0,CSK
MR Marsh,Pace,Middle,1,2,51,30,0,,170.0,MI
BJ McMullen,Spin,Middle,2,7,51,43,4,12.75,118.6,DC
Atharva Taide,Pace,PP,1,2,51,25,1,51.0,204.0,RCB
YK Pathan,Spin,Middle,1,7,51,43,2,25.5,118.6,
DR Mousley,Pace,Middle,2,5,51,44,2,25.5,115.91,LSG
JDS Neesham,Pace,Death,1,4,51,35,4,12.75,145.71,
MS Pepper,Pace,Middle,1,3,51,32,0,,159.38,KKR
Naman Dhir,Pace,Death,2,6,51,30,4,12.75,170.0,GT
MJ Owen,Pace,PP,1,6,51,32,4,12.75,159.38,DC
Abishek Porel,Spin,Death,1,5,50,29,1,50.0,172.41,LSG
D Brevis,Pace,Middle,2,7,50,36,3,16.67,138.89,GT
N Rana,Pace,Middle,2,5,50,42,1,50.0,119.05,PBKS
KD Karthik,Pace,Death,1,2,50,19,1,50.0,263.16,RR
Shashank Singh,Pace,PP,1,4,50,18,0,,277.78,PBKS
AM Rahane,Spin,PP,1,7,50,32,2,25.0,156.25,CSK
AK Markram,Spin,Death,2,5,50,30,4,12.5,166.67,DC
D Brevis,Pace,Death,2,3,49,26,0,,188.46,GT
RM Patidar,Pace,Middle,2,5,49,35,2,24.5,140.0,RCB
H Klaasen,Spin,PP,1,4,49,37,0,,132.43,CSK
Chirag Jani,Pace,Middle,2,5,49,29,2,24.5,168.97,RCB
Shashwat Rawat,Pace,PP,1,2,49,27,1,49.0,181.48,
FH Allen,Spin,Middle,2,4,49,25,3,16.33,196.0,LSG
AM Rahane,Spin,Death,1,4,49,25,2,24.5,196.0,CSK
KL Rahul,Pace,Death,1,6,49,22,2,24.5,222.73,SRH
PWH de Silva,Spin,Death,2,6,48,20,1,48.0,240.0,RCB
KK Nair,Pace,Death,2,3,48,19,1,48.0,252.63,CSK
RA Jadeja,Spin,Death,1,3,48,25,3,16.0,192.0,LSG
YK Pathan,Pace,Middle,1,7,48,55,2,24.0,87.27,
HC Brook,Pace,Middle,2,4,48,35,3,16.0,137.14,
HH Pandya,Spin,Middle,1,4,48,28,2,24.0,171.43,SRH
Tarang Gohel,Pace,Death,2,4,48,19,1,48.0,252.63,DC
KA Pollard,Pace,PP,2,5,48,24,0,,200.0,CSK
MR Marsh,Pace,Death,1,2,48,24,0,,200.0,MI
RA Jadeja,Spin,Middle,1,4,48,29,0,,165.52,LSG
LS Livingstone,Pace,PP,1,2,47,34,1,47.0,138.24,KKR
T Banton,Spin,Death,1,6,47,22,1,47.0,213.64,SRH
MS Dhoni,Pace,Death,2,4,47,25,2,23.5,188.0,KKR
Rohan Kunnummal,Spin,Middle,1,2,47,26,0,,180.77,KKR
Jay Gohil,Spin,Middle,2,5,47,27,3,15.67,174.07,LSG
Rishabh Chouhan,Spin,Death,2,2,47,22,0,,213.64,GT
GD Phillips,Spin,Middle,2,7,47,40,2,23.5,117.5,RR
N Sindhu,Pace,PP,2,5,47,25,3,15.67,188.0,DC
Tushar Raheja,Pace,PP,1,3,47,23,1,47.0,204.35,MI
WL Madsen,Pace,Death,2,6,47,27,1,47.0,174.07,KKR
MW Short,Spin,Middle,1,3,47,30,1,47.0,156.67,SRH
AD Russell,Pace,Death,2,5,47,25,2,23.5,188.0,DC
SS Iyer,Spin,PP,1,7,47,33,2,23.5,142.42,MI
N Pooran,Spin,Death,2,6,46,19,4,11.5,242.11,MI
Priyansh Arya,Pace,Death,2,4,46,19,3,15.33,242.11,RCB
RA Jadeja,Spin,Death,2,5,46,21,1,46.0,219.05,LSG
Aniket Verma,Spin,Death,2,8,46,24,4,11.5,191.67,RR
Salil Arora,Spin,PP,1,5,46,23,2,23.0,200.0,RCB
Salil Arora,Pace,Death,1,4,46,22,1,46.0,209.09,RCB
D Brevis,Spin,Death,1,4,46,23,0,,200.0,GT
KA Pollard,Spin,Death,1,9,46,28,2,23.0,164.29,CSK
AB de Villiers,Pace,Death,2,6,46,31,4,11.5,148.39,CSK
JJ Smit,Pace,Middle,1,7,46,41,3,15.33,112.2,PBKS
BJ McMullen,Spin,Middle,1,5,46,36,1,46.0,127.78,DC
MP Stoinis,Spin,PP,1,3,46,43,1,46.0,106.98,
Kumar Kushagra,Spin,Middle,1,2,46,32,2,23.0,143.75,
JN Loftie-Eaton,Spin,Death,1,2,46,27,0,,170.37,RR
GJ Maxwell,Pace,Death,1,1,46,15,0,,306.67,DC
S Dube,Pace,Death,2,3,46,15,1,46.0,306.67,RR
SA Yadav,Pace,Death,2,5,46,28,4,11.5,164.29,DC
JP Inglis,Spin,Death,1,6,46,23,6,7.67,200.0,GT
Abhishek Pathak,Pace,PP,2,3,46,24,1,46.0,191.67,RCB
Arshad Khan,Spin,Death,1,4,45,23,2,22.5,195.65,MI
PHKD Mendis,Spin,Middle,2,3,45,28,1,45.0,160.71,PBKS
MS Pepper,Pace,Death,1,2,45,28,0,,160.71,KKR
R Parag,Spin,PP,2,4,45,25,1,45.0,180.0,GT
Salil Arora,Spin,Death,2,4,45,15,0,,300.0,RCB
Babar Azam,Pace,Middle,1,3,45,40,2,22.5,112.5,
T Banton,Spin,Middle,1,5,45,29,1,45.0,155.17,SRH
JDS Neesham,Pace,Middle,2,2,45,37,0,,121.62,
Chirag Jani,Pace,Death,2,2,45,17,1,45.0,264.71,RCB
YBK Jaiswal,Spin,Death,1,3,45,17,0,,264.71,RR
HS Desai,Pace,Middle,2,3,45,22,1,45.0,204.55,
RR Rossouw,Spin,Middle,2,5,45,24,1,45.0,187.5,PBKS
TM Head,Spin,Middle,2,3,44,41,3,14.67,107.32,
Smaran Ravichandran,Pace,Death,2,5,44,29,4,11.0,151.72,MI
MR Marsh,Pace,Death,2,3,44,17,2,22.0,258.82,MI
Shubman Gill,Spin,Death,2,3,44,20,2,22.0,220.0,LSG
Hemang Patel,Pace,Death,1,4,44,29,3,14.67,151.72,
MJ Owen,Pace,Death,2,4,44,22,3,14.67,200.0,DC
Salil Arora,Pace,PP,2,3,44,20,1,44.0,220.0,RCB
Salil Arora,Pace,Death,2,5,44,18,3,14.67,244.44,RCB
B Sai Sudharsan,Spin,Death,2,4,44,26,2,22.0,169.23,CSK
Sakibul Gani,Spin,Death,2,4,43,24,3,14.33,179.17,MI
RA Jadeja,Spin,Middle,2,5,43,31,5,8.6,138.71,LSG
RK Singh,Pace,Death,1,4,43,22,2,21.5,195.45,GT
D Brevis,Spin,Middle,2,9,43,53,2,21.5,81.13,GT
Gaurav Puri,Spin,Middle,2,4,43,37,1,43.0,116.22,
TH David,Spin,Death,1,8,42,35,4,10.5,120.0,GT
RD Gaikwad,Spin,Death,2,4,42,17,2,21.0,247.06,CSK
RG Sharma,Spin,Death,2,6,42,27,3,14.0,155.56,KKR
Kartik Sharma,Pace,Death,2,5,42,22,2,21.0,190.91,SRH
Nithish Kumar Reddy,Spin,Death,2,8,42,23,1,42.0,182.61,GT
YK Pathan,Spin,Death,1,5,42,22,4,10.5,190.91,
MW Short,Pace,Middle,1,4,42,22,2,21.0,190.91,SRH
V Nigam,Pace,Middle,2,4,42,24,2,21.0,175.0,GT
Aniket Verma,Pace,PP,2,5,42,24,2,21.0,175.0,RR
AM Rahane,Spin,Middle,2,4,42,35,3,14.0,120.0,CSK
RR Rossouw,Spin,PP,1,4,42,28,2,21.0,150.0,PBKS
AHT Donald,Pace,PP,2,4,42,24,3,14.0,175.0,PBKS
RR Rossouw,Pace,Middle,1,4,42,25,1,42.0,168.0,PBKS
Hassan Nawaz,Spin,Middle,1,3,41,35,1,41.0,117.14,
RG Sharma,Spin,PP,1,4,41,26,0,,157.69,KKR
R Powell,Spin,Middle,2,3,41,26,1,41.0,157.69,
T Stubbs,Spin,Death,1,6,41,26,2,20.5,157.69,PBKS
RA Jadeja,Pace,Death,2,4,41,20,2,20.5,205.0,LSG
DR Mousley,Spin,Middle,1,3,41,35,0,,117.14,LSG
WG Jacks,Pace,Death,2,3,41,22,2,20.5,186.36,LSG
Karan Lal,Spin,Death,2,7,41,36,4,10.25,113.89,RR
Ravi Singh,Spin,Middle,2,4,41,24,1,41.0,170.83,KKR
DR Mousley,Pace,Death,2,2,41,18,1,41.0,227.78,LSG
SV Samson,Pace,Middle,1,6,41,28,2,20.5,146.43,GT
Ramandeep Singh,Pace,Death,1,5,40,23,4,10.0,173.91,KKR
Sakibul Gani,Pace,Middle,1,4,40,24,1,40.0,166.67,MI
Ravi Singh,Pace,Middle,2,3,40,19,0,,210.53,KKR
Hassan Nawaz,Pace,Death,1,2,40,15,2,20.0,266.67,
R Parag,Pace,PP,1,4,40,32,1,40.0,125.0,GT
TH David,Pace,PP,1,3,40,15,1,40.0,266.67,GT
Abdul Samad,Spin,Death,1,7,40,28,1,40.0,142.86,SRH
Vansh Bedi,Pace,Middle,2,4,40,34,1,40.0,117.65,PBKS
Babar Azam,Pace,PP,1,3,39,33,1,39.0,118.18,
R Powell,Pace,Death,1,3,39,20,3,13.0,195.0,
Smaran Ravichandran,Spin,Death,1,6,39,24,4,9.75,162.5,MI
MJ Owen,Pace,Middle,1,6,39,29,1,39.0,134.48,DC
Abdul Samad,Pace,PP,1,3,39,27,1,39.0,144.44,SRH
YK Pathan,Pace,Death,2,7,39,34,3,13.0,114.71,
V Nigam,Spin,Death,2,6,39,26,4,9.75,150.0,GT
JDS Neesham,Pace,Middle,1,3,39,27,0,,144.44,
Ramandeep Singh,Spin,Middle,1,3,39,16,0,,243.75,KKR
Jaskaran Singh,Pace,Death,1,4,38,25,2,19.0,152.0,
V Suryavanshi,Spin,Death,2,2,38,11,1,38.0,345.45,PBKS
Tarang Gohel,Spin,Death,1,5,38,14,2,19.0,271.43,DC
N Rana,Pace,Death,1,3,38,21,3,12.67,180.95,PBKS
Smaran Ravichandran,Pace,PP,1,5,38,25,2,19.0,152.0,MI
Suryansh Shedge,Pace,Death,1,4,38,33,2,19.0,115.15,KKR
Kartik Sharma,Pace,PP,2,3,38,19,1,38.0,200.0,SRH
Kartik Sharma,Pace,PP,1,4,38,17,0,,223.53,SRH
Sakibul Gani,Spin,Death,1,5,38,19,3,12.67,200.0,MI
AA Kulkarni,Pace,PP,1,2,38,22,1,38.0,172.73,GT
BM Duckett,Spin,Middle,1,2,38,22,1,38.0,172.73,
Rituraj Sharma,Spin,Death,1,2,37,17,2,18.5,217.65,DC
AA Kulkarni,Pace,Death,1,1,37,13,1,37.0,284.62,GT
MJ Owen,Pace,Middle,2,3,37,22,0,,168.18,DC
SP Narine,Pace,Middle,1,3,37,20,2,18.5,185.0,PBKS
CH Gayle,Pace,Death,1,3,37,20,3,12.33,185.0,RCB
DW Lawrence,Pace,Death,1,3,37,15,2,18.5,246.67,DC
Aniket Verma,Spin,Death,1,3,37,15,1,37.0,246.67,RR
FH Allen,Pace,Death,1,2,37,17,1,37.0,217.65,LSG
DR Mousley,Pace,Middle,1,3,37,24,2,18.5,154.17,LSG
Urvil Patel,Pace,Death,1,3,37,18,2,18.5,205.56,MI
T Stubbs,Pace,Death,2,6,37,16,4,9.25,231.25,PBKS
D Wiese,Spin,Death,1,5,37,18,3,12.33,205.56,KKR
D Brevis,Pace,Middle,1,3,36,21,2,18.0,171.43,GT
BM Duckett,Pace,Middle,2,3,36,25,1,36.0,144.0,
KA Maharaj,Spin,Death,1,5,36,29,1,36.0,124.14,RCB
Karan Shinde,Spin,Middle,2,5,36,23,1,36.0,156.52,DC
Shadab Khan,Spin,Middle,1,5,36,19,2,18.0,189.47,SRH
GD Phillips,Spin,PP,1,3,35,13,1,35.0,269.23,RR
PHKD Mendis,Spin,Death,2,5,35,21,1,35.0,166.67,PBKS
Ishan Kishan,Pace,PP,2,5,35,29,0,,120.69,KKR
WL Madsen,Pace,Middle,1,6,35,25,1,35.0,140.0,KKR
VR Iyer,Spin,PP,1,3,35,13,1,35.0,269.23,SRH
H Klaasen,Pace,Middle,1,5,35,28,1,35.0,125.0,CSK
Babar Azam,Pace,PP,2,3,35,36,2,17.5,97.22,
TB Robinson,Spin,Middle,1,1,35,24,1,35.0,145.83,
TM Head,Spin,PP,2,2,35,24,0,,145.83,
Rahul Singh,Pace,PP,1,3,35,28,2,17.5,125.0,
B Sai Sudharsan,Pace,Middle,1,5,35,30,2,17.5,116.67,CSK
GD Phillips,Pace,Death,1,3,34,18,2,17.0,188.89,RR
Rahul Singh,Spin,Middle,2,4,34,21,1,34.0,161.9,
B Sai Sudharsan,Pace,Death,2,4,34,21,3,11.33,161.9,CSK
Akhil Singh Rawat,Pace,Death,1,3,34,10,0,,340.0,KKR
TL Seifert,Spin,Middle,2,2,34,17,1,34.0,200.0,PBKS
Akash Vasisht,Spin,Death,2,3,34,18,1,34.0,188.89,DC
LS Livingstone,Spin,Death,2,3,34,24,1,34.0,141.67,KKR
BJ McMullen,Spin,Death,1,3,34,17,2,17.0,200.0,DC
AJ Hosein,Spin,Death,1,3,34,13,1,34.0,261.54,MI
Abhishek Sharma,Pace,Death,2,2,34,17,0,,200.0,MI
V Kohli,Spin,Middle,1,3,34,30,3,11.33,113.33,RR
V Kohli,Pace,Death,2,2,34,15,0,,226.67,RR
JC Buttler,Spin,PP,1,6,34,21,1,34.0,161.9,SRH
N Wadhera,Spin,Middle,1,3,34,20,0,,170.0,
RD Gaikwad,Pace,Death,2,2,34,13,1,34.0,261.54,CSK
AB de Villiers,Spin,Death,1,4,33,17,2,16.5,194.12,CSK
JG Bethell,Pace,Death,2,3,33,15,2,16.5,220.0,GT
Hassan Nawaz,Pace,PP,1,3,33,18,1,33.0,183.33,
Salman Nizar,Pace,Death,1,3,33,19,1,33.0,173.68,KKR
T Banton,Pace,Death,1,5,33,27,4,8.25,122.22,SRH
C Green,Spin,Death,2,2,33,12,2,16.5,275.0,KKR
AHT Donald,Spin,PP,2,4,33,18,2,16.5,183.33,PBKS
D Ferreira,Pace,Middle,1,2,33,25,2,16.5,132.0,
JP Inglis,Pace,Death,2,3,33,15,1,33.0,220.0,GT
AR Ramjani,Spin,Death,2,7,33,38,1,33.0,86.84,PBKS
RM Patidar,Pace,PP,2,3,33,23,2,16.5,143.48,RCB
Dhruv Jurel,Pace,PP,1,2,33,16,1,33.0,206.25,
Sanvir Singh,Pace,Death,1,3,33,17,1,33.0,194.12,PBKS
Aniket Verma,Spin,PP,2,2,32,17,0,,188.24,RR
KK Nair,Spin,Middle,2,2,32,19,0,,168.42,CSK
Ishan Kishan,Spin,Death,1,2,32,19,1,32.0,168.42,KKR
LS Livingstone,Spin,Middle,2,2,32,33,2,16.0,96.97,KKR
Gaurav Puri,Spin,Death,2,4,32,16,4,8.0,200.0,
Chirag Jani,Spin,Middle,2,6,32,21,4,8.0,152.38,RCB
TL Seifert,Spin,PP,2,4,32,20,0,,160.0,PBKS
Sakibul Gani,Spin,Middle,2,4,32,17,1,32.0,188.24,MI
N Wadhera,Pace,Middle,1,2,32,26,0,,123.08,
TP Ura,Pace,Middle,2,2,32,14,2,16.0,228.57,PBKS
RD Rickelton,Pace,Middle,2,4,32,29,2,16.0,110.34,RR
Shadab Khan,Pace,Death,1,2,32,24,0,,133.33,SRH
N Rana,Spin,PP,2,7,32,25,2,16.0,128.0,PBKS
AB de Villiers,Spin,Middle,2,4,32,24,1,32.0,133.33,CSK
SS Iyer,Spin,Death,1,4,32,18,2,16.0,177.78,MI
BJ McMullen,Pace,Middle,1,5,31,27,2,15.5,114.81,DC
JN Loftie-Eaton,Spin,Death,2,5,31,23,2,15.5,134.78,RR
Hassan Nawaz,Spin,Death,2,3,31,14,1,31.0,221.43,
SR Hain,Spin,Middle,1,1,31,15,0,,206.67,
C Connolly,Spin,Middle,2,1,31,21,0,,147.62,
PP Shaw,Pace,PP,1,2,31,27,0,,114.81,
T Stubbs,Pace,Death,1,4,31,16,1,31.0,193.75,PBKS
Tilak Varma,Spin,Death,1,3,31,16,1,31.0,193.75,CSK
TP Ura,Spin,PP,2,4,31,21,1,31.0,147.62,PBKS
HS Desai,Spin,Middle,2,3,31,23,2,15.5,134.78,
RA Jadeja,Pace,Death,1,4,31,22,3,10.33,140.91,LSG
Tarang Gohel,Spin,Death,2,4,31,15,3,10.33,206.67,DC
DR Mousley,Spin,Middle,2,4,31,18,1,31.0,172.22,LSG
R Parag,Pace,Death,1,5,30,17,3,10.0,176.47,GT
Abdul Samad,Spin,PP,1,3,30,24,1,30.0,125.0,SRH
FH Allen,Pace,Death,2,2,30,19,2,15.0,157.89,LSG
N Sindhu,Spin,Death,2,3,30,10,0,,300.0,DC
Shaheen Shah Afridi,Pace,Death,2,4,29,27,2,14.5,107.41,DC
KA Pollard,Spin,PP,2,2,29,18,0,,161.11,CSK
PD Salt,Pace,Death,1,3,29,13,3,9.67,223.08,RR
F du Plessis,Pace,Middle,2,2,29,18,1,29.0,161.11,CSK
Jay Gohil,Spin,Death,1,3,29,11,0,,263.64,LSG
H Klaasen,Pace,Death,1,3,29,9,0,,322.22,CSK
RK Singh,Spin,Middle,1,4,29,25,2,14.5,116.0,GT
Karan Shinde,Pace,Middle,2,4,29,27,1,29.0,107.41,DC
TL Seifert,Pace,Middle,2,2,29,19,0,,152.63,PBKS
JC Buttler,Spin,Death,1,5,29,18,3,9.67,161.11,SRH
JC Buttler,Spin,Death,2,4,29,21,2,14.5,138.1,SRH
Tushar Raheja,Spin,Middle,1,2,29,21,2,14.5,138.1,MI
AGS Gous,Pace,PP,1,1,29,19,0,,152.63,DC
Rahul Singh,Pace,Middle,1,1,29,16,1,29.0,181.25,
JG Bethell,Pace,Death,1,2,29,14,2,14.5,207.14,GT
AB de Villiers,Spin,Death,2,5,29,14,1,29.0,207.14,CSK
Tilak Varma,Pace,Death,2,5,29,15,1,29.0,193.33,CSK
AM Hardie,Pace,PP,2,3,28,23,1,28.0,121.74,
Sanvir Singh,Spin,Death,1,1,28,13,0,,215.38,PBKS
Kartik Sharma,Pace,Death,1,3,28,15,2,14.0,186.67,SRH
JC Buttler,Spin,PP,2,4,28,19,1,28.0,147.37,SRH
MJ Owen,Spin,PP,1,4,28,20,2,14.0,140.0,DC
D Padikkal,Pace,Death,1,3,28,16,1,28.0,175.0,
WG Jacks,Spin,PP,2,7,28,30,3,9.33,93.33,LSG
Akhil Singh Rawat,Spin,Death,1,2,28,11,1,28.0,254.55,KKR
BA Stokes,Pace,Death,2,3,28,17,3,9.33,164.71,RR
Ramandeep Singh,Pace,Middle,2,2,28,17,1,28.0,164.71,KKR
Smaran Ravichandran,Pace,Death,1,2,28,15,2,14.0,186.67,MI
BJ McMullen,Spin,PP,1,3,27,21,1,27.0,128.57,DC
DR Mousley,Pace,PP,2,3,27,22,2,13.5,122.73,LSG
AM Rahane,Pace,Death,1,2,27,17,1,27.0,158.82,CSK
Arshad Khan,Spin,Death,2,5,27,22,3,9.0,122.73,MI
Ishan Kishan,Spin,Death,2,1,27,10,0,,270.0,KKR
BJ McMullen,Pace,Death,2,3,27,16,2,13.5,168.75,DC
JG Bethell,Spin,Middle,1,4,27,30,1,27.0,90.0,GT
AM Rahane,Pace,Middle,2,2,27,18,0,,150.0,CSK
Babar Azam,Spin,Middle,2,2,27,19,1,27.0,142.11,
Abishek Porel,Spin,Death,2,3,27,15,0,,180.0,LSG
LS Livingstone,Spin,Middle,1,4,27,25,3,9.0,108.0,KKR
AD Russell,Spin,Death,1,4,27,16,1,27.0,168.75,DC
Sahil Parakh,Spin,Middle,1,1,27,13,1,27.0,207.69,SRH
Tushar Raheja,Pace,Middle,2,4,27,15,3,9.0,180.0,MI
H Klaasen,Pace,Middle,2,3,27,18,1,27.0,150.0,CSK
Rahul Singh,Pace,Middle,2,4,27,16,2,13.5,168.75,
TH David,Pace,Middle,2,4,27,17,1,27.0,158.82,GT
Priyansh Arya,Spin,Death,2,3,27,12,1,27.0,225.0,RCB
AD Russell,Spin,Middle,1,4,26,10,2,13.0,260.0,DC
AK Markram,Spin,Middle,2,4,26,21,1,26.0,123.81,DC
Washington Sundar,Spin,Death,1,5,26,24,1,26.0,108.33,GT
AM Hardie,Pace,Death,1,2,26,15,0,,173.33,
J Fraser-McGurk,Spin,Middle,1,3,26,20,3,8.67,130.0,KKR
Faisal Khan,Spin,Death,1,1,26,13,1,26.0,200.0,
Jay Gohil,Spin,Death,2,3,26,14,0,,185.71,LSG
Akash Vasisht,Spin,Middle,2,3,26,28,0,,92.86,DC
PHKD Mendis,Pace,Middle,2,5,26,16,2,13.0,162.5,PBKS
KD Karthik,Pace,Middle,2,2,26,18,0,,144.44,RR
SR Watson,Pace,Death,2,2,26,12,1,26.0,216.67,LSG
PD Salt,Spin,Death,2,4,26,16,3,8.67,162.5,RR
Ankit Kumar,Spin,Middle,2,2,26,16,2,13.0,162.5,SRH
RA Jadeja,Pace,Middle,2,5,26,27,1,26.0,96.3,LSG
R Sai Kishore,Pace,Death,1,4,26,15,0,,173.33,SRH
R Shepherd,Pace,Death,2,6,26,20,6,4.33,130.0,
Anmolpreet Singh,Spin,Middle,1,4,26,20,2,13.0,130.0,RR
D Brevis,Spin,Death,2,3,26,15,2,13.0,173.33,GT
AM Rahane,Pace,PP,2,3,26,22,2,13.0,118.18,CSK
R Parag,Spin,PP,1,5,26,16,1,26.0,162.5,GT
KA Pollard,Pace,Middle,1,4,26,20,0,,130.0,CSK
TP Ura,Spin,Death,2,3,26,11,3,8.67,236.36,PBKS
Atharva Taide,Pace,Death,2,3,26,15,1,26.0,173.33,RCB
GD Phillips,Pace,Middle,2,4,25,11,0,,227.27,RR
SA Yadav,Spin,Death,2,4,25,17,4,6.25,147.06,DC
R Parag,Pace,PP,2,2,25,17,0,,147.06,GT
Kartik Sharma,Spin,Death,2,6,25,16,4,6.25,156.25,SRH
JC Archer,Pace,Death,1,5,25,32,3,8.33,78.12,LSG
GF Linde,Spin,Death,2,3,25,14,0,,178.57,GT
Parth Chandan,Pace,Death,1,1,25,8,0,,312.5,DC
Akshay Karnewar,Spin,Death,1,1,25,16,0,,156.25,
Hassan Nawaz,Pace,Death,2,2,25,8,0,,312.5,
KK Nair,Pace,Middle,2,3,25,20,0,,125.0,CSK
DP Conway,Spin,Middle,1,1,25,25,0,,100.0,
AA Kulkarni,Spin,Middle,1,3,25,24,2,12.5,104.17,GT
Vansh Bedi,Spin,Middle,2,4,25,19,2,12.5,131.58,PBKS
R Powell,Pace,PP,1,1,25,17,0,,147.06,
Abhishek Sharma,Spin,Death,1,1,25,11,1,25.0,227.27,MI
Azmatullah Omarzai,Pace,Death,1,2,25,16,2,12.5,156.25,
Usman Khan (2),Spin,Middle,1,1,25,19,1,25.0,131.58,
Shubman Gill,Pace,Death,1,4,25,18,2,12.5,138.89,LSG
GJ Maxwell,Spin,Death,2,1,25,16,0,,156.25,DC
Chirag Jani,Pace,PP,1,3,25,13,1,25.0,192.31,RCB
DAJ Bracewell,Pace,Middle,1,3,25,16,3,8.33,156.25,
SV Samson,Spin,Death,1,2,25,10,2,12.5,250.0,GT
DJ Bravo,Pace,Death,1,3,25,19,2,12.5,131.58,
HH Pandya,Pace,PP,2,2,25,15,1,25.0,166.67,SRH
Nithish Kumar Reddy,Pace,Death,1,5,25,14,0,,178.57,GT
TA Boult,Pace,Death,2,3,24,22,3,8.0,109.09,SRH
MW Short,Spin,PP,1,3,24,14,2,12.0,171.43,SRH
Rohan Kunnummal,Spin,Death,1,1,24,9,0,,266.67,KKR
TB Robinson,Pace,PP,1,1,24,16,1,24.0,150.0,
Waseem Muhammad,Spin,Middle,2,2,24,17,0,,141.18,
RG Sharma,Pace,PP,1,7,24,18,2,12.0,133.33,KKR
Ankit Kumar,Spin,PP,1,2,24,18,1,24.0,133.33,SRH
D Wiese,Spin,Death,2,2,24,16,2,12.0,150.0,KKR
Anmolpreet Singh,Pace,PP,1,2,24,23,2,12.0,104.35,RR
DR Mousley,Pace,Death,1,2,24,11,1,24.0,218.18,LSG
Mohammad Nabi,Spin,Death,1,2,24,16,2,12.0,150.0,RR
F du Plessis,Spin,PP,2,2,24,16,0,,150.0,CSK
DS Airee,Pace,Death,2,1,24,14,1,24.0,171.43,
Abdul Samad,Spin,Middle,2,3,24,29,2,12.0,82.76,SRH
JJ Smit,Spin,Middle,1,4,24,19,0,,126.32,PBKS
PP Shaw,Spin,PP,1,2,24,16,1,24.0,150.0,
S Dube,Spin,Death,2,3,24,10,1,24.0,240.0,RR
Rohan Kunnummal,Spin,PP,1,3,23,22,2,11.5,104.55,KKR
Vansh Bedi,Spin,Death,2,2,23,12,0,,191.67,PBKS
RM Patidar,Spin,Death,2,2,23,12,0,,191.67,RCB
T Stubbs,Spin,Death,2,4,23,15,2,11.5,153.33,PBKS
BA Stokes,Pace,PP,1,1,23,14,1,23.0,164.29,RR
Abhishek Pathak,Spin,Middle,2,2,23,14,1,23.0,164.29,RCB
Mohammad Nabi,Spin,Middle,2,2,23,13,1,23.0,176.92,RR
Urvil Patel,Pace,Death,2,2,23,10,0,,230.0,MI
PP Shaw,Spin,Middle,1,1,23,22,0,,104.55,
AHT Donald,Spin,Middle,2,2,23,13,2,11.5,176.92,PBKS
F du Plessis,Pace,PP,2,2,23,12,0,,191.67,CSK
Smaran Ravichandran,Pace,PP,2,4,23,23,2,11.5,100.0,MI
WL Madsen,Pace,PP,1,3,23,17,0,,135.29,KKR
Rituraj Sharma,Spin,Middle,1,3,22,19,1,22.0,115.79,DC
MS Pepper,Pace,PP,2,1,22,15,0,,146.67,KKR
Sikandar Raza,Pace,Death,2,1,22,12,1,22.0,183.33,
GF Linde,Pace,Middle,1,4,22,22,3,7.33,100.0,GT
GF Linde,Spin,Middle,1,4,22,22,0,,100.0,GT
AM Hardie,Spin,PP,2,3,22,24,1,22.0,91.67,
JG Bethell,Spin,Middle,2,2,22,11,1,22.0,200.0,GT
TM Head,Spin,PP,1,2,22,10,2,11.0,220.0,
Tarang Gohel,Pace,Death,1,5,22,13,3,7.33,169.23,DC
J Fraser-McGurk,Pace,Middle,2,3,22,16,1,22.0,137.5,KKR
P Simran Singh,Spin,Death,1,1,22,8,0,,275.0,SRH
Jay Gohil,Pace,Middle,1,5,22,18,2,11.0,122.22,LSG
Hemang Patel,Spin,Middle,1,3,22,15,2,11.0,146.67,
TP Ura,Pace,Middle,1,6,22,20,1,22.0,110.0,PBKS
AK Markram,Spin,PP,1,3,22,30,2,11.0,73.33,DC
KH Pandya,Pace,Death,1,2,22,10,0,,220.0,DC
AM Rahane,Pace,PP,1,6,22,19,1,22.0,115.79,CSK
V Suryavanshi,Pace,Death,2,3,21,16,2,10.5,131.25,PBKS
Yashvardhan Dalal,Spin,Middle,1,1,21,17,1,21.0,123.53,DC
P Simran Singh,Pace,Death,1,3,21,13,2,10.5,161.54,SRH
AK Markram,Pace,PP,1,2,21,10,0,,210.0,DC
A Manohar,Spin,Middle,1,1,21,14,0,,150.0,MI
Shaheen Shah Afridi,Pace,Middle,2,4,21,25,3,7.0,84.0,DC
Shaheen Shah Afridi,Pace,Death,1,4,21,30,3,7.0,70.0,DC
A Nagwaswalla,Pace,Death,2,6,21,26,3,7.0,80.77,RR
P Simran Singh,Spin,Death,2,6,21,15,2,10.5,140.0,SRH
PD Salt,Pace,Death,2,2,21,10,0,,210.0,RR
DW Lawrence,Spin,Death,1,3,21,12,0,,175.0,DC
HC Brook,Spin,Middle,1,1,21,19,1,21.0,110.53,
D Wiese,Pace,Death,2,3,21,12,2,10.5,175.0,KKR
N Rana,Pace,Death,2,2,21,14,1,21.0,150.0,PBKS
HS Desai,Pace,Middle,1,2,21,18,2,10.5,116.67,
Ravi Singh,Pace,Death,2,4,21,15,1,21.0,140.0,KKR
MR Marsh,Spin,Middle,1,2,21,21,0,,100.0,MI
Ankit Kumar,Pace,PP,1,4,21,13,1,21.0,161.54,SRH
Karan Lal,Pace,Death,2,4,21,15,1,21.0,140.0,RR
R Powell,Pace,Middle,2,4,21,28,2,10.5,75.0,
LS Livingstone,Pace,PP,2,1,21,15,0,,140.0,KKR
HS Desai,Spin,Middle,1,2,21,19,1,21.0,110.53,
MS Dhoni,Pace,Death,1,1,21,11,0,,190.91,KKR
Waseem Muhammad,Pace,Middle,2,3,21,15,2,10.5,140.0,
TB Robinson,Spin,Death,2,1,21,7,1,21.0,300.0,
Sumit Kumar,Pace,Death,1,1,20,15,0,,133.33,
SE Rutherford,Pace,Middle,2,1,20,13,0,,153.85,DC
R Sai Kishore,Spin,Death,1,5,20,20,4,5.0,100.0,SRH
Utkarsh Singh,Pace,Death,1,3,20,17,1,20.0,117.65,PBKS
Vansh Bedi,Spin,PP,2,1,20,7,1,20.0,285.71,PBKS
TP Ura,Pace,PP,2,2,20,8,1,20.0,250.0,PBKS
A Manohar,Pace,Death,1,2,20,12,0,,166.67,MI
DS Airee,Spin,Middle,2,3,20,19,1,20.0,105.26,
Babar Azam,Pace,Middle,2,1,20,15,1,20.0,133.33,
Kumar Kushagra,Pace,Death,2,2,20,7,1,20.0,285.71,
Atharva Taide,Spin,Death,2,1,20,12,1,20.0,166.67,RCB
Dhruv Jurel,Spin,PP,1,1,20,18,0,,111.11,
Anmolpreet Singh,Pace,Middle,2,2,20,13,0,,153.85,RR
JM Sharma,Pace,PP,2,3,20,13,1,20.0,153.85,RCB
AB de Villiers,Pace,Middle,2,5,20,15,1,20.0,133.33,CSK
Karan Lal,Spin,Middle,1,3,20,23,1,20.0,86.96,RR
AHT Donald,Pace,Middle,1,1,20,8,0,,250.0,PBKS
