bowler,pitch,phase,innings,num_inn,wkts,runs_conceded,balls,Eco,SR,Curr_Tm
Arshdeep Singh,pace,Death,2,13,22,216,135,9.6,6.14,LSG
MA Starc,pace,Death,2,12,19,190,117,9.74,6.16,KKR
JC Archer,pace,Death,2,13,18,224,140,9.6,7.78,LSG
Shaheen Shah Afridi,pace,Death,1,9,17,158,104,9.12,6.12,DC
JJ Bumrah,pace,Death,2,10,17,161,109,8.86,6.41,DC
Noor Ahmad,spin,Middle,2,13,16,273,210,7.8,13.12,MI
CV Varun,spin,Middle,2,11,16,249,168,8.89,10.5,PBKS
Karan Lal,spin,Death,2,6,15,85,71,7.18,4.73,RR
JR Hazlewood,pace,Middle,1,9,15,230,156,8.85,10.4,MI
HJ Manenti,pace,Death,2,8,15,138,84,9.86,5.6,RCB
KA Maharaj,spin,Death,2,11,14,178,91,11.74,6.5,RCB
JJ Bumrah,pace,Death,1,9,14,204,128,9.56,9.14,DC
NT Ellis,neutralish,Death,1,10,13,290,156,11.15,12.0,SRH
C Green,pace,Middle,1,9,13,290,204,8.53,15.69,KKR
C Green,pace,Middle,2,13,13,403,280,8.64,21.54,KKR
Ashutosh Sharma,pace,Middle,2,9,13,156,126,7.43,9.69,GT
Arshdeep Singh,pace,PP,2,15,13,308,180,10.27,13.85,LSG
B Kumar,pace,Death,2,9,13,165,91,10.88,7.0,KKR
AR Ramjani,spin,Middle,1,8,12,118,123,5.76,10.25,PBKS
B Kumar,pace,Death,1,9,12,208,114,10.95,9.5,KKR
S Lamichhane,spin,Death,1,9,12,152,102,8.94,8.5,KKR
Ravi Teja,pace,Middle,2,7,12,132,102,7.76,8.5,MI
Fazalhaq Farooqi,pace,Middle,1,7,11,229,168,8.18,15.27,CSK
Yuvraj Singh,pace,PP,1,7,11,235,126,11.19,11.45,
MA Starc,pace,Death,1,9,11,242,135,10.76,12.27,KKR
AR Ramjani,spin,Middle,2,10,11,188,150,7.52,13.64,PBKS
Arshdeep Singh,spin,Death,1,9,11,195,108,10.83,9.82,LSG
HJ Manenti,pace,Death,1,6,11,148,76,11.68,6.91,RCB
LI Meriwala,pace,Middle,1,8,11,164,132,7.45,12.0,PBKS
A Nagwaswalla,pace,Death,1,9,10,83,96,5.19,9.6,RR
PWH de Silva,spin,Death,1,11,10,201,108,11.17,10.8,RCB
NT Ellis,neutralish,Death,2,5,10,126,66,11.45,6.6,SRH
MJ Owen,pace,Death,2,7,10,137,65,12.65,6.5,DC
S Dube,pace,Death,2,5,10,109,64,10.22,6.4,RR
B Kumar,pace,PP,2,13,9,213,156,8.19,17.33,KKR
Noor Ahmad,spin,Death,2,9,9,87,67,7.79,7.44,MI
H Ssenyondo,spin,Middle,1,8,9,115,108,6.39,12.0,LSG
AR Patel,spin,Middle,1,8,9,221,168,7.89,18.67,GT
AK Markram,spin,Death,1,7,9,113,71,9.55,7.89,DC
JM Coles,spin,Middle,2,8,9,268,186,8.65,20.67,MI
Kuldeep Yadav,spin,Middle,2,12,9,208,171,7.3,19.0,LSG
JR Hazlewood,neutralish,Middle,1,6,9,158,102,9.29,11.33,MI
MP Yadav,neutralish,Death,2,3,9,32,29,6.62,3.22,PBKS
Abrar Ahmed,neutralish,Death,2,5,9,75,41,10.98,4.56,RCB
SL Malinga,pace,Death,2,7,9,136,73,11.18,8.11,
SH Johnson,pace,Death,1,4,9,39,33,7.09,3.67,RCB
S Dube,pace,Death,1,7,9,117,83,8.46,9.22,RR
Abrar Ahmed,spin,Death,2,4,9,86,44,11.73,4.89,RCB
Karan Lal,neutralish,Middle,2,5,9,75,66,6.82,7.33,RR
Tanush Kotian,spin,Middle,1,8,8,118,102,6.94,12.75,CSK
Tanush Kotian,neutralish,Middle,1,5,8,73,60,7.3,7.5,CSK
JC Archer,neutralish,Death,2,4,8,93,48,11.62,6.0,LSG
Ashwin Das,pace,Middle,2,8,8,228,168,8.14,21.0,LSG
AR Ramjani,neutralish,Middle,2,4,8,147,96,9.19,12.0,PBKS
TA Boult,pace,PP,1,8,8,220,144,9.17,18.0,SRH
Shashank Singh,spin,Death,2,7,8,112,74,9.08,9.25,PBKS
S Dube,neutralish,Middle,1,10,8,190,120,9.5,15.0,RR
GF Linde,spin,Death,1,8,8,89,72,7.42,9.0,GT
Shashank Singh,spin,PP,2,11,8,166,126,7.9,15.75,PBKS
PWH de Silva,pace,Middle,2,4,8,81,72,6.75,9.0,RCB
Imran Tahir,spin,PP,1,5,8,62,66,5.64,8.25,RCB
M Pathirana,pace,Death,1,5,8,108,60,10.8,7.5,RCB
WG Jacks,pace,Middle,2,15,8,322,192,10.06,24.0,LSG
MA Starc,pace,PP,2,13,8,149,126,7.1,15.75,KKR
CV Varun,spin,Middle,1,7,8,189,132,8.59,16.5,PBKS
KA Maharaj,spin,Middle,2,12,8,149,114,7.84,14.25,RCB
CH Gayle,spin,Death,2,4,7,33,32,6.19,4.57,RCB
Washington Sundar,spin,PP,1,6,7,110,78,8.46,11.14,GT
JJ Bumrah,neutralish,Death,1,4,7,86,54,9.56,7.71,DC
Sufiyan Muqeem,spin,Middle,1,5,7,88,90,5.87,12.86,GT
Naseem Shah,pace,Middle,2,9,7,166,108,9.22,15.43,RR
M Pathirana,neutralish,Death,1,5,7,110,52,12.69,7.43,RCB
Shaheen Shah Afridi,pace,Death,2,6,7,148,69,12.87,9.86,DC
H Ssenyondo,spin,Death,1,8,7,113,79,8.58,11.29,LSG
Arshdeep Singh,pace,Death,1,7,7,130,84,9.29,12.0,LSG
Geet Puri,pace,Death,1,2,7,80,36,13.33,5.14,CSK
S Lamichhane,spin,Death,2,5,7,96,49,11.76,7.0,KKR
Arshdeep Singh,neutralish,Death,2,6,7,103,67,9.22,9.57,LSG
SS Ghosh,pace,Death,2,5,7,97,54,10.78,7.71,RCB
GF Linde,spin,Death,2,4,7,62,39,9.54,5.57,GT
Harsh Dubey,spin,Death,1,4,7,57,42,8.14,6.0,DC
YS Chahal,spin,Death,1,7,7,148,85,10.45,12.14,CSK
LS Livingstone,spin,Death,1,7,7,122,80,9.15,11.43,KKR
NT Ellis,pace,Death,1,5,7,113,72,9.42,10.29,SRH
R Sai Kishore,spin,PP,2,8,6,212,114,11.16,19.0,SRH
Shashank Singh,spin,Death,1,7,6,125,82,9.15,13.67,PBKS
HH Pandya,pace,Death,1,6,6,94,54,10.44,9.0,SRH
Noor Ahmad,spin,Middle,1,6,6,93,78,7.15,13.0,MI
MP Yadav,pace,Death,2,8,6,118,79,8.96,13.17,PBKS
WG Jacks,pace,Middle,1,7,6,146,84,10.43,14.0,LSG
LS Livingstone,spin,Death,2,6,6,85,50,10.2,8.33,KKR
LI Meriwala,pace,Middle,2,7,6,178,120,8.9,20.0,PBKS
AK Markram,spin,Death,2,5,6,84,46,10.96,7.67,DC
B Kumar,neutralish,Death,2,2,6,41,29,8.48,4.83,KKR
WG Jacks,spin,Middle,2,6,6,55,48,6.88,8.0,LSG
S Dube,spin,Middle,2,6,6,121,84,8.64,14.0,RR
A Nagwaswalla,neutralish,PP,1,8,6,165,102,9.71,17.0,RR
Arshdeep Singh,neutralish,PP,2,6,6,105,66,9.55,11.0,LSG
MJ Owen,pace,Death,1,7,6,146,72,12.17,12.0,DC
Tanush Kotian,neutralish,PP,1,5,6,130,72,10.83,12.0,CSK
Karan Lal,spin,Middle,1,6,6,57,50,6.84,8.33,RR
JA Duffy,neutralish,Death,1,2,6,31,24,7.75,4.0,KKR
Karan Lal,neutralish,Death,1,8,6,163,90,10.87,15.0,RR
Imran Tahir,spin,Death,1,5,6,58,52,6.69,8.67,RCB
YK Pathan,spin,Middle,2,5,6,144,114,7.58,19.0,
PWH de Silva,neutralish,Middle,2,3,6,69,42,9.86,7.0,RCB
A Nagwaswalla,pace,PP,1,9,6,134,102,7.88,17.0,RR
V Nigam,spin,Middle,2,7,6,143,114,7.53,19.0,GT
Mohammad Ghazanfar,spin,Middle,1,4,6,52,48,6.5,8.0,RR
HH Pandya,pace,Middle,1,6,6,133,102,7.82,17.0,SRH
SP Narine,pace,Middle,2,7,6,222,156,8.54,26.0,PBKS
SP Narine,pace,Middle,1,9,6,298,192,9.31,32.0,PBKS
Suryansh Shedge,pace,Death,1,6,6,178,96,11.12,16.0,KKR
Mohammad Ghazanfar,spin,Death,2,7,6,83,48,10.38,8.0,RR
PWH de Silva,neutralish,Middle,1,4,6,76,60,7.6,10.0,RCB
B Kumar,pace,PP,1,9,6,158,102,9.29,17.0,KKR
YK Pathan,spin,Middle,1,5,6,144,114,7.58,19.0,
DS Rathi,spin,Middle,1,3,5,25,30,5.0,6.0,KKR
SP Narine,spin,Middle,1,6,5,209,126,9.95,25.2,PBKS
JJ Smit,pace,PP,2,5,5,40,30,8.0,6.0,PBKS
SP Narine,spin,Middle,2,4,5,120,88,8.18,17.6,PBKS
JJ Smit,pace,Middle,2,10,5,250,162,9.26,32.4,PBKS
Mohammad Ghazanfar,spin,PP,2,7,5,89,48,11.12,9.6,RR
MP Yadav,pace,Death,1,5,5,69,46,9.0,9.2,PBKS
LI Meriwala,pace,PP,2,7,5,61,48,7.62,9.6,PBKS
Arshdeep Singh,spin,Death,2,5,5,55,42,7.86,8.4,LSG
NT Ellis,neutralish,Middle,1,6,5,45,36,7.5,7.2,SRH
Karan Lal,neutralish,Middle,1,8,5,153,96,9.56,19.2,RR
Ravi Teja,pace,Middle,1,8,5,126,78,9.69,15.6,MI
JC Archer,pace,Death,1,6,5,149,78,11.46,15.6,LSG
JR Hazlewood,pace,PP,1,7,5,115,54,12.78,10.8,MI
Chirag Jani,pace,Middle,1,6,5,76,60,7.6,12.0,RCB
B Kumar,spin,PP,1,6,5,130,84,9.29,16.8,KKR
Mohammad Nabi,spin,Middle,1,5,5,114,72,9.5,14.4,RR
Pulkit Narang,spin,Middle,2,6,5,128,84,9.14,16.8,KKR
BA Stokes,neutralish,PP,1,3,5,104,54,11.56,10.8,RR
D Wiese,pace,Middle,2,5,5,145,90,9.67,18.0,KKR
PWH de Silva,spin,Middle,1,10,5,154,96,9.62,19.2,RCB
Karan Lal,neutralish,Death,2,3,5,59,34,10.41,6.8,RR
M Pathirana,pace,Middle,2,8,5,111,72,9.25,14.4,RCB
Harshit Rana,pace,Middle,1,3,5,31,30,6.2,6.0,GT
A Zampa,spin,Death,2,5,5,93,55,10.15,11.0,SRH
Utkarsh Singh,spin,Middle,2,6,5,97,71,8.2,14.2,PBKS
AR Ramjani,spin,Death,2,6,5,79,58,8.17,11.6,PBKS
AK Markram,neutralish,Death,2,1,5,11,10,6.6,2.0,DC
V Nigam,spin,Death,1,7,5,92,48,11.5,9.6,GT
AK Markram,spin,Middle,1,6,5,89,66,8.09,13.2,DC
T Natarajan,neutralish,Middle,2,3,5,79,51,9.29,10.2,RR
HJ Manenti,pace,PP,2,8,5,106,78,8.15,15.6,RCB
Tanay Thyagarajan,spin,Middle,1,5,5,86,66,7.82,13.2,CSK
Shaheen Shah Afridi,pace,PP,1,7,5,106,72,8.83,14.4,DC
Imran Tahir,spin,Middle,2,5,5,92,78,7.08,15.6,RCB
YK Pathan,pace,Middle,2,6,5,130,84,9.29,16.8,
Akash Vasisht,spin,Middle,1,5,5,136,90,9.07,18.0,DC
Shadab Khan,spin,Death,2,6,5,76,54,8.44,10.8,SRH
Tanush Kotian,spin,PP,1,7,5,177,102,10.41,20.4,CSK
B Kumar,spin,Death,1,6,4,95,54,10.56,13.5,KKR
MG Erasmus,spin,PP,1,6,4,105,72,8.75,18.0,
R Ashwin,spin,PP,2,3,4,39,30,7.8,7.5,
R Parag,spin,Middle,2,3,4,26,24,6.5,6.0,GT
KA Maharaj,spin,PP,2,6,4,37,48,4.62,12.0,RCB
DR Sams,pace,PP,1,3,4,43,36,7.17,9.0,
Ramandeep Singh,pace,Middle,2,8,4,186,102,10.94,25.5,KKR
V Nigam,spin,Middle,1,6,4,177,108,9.83,27.0,GT
WG Jacks,spin,PP,2,5,4,100,60,10.0,15.0,LSG
Mohammad Ghazanfar,neutralish,Middle,1,5,4,122,72,10.17,18.0,RR
B Kumar,neutralish,Death,1,3,4,60,36,10.0,9.0,KKR
Mangesh Yadav,spin,Death,1,3,4,71,36,11.83,9.0,GT
R Shepherd,pace,PP,1,6,4,112,66,10.18,16.5,
RR Patel,spin,Middle,1,5,4,125,84,8.93,21.0,
R Sai Kishore,spin,Middle,1,4,4,93,66,8.45,16.5,SRH
Karan Lal,spin,Death,1,5,4,115,72,9.58,18.0,RR
T Natarajan,pace,Death,1,7,4,83,60,8.3,15.0,RR
Pulkit Narang,spin,Middle,1,5,4,64,78,4.92,19.5,KKR
Tanush Kotian,spin,Middle,2,7,4,189,114,9.95,28.5,CSK
Noor Ahmad,neutralish,Middle,2,4,4,139,78,10.69,19.5,MI
CH Gayle,spin,Death,1,5,4,120,54,13.33,13.5,RCB
Noor Ahmad,spin,Death,1,6,4,60,48,7.5,12.0,MI
Utkarsh Singh,neutralish,Middle,2,3,4,66,48,8.25,12.0,PBKS
GF Linde,spin,PP,2,4,4,84,48,10.5,12.0,GT
JJ Smit,pace,Death,1,3,4,25,30,5.0,7.5,PBKS
NT Ellis,spin,Middle,2,1,4,22,18,7.33,4.5,SRH
AK Markram,spin,Middle,2,5,4,65,54,7.22,13.5,DC
NT Ellis,pace,Middle,1,2,4,7,12,3.5,3.0,SRH
TA Boult,pace,PP,2,4,4,104,72,8.67,18.0,SRH
TA Boult,neutralish,PP,2,4,4,133,66,12.09,16.5,SRH
Harsh Dubey,neutralish,Death,2,2,4,51,24,12.75,6.0,DC
NT Ellis,neutralish,PP,1,10,4,77,66,7.0,16.5,SRH
PWH de Silva,spin,Middle,2,5,4,96,72,8.0,18.0,RCB
PWH de Silva,spin,PP,1,8,4,113,78,8.69,19.5,RCB
Pulkit Narang,neutralish,Middle,2,2,4,39,27,8.67,6.75,KKR
H Ssenyondo,neutralish,Death,2,3,4,42,30,8.4,7.5,LSG
Shivam Shukla,spin,Death,2,5,4,72,48,9.0,12.0,MI
Harsh Dubey,spin,Middle,2,4,4,69,60,6.9,15.0,DC
JC Archer,pace,PP,2,11,4,206,120,10.3,30.0,LSG
DS Rathi,spin,Middle,2,5,4,67,48,8.38,12.0,KKR
S Dube,pace,Middle,1,6,4,86,54,9.56,13.5,RR
Kuldeep Yadav,spin,Middle,1,5,4,102,72,8.5,18.0,LSG
Shahbaz Ahmed,spin,Middle,2,4,4,97,60,9.7,15.0,KKR
A Nagwaswalla,pace,Death,2,4,4,135,59,13.73,14.75,RR
Shashank Singh,pace,PP,1,5,4,110,60,11.0,15.0,PBKS
SH Johnson,pace,PP,2,4,4,41,48,5.12,12.0,RCB
SH Johnson,pace,Death,2,4,4,68,44,9.27,11.0,RCB
Arshdeep Singh,neutralish,Death,1,3,4,59,36,9.83,9.0,LSG
YS Chahal,spin,Death,2,5,4,65,41,9.51,10.25,CSK
Kuldeep Yadav,spin,Death,1,3,4,26,18,8.67,4.5,LSG
A Zampa,neutralish,Death,1,4,4,29,30,5.8,7.5,SRH
GD Phillips,spin,PP,1,4,4,37,24,9.25,6.0,RR
YK Pathan,neutralish,Middle,1,3,4,60,60,6.0,15.0,
LS Livingstone,spin,PP,1,7,4,141,78,10.85,19.5,KKR
Harshit Rana,pace,Death,2,4,4,33,21,9.43,5.25,GT
Arshdeep Singh,pace,PP,1,7,4,125,84,8.93,21.0,LSG
Arshdeep Singh,spin,PP,1,9,4,178,108,9.89,27.0,LSG
Akash Vasisht,neutralish,Middle,1,5,4,121,78,9.31,19.5,DC
Shashank Singh,spin,PP,1,8,4,142,96,8.88,24.0,PBKS
A Nagwaswalla,neutralish,Death,2,4,4,81,42,11.57,10.5,RR
MA Starc,pace,PP,1,9,4,109,78,8.38,19.5,KKR
M Prasidh Krishna,pace,Middle,1,7,4,280,162,10.37,40.5,KKR
Imran Tahir,neutralish,Death,1,2,4,48,30,9.6,7.5,RCB
Ravi Teja,pace,Death,1,8,4,175,96,10.94,24.0,MI
DAJ Bracewell,pace,PP,2,4,4,112,72,9.33,18.0,
A Nagwaswalla,neutralish,Death,1,8,4,128,71,10.82,17.75,RR
M Siddharth,spin,Death,1,6,4,71,42,10.14,10.5,CSK
S Dube,neutralish,Death,1,8,4,141,66,12.82,16.5,RR
Fazalhaq Farooqi,pace,PP,2,2,4,41,36,6.83,9.0,CSK
M Prasidh Krishna,pace,Middle,2,3,4,133,72,11.08,18.0,KKR
JN Loftie-Eaton,spin,PP,1,3,3,42,36,7.0,12.0,RR
C Sakariya,pace,Middle,1,4,3,114,84,8.14,28.0,RR
A Zampa,neutralish,Death,2,4,3,65,36,10.83,12.0,SRH
Naveen-ul-Haq,neutralish,Death,1,2,3,35,24,8.75,8.0,CSK
Naveen-ul-Haq,pace,Death,1,6,3,115,78,8.85,26.0,CSK
Yudhvir Singh,pace,PP,2,3,3,109,54,12.11,18.0,
Kuldeep Yadav,spin,PP,1,5,3,51,30,10.2,10.0,LSG
A Nagwaswalla,neutralish,PP,2,5,3,97,66,8.82,22.0,RR
Khrievitso Kense,spin,PP,1,6,3,79,54,8.78,18.0,MI
NT Ellis,pace,Death,2,2,3,41,24,10.25,8.0,SRH
Usman Khan (2),neutralish,Death,2,1,3,6,6,6.0,2.0,
Khushdil Shah,spin,Middle,1,5,3,51,48,6.38,16.0,
V Nigam,neutralish,Death,1,3,3,41,18,13.67,6.0,GT
LS Livingstone,spin,PP,2,7,3,121,78,9.31,26.0,KKR
KA Pollard,pace,Middle,2,3,3,29,30,5.8,10.0,CSK
Mohit Redkar,neutralish,Middle,1,2,3,75,48,9.38,16.0,
K Kartikeya,spin,Middle,1,5,3,120,78,9.23,26.0,KKR
A Zampa,spin,Death,1,3,3,40,30,8.0,10.0,SRH
Washington Sundar,spin,PP,2,6,3,144,90,9.6,30.0,GT
MJ Owen,pace,Middle,1,5,3,99,60,9.9,20.0,DC
WG Jacks,spin,PP,1,9,3,125,90,8.33,30.0,LSG
Chirag Jani,spin,PP,2,3,3,76,48,9.5,16.0,RCB
MP Yadav,neutralish,Middle,2,2,3,24,18,8.0,6.0,PBKS
WG Jacks,spin,Death,2,2,3,16,17,5.65,5.67,LSG
Geet Puri,neutralish,Death,1,1,3,9,16,3.38,5.33,CSK
KA Maharaj,neutralish,Death,1,2,3,10,11,5.45,3.67,RCB
AD Russell,pace,PP,2,8,3,242,114,12.74,38.0,DC
MP Yadav,spin,PP,2,6,3,51,36,8.5,12.0,PBKS
MR Marsh,pace,Middle,1,4,3,93,54,10.33,18.0,MI
Cheepurapalli Stephen,pace,PP,2,2,3,15,18,5.0,6.0,RR
MR Marsh,pace,PP,1,4,3,59,42,8.43,14.0,MI
YS Chahal,neutralish,Death,1,4,3,45,21,12.86,7.0,CSK
M Jansen,pace,Middle,1,2,3,56,30,11.2,10.0,
Mayank Dagar,spin,Middle,2,3,3,87,54,9.67,18.0,
Mohammad Amir,pace,Death,1,1,3,6,6,6.0,2.0,LSG
M Pathirana,pace,Death,2,6,3,48,37,7.78,12.33,RCB
V Puthur,spin,PP,1,6,3,126,102,7.41,34.0,SRH
Mohammad Ghazanfar,spin,Middle,2,8,3,138,90,9.2,30.0,RR
YS Chahal,neutralish,Death,2,5,3,80,38,12.63,12.67,CSK
V Nigam,spin,Death,2,2,3,33,12,16.5,4.0,GT
Mohammad Ghazanfar,spin,PP,1,4,3,24,24,6.0,8.0,RR
H Ssenyondo,spin,Middle,2,4,3,69,60,6.9,20.0,LSG
HJ Manenti,neutralish,Death,1,3,3,63,36,10.5,12.0,RCB
Mohammad Nabi,spin,Middle,2,3,3,17,24,4.25,8.0,RR
A Zampa,neutralish,Middle,1,5,3,88,60,8.8,20.0,SRH
JR Hazlewood,pace,Middle,2,5,3,121,84,8.64,28.0,MI
Mohammed Shami,pace,PP,2,4,3,87,48,10.88,16.0,MI
D Wiese,pace,Middle,1,4,3,129,72,10.75,24.0,KKR
Sanvir Singh,pace,Middle,2,2,3,50,30,10.0,10.0,PBKS
Tanush Kotian,pace,Middle,1,7,3,205,126,9.76,42.0,CSK
Ravi Teja,spin,Death,2,2,3,22,18,7.33,6.0,MI
Ravi Teja,pace,Death,2,5,3,70,45,9.33,15.0,MI
Ashwin Das,pace,Death,2,2,3,6,7,5.14,2.33,LSG
Ravi Bishnoi,spin,Death,2,3,3,31,17,10.94,5.67,
Fazalhaq Farooqi,neutralish,Middle,1,4,3,122,90,8.13,30.0,CSK
Rasikh Salam,pace,Death,1,3,3,42,30,8.4,10.0,SRH
JC Archer,neutralish,PP,2,4,3,47,42,6.71,14.0,LSG
Shivam Shukla,spin,PP,2,4,3,101,48,12.62,16.0,MI
Atharva Ankolekar,spin,Death,2,3,3,51,31,9.87,10.33,RR
Abdul Samad,spin,Middle,2,4,3,48,36,8.0,12.0,SRH
JC Archer,pace,Middle,1,3,3,58,36,9.67,12.0,LSG
RD Chahar,spin,Death,1,3,3,75,42,10.71,14.0,
Avesh Khan,neutralish,PP,2,4,3,47,30,9.4,10.0,LSG
Avesh Khan,pace,Death,1,4,3,60,30,12.0,10.0,LSG
R Shepherd,pace,Middle,1,7,3,113,72,9.42,24.0,
R Shepherd,pace,Death,1,4,3,36,24,9.0,8.0,
DJ Bravo,pace,Middle,2,3,3,46,36,7.67,12.0,
S Dube,neutralish,Death,2,4,3,64,30,12.8,10.0,RR
R Sai Kishore,spin,Middle,2,9,3,181,96,11.31,32.0,SRH
Shashank Singh,pace,PP,2,10,3,251,126,11.95,42.0,PBKS
Fazalhaq Farooqi,spin,Middle,2,3,3,68,66,6.18,22.0,CSK
Fazalhaq Farooqi,spin,Middle,1,1,3,33,24,8.25,8.0,CSK
SS Ghosh,pace,Middle,2,3,3,44,30,8.8,10.0,RCB
Arshad Khan,neutralish,Middle,1,3,3,48,30,9.6,10.0,MI
Shadab Khan,spin,PP,2,8,3,65,54,7.22,18.0,SRH
SP Narine,neutralish,Middle,1,3,3,108,66,9.82,22.0,PBKS
Arshad Khan,pace,PP,1,3,3,55,30,11.0,10.0,MI
SL Malinga,pace,Death,1,2,3,28,18,9.33,6.0,
S Lamichhane,spin,Middle,1,9,3,87,84,6.21,28.0,KKR
Harshit Rana,pace,Middle,2,5,3,57,36,9.5,12.0,GT
Abrar Ahmed,spin,Death,1,3,3,55,36,9.17,12.0,RCB
Shaheen Shah Afridi,spin,Death,2,6,3,88,48,11.0,16.0,DC
Arshdeep Singh,spin,PP,2,5,3,95,60,9.5,20.0,LSG
S Dube,spin,Middle,1,6,3,111,78,8.54,26.0,RR
Shakib Al Hasan,spin,PP,2,6,3,72,72,6.0,24.0,
Azmatullah Omarzai,pace,Middle,2,4,3,47,48,5.88,16.0,
R Shepherd,pace,PP,2,4,3,73,36,12.17,12.0,
PWH de Silva,neutralish,Death,1,4,3,54,30,10.8,10.0,RCB
AR Patel,spin,Middle,2,4,3,45,36,7.5,12.0,GT
GF Linde,spin,PP,1,8,3,94,72,7.83,24.0,GT
GF Linde,spin,Middle,1,4,3,64,48,8.0,16.0,GT
AR Ramjani,spin,PP,1,3,3,33,24,8.25,8.0,PBKS
JJ Bumrah,neutralish,Death,2,5,3,77,41,11.27,13.67,DC
R Parag,neutralish,Middle,2,4,3,57,30,11.4,10.0,GT
JJ Smit,neutralish,PP,2,2,3,30,24,7.5,8.0,PBKS
R Sai Kishore,neutralish,Middle,1,3,3,50,48,6.25,16.0,SRH
B Kumar,spin,PP,2,3,3,101,54,11.22,18.0,KKR
Swapnil Singh,neutralish,Middle,2,4,3,109,66,9.91,22.0,
GF Linde,pace,PP,2,3,3,51,36,8.5,12.0,GT
HV Patel,neutralish,Death,1,3,3,84,36,14.0,12.0,
JG Bethell,pace,Middle,1,3,3,69,36,11.5,12.0,GT
R Sai Kishore,spin,Death,1,4,3,39,24,9.75,8.0,SRH
Noor Ahmad,pace,Middle,2,1,3,26,24,6.5,8.0,MI
JJ Smit,pace,Death,2,5,3,79,42,11.29,14.0,PBKS
AR Patel,neutralish,Middle,1,3,3,61,42,8.71,14.0,GT
GF Linde,neutralish,PP,2,6,3,104,54,11.56,18.0,GT
Tanush Kotian,neutralish,Middle,2,5,3,122,78,9.38,26.0,CSK
JJ Bumrah,pace,Middle,1,9,3,117,78,9.0,26.0,DC
Sufiyan Muqeem,spin,Death,2,1,3,0,4,0.0,1.33,GT
H Ssenyondo,spin,Death,2,4,2,49,30,9.8,15.0,LSG
Harsh Tyagi,spin,PP,1,1,2,6,12,3.0,6.0,
JM Coles,spin,Middle,1,4,2,115,90,7.67,45.0,MI
Harsh Tyagi,neutralish,Middle,2,1,2,19,12,9.5,6.0,
JR Hazlewood,neutralish,Middle,2,5,2,136,84,9.71,42.0,MI
JA Duffy,pace,Death,1,2,2,46,30,9.2,15.0,KKR
Imran Tahir,spin,PP,2,4,2,101,54,11.22,27.0,RCB
JJ Smit,neutralish,Middle,2,2,2,23,24,5.75,12.0,PBKS
Harshit Rana,pace,PP,2,5,2,76,54,8.44,27.0,GT
JN Loftie-Eaton,spin,PP,2,5,2,102,72,8.5,36.0,RR
Karan Lal,pace,Middle,1,4,2,101,60,10.1,30.0,RR
Imran Tahir,spin,Middle,1,4,2,104,66,9.45,33.0,RCB
H Ssenyondo,pace,Death,2,1,2,7,6,7.0,3.0,LSG
Hemang Patel,pace,PP,2,3,2,22,18,7.33,9.0,
JJ Bumrah,pace,Middle,2,10,2,135,96,8.44,48.0,DC
JN Loftie-Eaton,neutralish,Death,1,3,2,28,18,9.33,9.0,RR
JR Hazlewood,pace,PP,2,5,2,67,36,11.17,18.0,MI
JA Duffy,pace,PP,1,2,2,13,18,4.33,9.0,KKR
HJ Manenti,neutralish,PP,2,4,2,99,66,9.0,33.0,RCB
JG Bethell,neutralish,PP,2,2,2,34,24,8.5,12.0,GT
Harsh Dubey,spin,Death,2,4,2,38,24,9.5,12.0,DC
Harsh Dubey,spin,Middle,1,5,2,98,60,9.8,30.0,DC
JDS Neesham,pace,Middle,2,6,2,107,54,11.89,27.0,
HH Pandya,pace,PP,1,3,2,48,30,9.6,15.0,SRH
Harsh Dubey,neutralish,Middle,1,3,2,67,48,8.38,24.0,DC
K Kartikeya,spin,PP,1,3,2,31,24,7.75,12.0,KKR
JJ Smit,pace,Middle,1,2,2,13,12,6.5,6.0,PBKS
KA Maharaj,neutralish,PP,2,2,2,16,18,5.33,9.0,RCB
HH Pandya,neutralish,Middle,2,6,2,112,66,10.18,33.0,SRH
JDS Neesham,pace,Middle,1,4,2,37,24,9.25,12.0,
JDS Neesham,neutralish,PP,2,2,2,23,24,5.75,12.0,
JC Archer,pace,Middle,2,6,2,87,54,9.67,27.0,LSG
JG Bethell,spin,Death,2,1,2,23,12,11.5,6.0,GT
HH Pandya,neutralish,Middle,1,7,2,149,102,8.76,51.0,SRH
JG Bethell,spin,PP,2,1,2,20,12,10.0,6.0,GT
HJ Manenti,neutralish,PP,1,3,2,53,36,8.83,18.0,RCB
JJ Bumrah,neutralish,Middle,1,3,2,22,18,7.33,9.0,DC
Harsh Tyagi,neutralish,Death,1,1,2,20,12,10.0,6.0,
Jagjit Singh,pace,PP,1,3,2,104,48,13.0,24.0,MI
JA Duffy,spin,Death,1,2,2,24,12,12.0,6.0,KKR
KK Ahmed,neutralish,PP,1,2,2,69,30,13.8,15.0,
Pulkit Narang,pace,Death,2,2,2,14,12,7.0,6.0,KKR
Karan Lal,pace,Middle,2,2,2,69,42,9.86,21.0,RR
Sonu Yadav,pace,Middle,2,2,2,47,30,9.4,15.0,CSK
Sikandar Raza,spin,PP,2,3,2,38,30,7.6,15.0,
Sikandar Raza,spin,Death,2,2,2,22,18,7.33,9.0,
Shivam Shukla,spin,PP,1,3,2,52,36,8.67,18.0,MI
Shivam Shukla,spin,Death,1,3,2,29,24,7.25,12.0,MI
Shaheen Shah Afridi,spin,PP,2,6,2,153,96,9.56,48.0,DC
Shaheen Shah Afridi,spin,PP,1,2,2,57,30,11.4,15.0,DC
Shaheen Shah Afridi,spin,Death,1,2,2,34,18,11.33,9.0,DC
Shaheen Shah Afridi,neutralish,PP,2,3,2,87,42,12.43,21.0,DC
Shaheen Shah Afridi,neutralish,PP,1,4,2,91,48,11.38,24.0,DC
Shaheen Shah Afridi,neutralish,Death,2,3,2,52,30,10.4,15.0,DC
Shaheen Shah Afridi,neutralish,Death,1,4,2,90,48,11.25,24.0,DC
Shahbaz Ahmed,spin,PP,1,2,2,46,24,11.5,12.0,KKR
Shahbaz Ahmed,spin,Middle,1,4,2,61,36,10.17,18.0,KKR
Shahbaz Ahmed,spin,Death,2,2,2,19,12,9.5,6.0,KKR
Shahbaz Ahmed,spin,Death,1,4,2,34,24,8.5,12.0,KKR
Shadab Khan,spin,PP,1,3,2,38,24,9.5,12.0,SRH
Shadab Khan,spin,Middle,2,9,2,100,72,8.33,36.0,SRH
Sanvir Singh,neutralish,Middle,2,1,2,4,6,4.0,3.0,PBKS
Samant Jakhar,pace,Middle,1,2,2,31,18,10.33,9.0,
Samant Jakhar,neutralish,Middle,1,1,2,7,6,7.0,3.0,
Saim Ayub,spin,Death,1,1,2,26,12,13.0,6.0,SRH
SP Narine,neutralish,Middle,2,2,2,65,42,9.29,21.0,PBKS
SL Malinga,pace,Middle,2,5,2,41,36,6.83,18.0,
SH Johnson,pace,Middle,1,2,2,66,36,11.0,18.0,RCB
S Dube,neutralish,Middle,2,4,2,49,36,8.17,18.0,RR
Sonu Yadav,pace,Middle,1,2,2,45,30,9.0,15.0,CSK
Sufiyan Muqeem,spin,Death,1,3,2,37,18,12.33,9.0,GT
Ravi Bishnoi,neutralish,Middle,2,1,2,31,18,10.33,9.0,
Sufiyan Muqeem,spin,Middle,2,2,2,72,42,10.29,21.0,GT
Zeeshan Ansari,spin,PP,1,2,2,39,30,7.8,15.0,RR
Zeeshan Ansari,neutralish,Middle,1,2,2,46,18,15.33,9.0,RR
Yudhvir Singh,pace,PP,1,1,2,21,18,7.0,9.0,
Yudhvir Singh,neutralish,PP,2,2,2,61,36,10.17,18.0,
YS Chahal,neutralish,Middle,2,4,2,59,36,9.83,18.0,CSK
YK Pathan,pace,Middle,1,6,2,81,60,8.1,30.0,
Washington Sundar,spin,Middle,2,5,2,69,45,9.2,22.5,GT
WG Jacks,neutralish,Middle,1,3,2,52,42,7.43,21.0,LSG
WG Jacks,neutralish,Death,2,2,2,22,12,11.0,6.0,LSG
VR Iyer,pace,Middle,1,2,2,53,30,10.6,15.0,SRH
VG Arora,pace,PP,1,1,2,38,18,12.67,9.0,
V Puthur,spin,Middle,1,3,2,56,30,11.2,15.0,SRH
V Nigam,pace,Death,1,1,2,5,6,5.0,3.0,GT
V Nigam,neutralish,Middle,1,4,2,101,60,10.1,30.0,GT
Utkarsh Singh,spin,Middle,1,4,2,76,48,9.5,24.0,PBKS
Tripuresh Singh,pace,PP,2,2,2,62,36,10.33,18.0,SRH
Tripuresh Singh,pace,Middle,1,1,2,21,12,10.5,6.0,SRH
Tanush Kotian,pace,Middle,2,2,2,68,36,11.33,18.0,CSK
Tanay Thyagarajan,spin,PP,1,5,2,48,42,6.86,21.0,CSK
Tanay Thyagarajan,spin,Middle,2,2,2,24,12,12.0,6.0,CSK
Tanay Thyagarajan,spin,Death,1,6,2,54,36,9.0,18.0,CSK
TA Boult,neutralish,Middle,2,4,2,45,30,9.0,15.0,SRH
TA Boult,neutralish,Middle,1,2,2,28,18,9.33,9.0,SRH
T Natarajan,spin,PP,1,1,2,30,12,15.0,6.0,RR
T Natarajan,pace,PP,1,6,2,139,78,10.69,39.0,RR
Ravi Teja,spin,Middle,2,1,2,28,18,9.33,9.0,MI
Rasikh Salam,pace,Middle,2,4,2,104,60,10.4,30.0,SRH
Karan Lal,spin,Middle,2,6,2,92,54,10.22,27.0,RR
Nithish Kumar Reddy,neutralish,Middle,1,6,2,123,72,10.25,36.0,GT
Naveen-ul-Haq,pace,Death,2,2,2,51,24,12.75,12.0,CSK
Naseem Shah,pace,PP,2,9,2,150,108,8.33,54.0,RR
Naseem Shah,neutralish,PP,2,2,2,26,24,6.5,12.0,RR
Naman Tiwari,pace,PP,1,2,2,45,36,7.5,18.0,CSK
NT Ellis,spin,Death,1,2,2,11,12,5.5,6.0,SRH
NT Ellis,pace,PP,2,3,2,35,30,7.0,15.0,SRH
NT Ellis,pace,PP,1,5,2,51,36,8.5,18.0,SRH
Mohammed Shami,pace,Middle,2,4,2,48,36,8.0,18.0,MI
Mohammed Shami,pace,Middle,1,3,2,42,30,8.4,15.0,MI
Mohammed Shami,pace,Death,2,2,2,17,12,8.5,6.0,MI
Mohammad Ghazanfar,neutralish,PP,1,4,2,41,30,8.2,15.0,RR
Mohammad Amir,pace,PP,2,3,2,49,36,8.17,18.0,LSG
Mayank Dagar,spin,Middle,1,1,2,42,24,10.5,12.0,
MP Yadav,spin,Death,1,2,2,55,24,13.75,12.0,PBKS
MP Yadav,pace,PP,2,6,2,85,42,12.14,21.0,PBKS
MP Yadav,pace,Middle,2,8,2,81,60,8.1,30.0,PBKS
MP Yadav,pace,Middle,1,5,2,60,42,8.57,21.0,PBKS
MJ Owen,pace,Middle,2,6,2,113,60,11.3,30.0,DC
MJ Owen,neutralish,Death,2,5,2,84,36,14.0,18.0,DC
MG Erasmus,spin,Middle,1,6,2,56,54,6.22,27.0,
M Siddharth,spin,PP,2,1,2,26,18,8.67,9.0,CSK
M Siddharth,spin,Death,2,3,2,60,24,15.0,12.0,CSK
M Pathirana,spin,Middle,1,1,2,16,12,8.0,6.0,RCB
Khrievitso Kense,spin,Middle,2,3,2,50,36,8.33,18.0,MI
Khrievitso Kense,spin,Middle,1,6,2,124,90,8.27,45.0,MI
Naveen-ul-Haq,pace,PP,1,5,2,104,54,11.56,27.0,CSK
Nithish Kumar Reddy,pace,Middle,1,5,2,106,72,8.83,36.0,GT
Rashid Khan,spin,Middle,1,3,2,28,24,7.0,12.0,
Nithish Kumar Reddy,pace,Middle,2,2,2,38,30,7.6,15.0,GT
RS Hangargekar,pace,Middle,1,3,2,93,48,11.62,24.0,
RR Patel,spin,PP,1,5,2,64,30,12.8,15.0,
RE van der Merwe,spin,Middle,2,1,2,21,12,10.5,6.0,CSK
RE van der Merwe,spin,Death,1,2,2,57,24,14.25,12.0,CSK
RA Jadeja,pace,Middle,1,4,2,52,36,8.67,18.0,LSG
RA Jadeja,neutralish,Middle,1,3,2,54,36,9.0,18.0,LSG
RA Jadeja,neutralish,Death,1,1,2,30,12,15.0,6.0,LSG
R Sanjay Yadav,spin,Middle,1,1,2,33,12,16.5,6.0,
R Sai Kishore,spin,PP,1,2,2,41,30,8.2,15.0,SRH
R Sai Kishore,pace,Death,1,1,2,33,18,11.0,9.0,SRH
R Sai Kishore,neutralish,PP,2,4,2,71,42,10.14,21.0,SRH
R Parag,spin,Middle,1,8,2,116,66,10.55,33.0,GT
R Ashwin,spin,Middle,2,1,2,3,6,3.0,3.0,
R Ashwin,spin,Death,2,2,2,37,20,11.1,10.0,
R Ashwin,spin,Death,1,4,2,50,24,12.5,12.0,
Pulkit Narang,pace,Middle,2,3,2,82,54,9.11,27.0,KKR
PWH de Silva,pace,PP,1,4,2,40,30,8.0,15.0,RCB
PWH de Silva,pace,Middle,1,6,2,175,96,10.94,48.0,RCB
PWH de Silva,neutralish,PP,1,3,2,30,24,7.5,12.0,RCB
PJ Cummins,pace,PP,1,2,2,18,12,9.0,6.0,
PJ Cummins,pace,Middle,2,1,2,18,12,9.0,6.0,
PHKD Mendis,spin,Middle,2,4,2,54,36,9.0,18.0,PBKS
Noor Ahmad,pace,Middle,1,2,2,82,48,10.25,24.0,MI
Noor Ahmad,neutralish,Middle,1,4,2,108,66,9.82,33.0,MI
Noor Ahmad,neutralish,Death,2,2,2,9,12,4.5,6.0,MI
H Ssenyondo,neutralish,Middle,1,1,2,29,18,9.67,9.0,LSG
Zeeshan Ansari,spin,PP,2,1,2,22,12,11.0,6.0,RR
D Brevis,spin,Middle,1,3,2,41,30,8.2,15.0,GT
Fazalhaq Farooqi,neutralish,PP,2,2,2,33,24,8.25,12.0,CSK
CV Varun,neutralish,Death,2,2,2,12,12,6.0,6.0,PBKS
Akash Vasisht,spin,Middle,2,3,2,68,48,8.5,24.0,DC
Ehsan Khan,pace,Death,1,2,2,43,24,10.75,12.0,MI
Ehsan Khan,spin,Death,1,2,2,63,36,10.5,18.0,MI
CH Gayle,neutralish,Death,1,1,2,37,18,12.33,9.0,RCB
Esakkimuthu A,pace,Middle,1,1,2,27,24,6.75,12.0,RCB
C Green,spin,Middle,2,2,2,80,42,11.43,21.0,KKR
AD Russell,neutralish,PP,1,3,2,83,42,11.86,21.0,DC
Arshad Khan,neutralish,PP,1,2,2,49,18,16.33,9.0,MI
Ashutosh Sharma,neutralish,PP,1,3,2,84,42,12.0,21.0,GT
Arshad Khan,pace,Death,1,3,2,27,18,9.0,9.0,MI
GD Phillips,neutralish,Middle,2,1,2,16,12,8.0,6.0,RR
BJ McMullen,pace,PP,1,3,2,32,18,10.67,9.0,DC
GD Phillips,neutralish,PP,2,1,2,10,6,10.0,3.0,RR
AA Kulkarni,neutralish,Middle,2,3,2,26,24,6.5,12.0,GT
B Muzarabani,pace,Death,2,1,2,29,12,14.5,6.0,GT
Arshdeep Singh,neutralish,PP,1,3,2,52,30,10.4,15.0,LSG
GF Linde,pace,Middle,2,3,2,50,36,8.33,18.0,GT
DS Rathi,spin,Death,2,2,2,53,30,10.6,15.0,KKR
Abrar Ahmed,neutralish,Middle,2,4,2,63,54,7.0,27.0,RCB
Abhishek Tanwar,pace,PP,1,1,2,22,6,22.0,3.0,MI
CV Varun,spin,Death,1,2,2,14,12,7.0,6.0,PBKS
AR Ramjani,pace,Middle,1,5,2,144,96,9.0,48.0,PBKS
AR Ramjani,pace,Death,2,1,2,3,6,3.0,3.0,PBKS
AR Ramjani,pace,Middle,2,4,2,68,48,8.5,24.0,PBKS
D Wiese,spin,Middle,1,4,2,48,30,9.6,15.0,KKR
AR Ramjani,spin,Death,1,4,2,68,42,9.71,21.0,PBKS
AS Roy,neutralish,PP,1,1,2,34,12,17.0,6.0,RR
D Ferreira,spin,Middle,1,5,2,40,36,6.67,18.0,
AR Patel,neutralish,Death,1,2,2,57,24,14.25,12.0,GT
D Brevis,spin,Middle,2,3,2,56,30,11.2,15.0,GT
Abdul Samad,neutralish,Middle,2,4,2,70,42,10.0,21.0,SRH
Abdul Samad,pace,Middle,1,3,2,47,30,9.4,15.0,SRH
Chirag Jani,spin,Middle,1,3,2,40,30,8.0,15.0,RCB
DR Sams,pace,Death,1,4,2,74,42,10.57,21.0,
DR Sams,pace,Death,2,3,2,24,24,6.0,12.0,
Cheepurapalli Stephen,pace,Middle,1,2,2,43,30,8.6,15.0,RR
Abhishek Sharma,spin,Death,2,3,2,42,16,15.75,8.0,MI
CV Varun,spin,Death,2,3,2,26,18,8.67,9.0,PBKS
Azmatullah Omarzai,pace,PP,2,4,2,87,48,10.88,24.0,
AD Russell,pace,PP,1,7,2,192,96,12.0,48.0,DC
Ashwin Das,neutralish,Death,2,1,2,13,6,13.0,3.0,LSG
Gurnoor Brar,pace,Middle,1,2,2,54,24,13.5,12.0,DC
Avesh Khan,neutralish,Death,2,2,2,54,24,13.5,12.0,LSG
GJ Maxwell,neutralish,Middle,1,4,2,86,36,14.33,18.0,DC
Ashwin Das,pace,Middle,1,2,2,37,24,9.25,12.0,LSG
Ashutosh Sharma,pace,Middle,1,4,2,70,48,8.75,24.0,GT
Gurnoor Brar,pace,Middle,2,3,2,79,48,9.88,24.0,DC
Ashwani Kumar,pace,Death,1,2,2,47,24,11.75,12.0,
Ashutosh Sharma,pace,Death,2,1,2,0,2,0.0,1.0,GT
Ashwin Das,neutralish,Middle,2,2,2,65,42,9.29,21.0,LSG
Shubhang Hegde,spin,PP,1,2,1,49,24,12.25,24.0,LSG
MR Marsh,neutralish,Middle,1,5,1,87,42,12.43,42.0,MI
Shubhang Hegde,spin,Middle,1,2,1,23,18,7.67,18.0,LSG
Chirag Jani,neutralish,Middle,1,2,1,48,30,9.6,30.0,RCB
RA Bawa,neutralish,Middle,1,5,1,58,36,9.67,36.0,SRH
Sikandar Raza,pace,Middle,1,1,1,24,12,12.0,12.0,
Cheepurapalli Stephen,pace,PP,1,2,1,23,12,11.5,12.0,RR
MW Short,neutralish,Middle,1,2,1,33,24,8.25,24.0,SRH
Atharva Ankolekar,neutralish,PP,1,2,1,18,18,6.0,18.0,RR
Ravi Teja,neutralish,Middle,2,3,1,64,42,9.14,42.0,MI
Shivank Vashisth,spin,Middle,1,1,1,28,18,9.33,18.0,
MW Short,spin,Middle,1,2,1,25,24,6.25,24.0,SRH
MR Marsh,pace,Middle,2,1,1,31,18,10.33,18.0,MI
MP Yadav,spin,Middle,2,5,1,41,26,9.46,26.0,PBKS
MP Yadav,spin,PP,1,1,1,19,12,9.5,12.0,PBKS
MW Short,spin,PP,1,2,1,16,12,8.0,12.0,SRH
Sikandar Raza,spin,Death,1,1,1,23,12,11.5,12.0,
MP Yadav,spin,Death,2,3,1,26,27,5.78,27.0,PBKS
Chirag Jani,neutralish,PP,2,3,1,56,36,9.33,36.0,RCB
Chirag Jani,pace,Middle,2,7,1,175,108,9.72,108.0,RCB
MP Yadav,pace,PP,1,3,1,51,24,12.75,24.0,PBKS
Chirag Jani,pace,PP,1,4,1,84,54,9.33,54.0,RCB
Chirag Jani,pace,PP,2,1,1,17,12,8.5,12.0,RCB
Ravi Teja,neutralish,Middle,1,1,1,28,18,9.33,18.0,MI
Chirag Jani,spin,Middle,2,3,1,50,24,12.5,24.0,RCB
MP Yadav,neutralish,PP,2,3,1,55,30,11.0,30.0,PBKS
Chirag Jani,spin,PP,1,2,1,59,24,14.75,24.0,RCB
MW Short,spin,Middle,2,1,1,19,12,9.5,12.0,SRH
Mangesh Yadav,spin,Death,2,1,1,2,6,2.0,6.0,GT
Abhishek Prabhakar,pace,Middle,1,1,1,29,24,7.25,24.0,CSK
Shivam Shukla,neutralish,PP,1,1,1,23,12,11.5,12.0,MI
Atharva Ankolekar,spin,Middle,2,1,1,12,10,7.2,10.0,RR
Mohammad Nabi,spin,Death,2,3,1,17,18,5.67,18.0,RR
Atharva Ankolekar,spin,Middle,1,2,1,18,24,4.5,24.0,RR
Abhishek Tanwar,pace,Death,1,1,1,33,18,11.0,18.0,MI
Shakib Al Hasan,spin,Death,2,2,1,7,12,3.5,12.0,
Mohammad Nabi,neutralish,PP,1,1,1,6,6,6.0,6.0,RR
Mohammad Nabi,neutralish,Death,2,1,1,15,6,15.0,6.0,RR
Mohammad Nabi,neutralish,Death,1,1,1,4,6,4.0,6.0,RR
Ashwin Das,neutralish,Middle,1,1,1,14,12,7.0,12.0,LSG
CV Varun,spin,PP,2,6,1,57,36,9.5,36.0,PBKS
Mohammad Ghazanfar,spin,Death,1,2,1,24,12,12.0,12.0,RR
Shashank Singh,neutralish,Death,2,1,1,18,6,18.0,6.0,PBKS
Mohammad Ghazanfar,neutralish,Death,1,3,1,32,18,10.67,18.0,RR
Cheepurapalli Stephen,neutralish,PP,1,1,1,16,12,8.0,12.0,RR
Shashank Singh,neutralish,PP,2,5,1,102,60,10.2,60.0,PBKS
Mohammad Amir,pace,Middle,2,3,1,28,18,9.33,18.0,LSG
Shashank Singh,pace,Death,1,1,1,11,6,11.0,6.0,PBKS
Shashank Singh,pace,Middle,1,1,1,10,6,10.0,6.0,PBKS
Cheepurapalli Stephen,neutralish,PP,2,2,1,20,12,10.0,12.0,RR
Abhishek Sharma,spin,Middle,2,2,1,33,24,8.25,24.0,MI
Ramandeep Singh,neutralish,Middle,2,1,1,20,12,10.0,12.0,KKR
Ashwin Das,pace,Death,1,1,1,12,12,6.0,12.0,LSG
Manvanth Kumar L,pace,PP,1,2,1,24,12,12.0,12.0,PBKS
Manvanth Kumar L,pace,Middle,1,2,1,18,18,6.0,18.0,PBKS
Mangesh Yadav,spin,PP,2,1,1,20,12,10.0,12.0,GT
Mangesh Yadav,spin,PP,1,3,1,69,36,11.5,36.0,GT
D Brevis,neutralish,Middle,1,2,1,46,24,11.5,24.0,GT
MP Yadav,neutralish,Middle,1,1,1,17,12,8.5,12.0,PBKS
Abdul Samad,pace,Middle,2,2,1,12,12,6.0,12.0,SRH
Abdul Samad,spin,Middle,1,5,1,75,36,12.5,36.0,SRH
MP Stoinis,pace,PP,2,4,1,67,42,9.57,42.0,
Swapnil Singh,spin,Middle,2,1,1,8,6,8.0,6.0,
Swapnil Singh,spin,PP,2,1,1,24,12,12.0,12.0,
M Pathirana,spin,Death,1,2,1,58,24,14.5,24.0,RCB
M Pathirana,pace,PP,2,4,1,25,24,6.25,24.0,RCB
M Pathirana,pace,PP,1,3,1,26,18,8.67,18.0,RCB
A Kamboj,neutralish,PP,2,1,1,22,12,11.0,12.0,
D Wiese,pace,Death,1,1,1,6,6,6.0,6.0,KKR
AS Roy,neutralish,Middle,2,1,1,39,18,13.0,18.0,RR
M Pathirana,neutralish,PP,1,4,1,38,30,7.6,30.0,RCB
T Natarajan,neutralish,PP,1,3,1,78,48,9.75,48.0,RR
M Pathirana,neutralish,Middle,1,4,1,55,30,11.0,30.0,RCB
M Pathirana,neutralish,Death,2,2,1,71,24,17.75,24.0,RCB
T Natarajan,neutralish,PP,2,1,1,22,12,11.0,12.0,RR
M Markande,spin,Middle,2,2,1,37,30,7.4,30.0,LSG
T Natarajan,pace,Middle,1,4,1,52,30,10.4,30.0,RR
T Natarajan,pace,Middle,2,3,1,77,48,9.62,48.0,RR
AR Ramjani,spin,PP,2,2,1,11,12,5.5,12.0,PBKS
AR Ramjani,pace,PP,2,2,1,31,24,7.75,24.0,PBKS
AR Ramjani,pace,PP,1,3,1,21,18,7.0,18.0,PBKS
D Wiese,spin,Death,1,3,1,35,18,11.67,18.0,KKR
TA Boult,neutralish,PP,1,3,1,90,48,11.25,48.0,SRH
D Wiese,spin,PP,1,3,1,58,36,9.67,36.0,KKR
LS Livingstone,neutralish,PP,2,1,1,26,12,13.0,12.0,KKR
Rasikh Salam,neutralish,PP,1,1,1,20,12,10.0,12.0,SRH
LS Livingstone,neutralish,Death,1,2,1,54,24,13.5,24.0,KKR
Ashwin Das,pace,PP,1,1,1,18,12,9.0,12.0,LSG
Ravi Bishnoi,neutralish,Death,2,1,1,10,6,10.0,6.0,
Swapnil Singh,spin,Middle,1,1,1,17,12,8.5,12.0,
D Wiese,neutralish,Middle,2,2,1,43,36,7.17,36.0,KKR
M Shahrukh Khan,spin,Death,2,1,1,47,13,21.69,13.0,MI
Sumit Kumar,pace,Middle,2,1,1,24,12,12.0,12.0,
MP Stoinis,pace,PP,1,5,1,134,72,11.17,72.0,
Ravi Teja,pace,PP,1,2,1,31,18,10.33,18.0,MI
Rashid Khan,neutralish,Death,1,1,1,35,12,17.5,12.0,
MJ Owen,spin,Death,2,2,1,13,12,6.5,12.0,DC
Abdul Samad,neutralish,PP,2,1,1,34,18,11.33,18.0,SRH
Sufiyan Muqeem,neutralish,Death,2,1,1,6,7,5.14,7.0,GT
Sufiyan Muqeem,neutralish,Middle,2,1,1,21,12,10.5,12.0,GT
Ravi Teja,neutralish,Death,2,3,1,38,25,9.12,25.0,MI
AS Roy,spin,PP,1,3,1,77,48,9.62,48.0,RR
AS Roy,spin,Middle,1,1,1,4,6,4.0,6.0,RR
Sufiyan Muqeem,spin,PP,1,2,1,7,12,3.5,12.0,GT
MJ Owen,neutralish,Middle,1,1,1,4,6,4.0,6.0,DC
MJ Owen,neutralish,Death,1,3,1,50,30,10.0,30.0,DC
Ravi Bishnoi,spin,Death,1,1,1,24,12,12.0,12.0,
MG Erasmus,spin,PP,2,1,1,21,18,7.0,18.0,
D Brevis,spin,Death,2,1,1,16,6,16.0,6.0,GT
Sunny Sandhu,pace,Middle,1,2,1,35,24,8.75,24.0,DC
MA Starc,spin,Death,2,1,1,21,12,10.5,12.0,KKR
Ravi Bishnoi,spin,PP,2,3,1,45,30,9.0,30.0,
D Brevis,spin,PP,2,2,1,23,18,7.67,18.0,GT
Suryansh Shedge,pace,Middle,1,6,1,36,36,6.0,36.0,KKR
Suryansh Shedge,pace,Middle,2,2,1,18,12,9.0,12.0,KKR
Ravi Bishnoi,spin,Middle,2,3,1,58,36,9.67,36.0,
M Siddharth,spin,PP,1,6,1,163,90,10.87,90.0,CSK
M Siddharth,spin,Middle,2,3,1,32,18,10.67,18.0,CSK
D Ferreira,spin,PP,1,5,1,51,36,8.5,36.0,
Shaheen Shah Afridi,pace,PP,2,5,1,101,60,10.1,60.0,DC
Mohammed Shami,neutralish,PP,2,2,1,46,24,11.5,24.0,MI
Mohammad Nabi,spin,PP,1,5,1,86,42,12.29,42.0,RR
SN Netravalkar,neutralish,Death,1,1,1,41,18,13.67,18.0,
Prashant Veer,spin,PP,1,1,1,16,6,16.0,6.0,PBKS
Prashant Veer,spin,Middle,2,3,1,19,18,6.33,18.0,PBKS
SL Malinga,neutralish,PP,1,1,1,15,6,15.0,6.0,
S Dube,neutralish,PP,2,3,1,27,18,9.0,18.0,RR
BA Stokes,pace,PP,1,4,1,53,42,7.57,42.0,RR
Arshad Khan,spin,Middle,1,2,1,16,12,8.0,12.0,MI
PWH de Silva,spin,Death,2,4,1,61,30,12.2,30.0,RCB
SL Malinga,pace,PP,1,1,1,3,6,3.0,6.0,
BJ McMullen,pace,Middle,1,4,1,53,24,13.25,24.0,DC
BJ McMullen,pace,Middle,2,2,1,29,18,9.67,18.0,DC
SL Malinga,pace,PP,2,6,1,61,48,7.62,48.0,
PWH de Silva,neutralish,PP,2,3,1,48,18,16.0,18.0,RCB
Ashutosh Sharma,pace,PP,1,4,1,67,36,11.17,36.0,GT
PWH de Silva,neutralish,Death,2,3,1,53,24,13.25,24.0,RCB
Abrar Ahmed,neutralish,PP,2,1,1,9,12,4.5,12.0,RCB
H Ssenyondo,neutralish,Middle,2,3,1,65,42,9.29,42.0,LSG
RA Jadeja,spin,Middle,1,3,1,59,42,8.43,42.0,LSG
SN Thakur,neutralish,Middle,2,1,1,26,12,13.0,12.0,
SN Thakur,neutralish,PP,2,1,1,28,12,14.0,12.0,
C Connolly,neutralish,PP,1,1,1,12,12,6.0,12.0,
Arshad Khan,pace,Death,2,1,1,13,6,13.0,6.0,MI
PHKD Mendis,spin,PP,2,7,1,61,48,7.62,48.0,PBKS
RA Jadeja,spin,PP,1,2,1,43,18,14.33,18.0,LSG
PHKD Mendis,spin,Death,1,1,1,8,6,8.0,6.0,PBKS
PHKD Mendis,pace,Middle,1,3,1,47,24,11.75,24.0,PBKS
PHKD Mendis,neutralish,Middle,1,3,1,29,24,7.25,24.0,PBKS
SS Ghosh,pace,Death,1,1,1,14,12,7.0,12.0,RCB
Arshad Khan,neutralish,Death,1,1,1,7,6,7.0,6.0,MI
Prashant Veer,spin,PP,2,3,1,21,18,7.0,18.0,PBKS
SL Malinga,neutralish,Death,2,2,1,28,18,9.33,18.0,
BA Stokes,pace,Middle,1,4,1,39,30,7.8,30.0,RR
Pulkit Narang,spin,Death,2,4,1,65,42,9.29,42.0,KKR
R Shepherd,pace,Middle,2,2,1,35,30,7.0,30.0,
Avesh Khan,pace,PP,1,2,1,26,24,6.5,24.0,LSG
R Shepherd,pace,Death,2,3,1,44,30,8.8,30.0,
S Dube,spin,Death,1,2,1,29,12,14.5,12.0,RR
R Shepherd,neutralish,PP,2,3,1,90,36,15.0,36.0,
S Dube,pace,PP,1,4,1,68,30,13.6,30.0,RR
R Shepherd,neutralish,Middle,1,2,1,53,24,13.25,24.0,
RA Bawa,pace,Middle,2,1,1,23,12,11.5,12.0,SRH
B Kumar,neutralish,Middle,2,2,1,16,12,8.0,12.0,KKR
R Sai Kishore,spin,Death,2,6,1,92,42,13.14,42.0,SRH
S Gopal,spin,Middle,2,2,1,76,36,12.67,36.0,PBKS
B Kumar,spin,Death,2,2,1,11,12,5.5,12.0,KKR
S Gopal,spin,PP,2,1,1,4,12,2.0,12.0,PBKS
B Muzarabani,pace,Death,1,1,1,0,3,0.0,3.0,GT
S Lamichhane,neutralish,Middle,1,2,1,61,42,8.71,42.0,KKR
S Lamichhane,spin,Middle,2,5,1,78,54,8.67,54.0,KKR
B Muzarabani,pace,PP,1,1,1,11,12,5.5,12.0,GT
SH Johnson,neutralish,Death,2,2,1,37,12,18.5,12.0,RCB
B Sai Sudharsan,spin,Middle,1,1,1,11,6,11.0,6.0,CSK
R Ashwin,spin,PP,1,4,1,85,48,10.62,48.0,
R Ashwin,spin,Middle,1,2,1,22,18,7.33,18.0,
SH Johnson,neutralish,PP,1,1,1,16,12,8.0,12.0,RCB
R Ashwin,neutralish,PP,1,1,1,31,18,10.33,18.0,
Pulkit Narang,spin,PP,2,2,1,36,24,9.0,24.0,KKR
SH Johnson,pace,PP,1,2,1,47,24,11.75,24.0,RCB
Arshad Khan,spin,Middle,2,3,1,24,18,8.0,18.0,MI
SH Johnson,spin,Middle,2,1,1,12,6,12.0,6.0,RCB
Rishad Hossain,spin,Middle,2,2,1,45,30,9.0,30.0,
SS Ghosh,pace,PP,2,3,1,48,18,16.0,18.0,RCB
Rishad Hossain,spin,Death,2,1,1,15,6,15.0,6.0,
Shadab Khan,spin,Death,1,3,1,55,32,10.31,32.0,SRH
NT Ellis,spin,PP,1,1,1,40,18,13.33,18.0,SRH
Shadab Khan,spin,Middle,1,2,1,16,12,8.0,12.0,SRH
NT Ellis,spin,Middle,1,1,1,27,18,9.0,18.0,SRH
RR Patel,neutralish,Middle,1,1,1,34,24,8.5,24.0,
LI Meriwala,pace,PP,1,6,1,79,48,9.88,48.0,PBKS
Shahbaz Ahmed,neutralish,Death,2,1,1,8,6,8.0,6.0,KKR
Shahbaz Ahmed,pace,Death,1,1,1,13,6,13.0,6.0,KKR
Shahbaz Ahmed,pace,Death,2,2,1,24,12,12.0,12.0,KKR
CV Milind,neutralish,PP,2,1,1,39,18,13.0,18.0,
NT Ellis,neutralish,PP,2,5,1,43,30,8.6,30.0,SRH
Shahbaz Ahmed,pace,Middle,2,2,1,58,36,9.67,36.0,KKR
Akash Vasisht,neutralish,PP,2,3,1,60,30,12.0,30.0,DC
Akash Vasisht,neutralish,PP,1,3,1,63,30,12.6,30.0,DC
NA Rathva,spin,PP,2,1,1,8,12,4.0,12.0,
Abrar Ahmed,spin,PP,2,2,1,35,24,8.75,24.0,RCB
NA Rathva,spin,Middle,1,1,1,10,6,10.0,6.0,
Shahbaz Ahmed,spin,PP,2,2,1,57,24,14.25,24.0,KKR
Mohit Redkar,spin,Middle,1,1,1,33,24,8.25,24.0,
Mohit Redkar,pace,Middle,1,1,1,44,24,11.0,24.0,
Mohammed Shami,spin,Death,1,1,1,15,6,15.0,6.0,MI
Ravi Teja,pace,PP,2,1,1,7,6,7.0,6.0,MI
Mohammed Shami,pace,PP,1,3,1,80,36,13.33,36.0,MI
Abrar Ahmed,pace,Death,2,1,1,32,12,16.0,12.0,RCB
Abrar Ahmed,pace,Death,1,1,1,7,6,7.0,6.0,RCB
CV Varun,neutralish,PP,1,1,1,0,6,0.0,6.0,PBKS
Avesh Khan,pace,Middle,1,4,1,69,36,11.5,36.0,LSG
Shaheen Shah Afridi,pace,Middle,1,1,1,9,6,9.0,6.0,DC
Ravi Teja,spin,Death,1,1,1,20,12,10.0,12.0,MI
Naman Tiwari,neutralish,PP,1,1,1,26,18,8.67,18.0,CSK
Noor Ahmad,spin,PP,1,3,1,31,18,10.33,18.0,MI
Naseem Shah,neutralish,Middle,1,1,1,13,12,6.5,12.0,RR
C Connolly,spin,Middle,2,1,1,7,6,7.0,6.0,
SS Ghosh,spin,Middle,2,1,1,12,12,6.0,12.0,RCB
C Green,neutralish,Middle,1,1,1,21,18,7.0,18.0,KKR
C Green,neutralish,PP,1,1,1,15,12,7.5,12.0,KKR
C Green,spin,Middle,1,1,1,17,12,8.5,12.0,KKR
Rishabh Chouhan,spin,Middle,1,1,1,12,6,12.0,6.0,GT
C Green,spin,PP,1,1,1,7,6,7.0,6.0,KKR
C Sakariya,neutralish,Middle,1,1,1,9,6,9.0,6.0,RR
Nithish Kumar Reddy,spin,Middle,2,3,1,38,24,9.5,24.0,GT
Atharva Ankolekar,spin,PP,2,3,1,83,36,13.83,36.0,RR
Sakibul Gani,pace,PP,1,2,1,44,18,14.67,18.0,MI
C Sakariya,pace,Death,1,1,1,31,12,15.5,12.0,RR
Nithish Kumar Reddy,neutralish,PP,1,3,1,31,18,10.33,18.0,GT
Akshya Deka,spin,Middle,1,1,1,37,24,9.25,24.0,RCB
Samant Jakhar,neutralish,Middle,2,1,1,15,6,15.0,6.0,
Akshay Karnewar,spin,Middle,2,1,1,10,12,5.0,12.0,
Naveen-ul-Haq,pace,Middle,1,1,1,9,12,4.5,12.0,CSK
CH Gayle,pace,Death,2,1,1,22,12,11.0,12.0,RCB
RE van der Merwe,spin,PP,1,2,1,31,18,10.33,18.0,CSK
Naveen-ul-Haq,neutralish,Middle,2,1,1,20,12,10.0,12.0,CSK
CH Gayle,pace,Middle,2,1,1,12,12,6.0,12.0,RCB
Samant Jakhar,spin,PP,1,1,1,17,6,17.0,6.0,
Naseem Shah,pace,PP,1,3,1,76,36,12.67,36.0,RR
Naseem Shah,pace,Middle,1,3,1,57,36,9.5,36.0,RR
Akhil Scaria,pace,Death,1,1,1,37,12,18.5,12.0,RCB
Sanvir Singh,pace,Middle,1,2,1,42,24,10.5,24.0,PBKS
Naseem Shah,neutralish,Middle,2,2,1,32,24,8.0,24.0,RR
TA Boult,pace,Middle,1,8,1,79,48,9.88,48.0,SRH
A Kamboj,neutralish,Middle,2,1,1,8,6,8.0,6.0,
TA Boult,pace,Middle,2,5,1,51,36,8.5,36.0,SRH
A Zampa,neutralish,PP,1,3,1,25,18,8.33,18.0,SRH
JR Hazlewood,neutralish,PP,1,5,1,40,30,8.0,30.0,MI
DS Airee,spin,PP,2,1,1,34,18,11.33,18.0,
DS Rathi,neutralish,Middle,1,1,1,12,6,12.0,6.0,KKR
DS Rathi,neutralish,PP,1,1,1,25,18,8.33,18.0,KKR
AK Markram,neutralish,Death,1,1,1,10,6,10.0,6.0,DC
JN Loftie-Eaton,spin,Middle,1,1,1,13,12,6.5,12.0,RR
GD Phillips,spin,Middle,2,2,1,27,24,6.75,24.0,RR
A Zampa,pace,PP,2,1,1,35,18,11.67,18.0,SRH
JN Loftie-Eaton,neutralish,PP,1,3,1,50,30,10.0,30.0,RR
A Zampa,spin,Middle,1,3,1,33,30,6.6,30.0,SRH
A Zampa,spin,Middle,2,4,1,60,48,7.5,48.0,SRH
Harsh Tyagi,spin,PP,2,3,1,71,42,10.14,42.0,
JN Loftie-Eaton,neutralish,Death,2,1,1,21,12,10.5,12.0,RR
Harshit Rana,neutralish,Middle,2,2,1,19,18,6.33,18.0,GT
DS Rathi,pace,Middle,2,1,1,32,18,10.67,18.0,KKR
AJ Hosein,spin,PP,2,2,1,32,30,6.4,30.0,MI
AJ Hosein,spin,Middle,2,2,1,17,18,5.67,18.0,MI
AJ Hosein,spin,Middle,1,2,1,33,24,8.25,24.0,MI
A Zampa,spin,PP,1,2,1,14,12,7.0,12.0,SRH
DS Rathi,spin,PP,2,6,1,127,66,11.55,66.0,KKR
DW Lawrence,neutralish,PP,1,1,1,3,6,3.0,6.0,DC
JR Hazlewood,neutralish,PP,2,5,1,58,30,11.6,30.0,MI
GF Linde,neutralish,Death,2,4,1,52,24,13.0,24.0,GT
V Puthur,spin,Middle,2,2,1,50,24,12.5,24.0,SRH
DS Airee,spin,Middle,2,2,1,15,18,5.0,18.0,
KA Maharaj,spin,Middle,1,2,1,25,24,6.25,24.0,RCB
Usman Tariq,spin,Death,2,3,1,27,14,11.57,14.0,CSK
YS Chahal,spin,Middle,2,2,1,22,12,11.0,12.0,CSK
KA Maharaj,spin,Death,1,2,1,14,12,7.0,12.0,RCB
YS Chahal,spin,Middle,1,4,1,59,36,9.83,36.0,CSK
KA Maharaj,neutralish,Middle,2,3,1,32,24,8.0,24.0,RCB
Utkarsh Singh,pace,Middle,1,1,1,2,6,2.0,6.0,PBKS
A Sheth,neutralish,PP,2,1,1,4,6,4.0,6.0,
DR Sams,neutralish,PP,2,2,1,48,24,12.0,24.0,
Jagjit Singh,pace,PP,2,2,1,35,30,7.0,30.0,MI
DR Sams,pace,Middle,1,1,1,13,12,6.5,12.0,
YS Chahal,neutralish,PP,2,4,1,61,36,10.17,36.0,CSK
YS Chahal,neutralish,PP,1,4,1,79,36,13.17,36.0,CSK
Jagjit Singh,pace,Middle,2,1,1,16,12,8.0,12.0,MI
A Zampa,neutralish,Middle,2,4,1,62,42,8.86,42.0,SRH
Utkarsh Singh,spin,PP,1,2,1,13,12,6.5,12.0,PBKS
Harsh Dubey,neutralish,Middle,2,3,1,48,36,8.0,36.0,DC
AK Markram,neutralish,Middle,2,2,1,16,12,8.0,12.0,DC
GF Linde,neutralish,Middle,2,5,1,84,60,8.4,60.0,GT
DR Sams,pace,PP,2,2,1,40,24,10.0,24.0,
DS Airee,spin,Death,2,1,1,0,1,0.0,1.0,
Harshit Rana,neutralish,PP,2,2,1,59,30,11.8,30.0,GT
Harshit Rana,pace,Death,1,3,1,21,18,7.0,18.0,GT
Usman Khan (2),neutralish,Middle,2,1,1,8,6,8.0,6.0,
GD Phillips,neutralish,PP,1,2,1,18,12,9.0,12.0,RR
JDS Neesham,pace,PP,1,4,1,93,54,10.33,54.0,
AD Russell,pace,Middle,2,4,1,28,24,7.0,24.0,DC
VR Iyer,spin,Death,2,2,1,32,12,16.0,12.0,SRH
Imran Tahir,spin,Death,2,2,1,26,12,13.0,12.0,RCB
VR Iyer,spin,PP,2,3,1,36,18,12.0,18.0,SRH
Vidyadhar Patil,neutralish,PP,1,2,1,60,30,12.0,30.0,SRH
JC Archer,spin,Death,2,1,1,9,6,9.0,6.0,LSG
Ehsan Khan,spin,Death,2,1,1,15,6,15.0,6.0,MI
JC Archer,pace,PP,1,3,1,38,30,7.6,30.0,LSG
Ehsan Khan,spin,PP,1,2,1,16,12,8.0,12.0,MI
J Overton,neutralish,PP,2,1,1,3,6,3.0,6.0,GT
WG Jacks,spin,Death,1,6,1,106,42,15.14,42.0,LSG
JC Archer,neutralish,PP,1,3,1,63,30,12.6,30.0,LSG
JC Archer,neutralish,Middle,2,1,1,14,6,14.0,6.0,LSG
JA Duffy,neutralish,Death,2,1,1,27,12,13.5,12.0,KKR
WG Jacks,pace,PP,1,2,1,31,18,10.33,18.0,LSG
JC Archer,neutralish,Death,1,3,1,93,30,18.6,30.0,LSG
WG Jacks,pace,Death,1,3,1,36,18,12.0,18.0,LSG
WG Jacks,pace,Death,2,5,1,47,30,9.4,30.0,LSG
JA Duffy,spin,Middle,1,2,1,23,18,7.67,18.0,KKR
Fazalhaq Farooqi,pace,Death,2,2,1,16,12,8.0,12.0,CSK
VR Iyer,pace,Death,2,1,1,14,6,14.0,6.0,SRH
JG Bethell,neutralish,Middle,2,3,1,40,24,10.0,24.0,GT
GD Phillips,pace,Middle,2,1,1,22,12,11.0,12.0,RR
JG Bethell,neutralish,PP,1,2,1,51,30,10.2,30.0,GT
Harshit Rana,pace,PP,1,3,1,68,42,9.71,42.0,GT
V Suryavanshi,spin,Middle,1,1,1,11,6,11.0,6.0,PBKS
VG Arora,neutralish,Death,1,1,1,6,9,4.0,9.0,
GD Phillips,pace,Middle,1,1,1,41,18,13.67,18.0,RR
VG Arora,neutralish,Death,2,1,1,17,12,8.5,12.0,
DW Lawrence,spin,Middle,1,1,1,0,6,0.0,6.0,DC
DW Lawrence,spin,Middle,2,1,1,19,12,9.5,12.0,DC
Washington Sundar,spin,Middle,1,6,1,85,60,8.5,60.0,GT
JJ Bumrah,neutralish,PP,2,2,1,30,12,15.0,12.0,DC
VG Arora,neutralish,PP,1,1,1,11,6,11.0,6.0,
JJ Bumrah,neutralish,Middle,2,5,1,56,42,8.0,42.0,DC
DW Lawrence,spin,PP,1,1,1,13,6,13.0,6.0,DC
Hemang Patel,pace,Middle,2,1,1,12,6,12.0,6.0,
EA Brookes,pace,Middle,1,1,1,27,18,9.0,18.0,
VG Arora,pace,Middle,2,2,1,26,12,13.0,12.0,
VG Arora,pace,PP,2,2,1,36,36,6.0,36.0,
I Sharma,pace,PP,1,2,1,65,36,10.83,36.0,
Washington Sundar,neutralish,PP,2,2,1,28,18,9.33,18.0,GT
DA Payne,neutralish,Middle,2,1,1,9,6,9.0,6.0,
Waqar Salamkheil,spin,Middle,2,1,1,33,12,16.5,12.0,
Waqar Salamkheil,spin,Middle,1,1,1,12,12,6.0,12.0,
YS Chahal,spin,PP,1,5,1,69,42,9.86,42.0,CSK
AD Russell,neutralish,Middle,2,3,1,30,18,10.0,18.0,DC
AK Markram,spin,PP,2,2,1,10,12,5.0,12.0,DC
Kuldeep Yadav,neutralish,PP,1,2,1,40,24,10.0,24.0,LSG
Karan Lal,spin,PP,1,1,1,9,6,9.0,6.0,RR
DAJ Bracewell,pace,Death,2,3,1,34,14,14.57,14.0,
Yudhvir Singh,pace,Middle,2,1,1,9,6,9.0,6.0,
HJ Manenti,neutralish,Death,2,3,1,30,14,12.86,14.0,RCB
Kuldeep Yadav,neutralish,Middle,1,4,1,86,54,9.56,54.0,LSG
TU Deshpande,pace,Death,1,3,1,71,36,11.83,36.0,
Yudhvir Singh,neutralish,PP,1,1,1,20,12,10.0,12.0,
Tanush Kotian,spin,Death,2,2,1,31,16,11.62,16.0,CSK
Khushdil Shah,spin,PP,1,5,1,90,54,10.0,54.0,
AM Hardie,spin,Middle,1,1,1,42,18,14.0,18.0,
AM Hardie,pace,PP,2,1,1,19,12,9.5,12.0,
HJ Manenti,pace,Middle,2,2,1,18,12,9.0,12.0,RCB
Tanush Kotian,spin,PP,2,3,1,41,24,10.25,24.0,CSK
Karan Lal,neutralish,PP,1,1,1,6,6,6.0,6.0,RR
HH Pandya,neutralish,Death,2,4,1,68,30,13.6,30.0,SRH
HJ Manenti,pace,PP,1,5,1,83,54,9.22,54.0,RCB
Khushdil Shah,spin,PP,2,1,1,19,12,9.5,12.0,
Khrievitso Kense,neutralish,Middle,1,1,1,18,12,9.0,12.0,MI
Taskin Ahmed,pace,PP,1,2,1,53,36,8.83,36.0,MI
A Nagwaswalla,pace,Middle,1,2,1,11,12,5.5,12.0,RR
AR Ramjani,neutralish,Middle,1,1,1,22,24,5.5,24.0,PBKS
Zeeshan Ansari,neutralish,Death,1,2,1,29,18,9.67,18.0,RR
Yuvraj Singh,pace,PP,2,3,1,82,48,10.25,48.0,
A Nagwaswalla,neutralish,Middle,2,1,1,4,6,4.0,6.0,RR
HH Pandya,pace,Middle,2,5,1,119,84,8.5,84.0,SRH
DAJ Bracewell,neutralish,Middle,1,1,1,12,12,6.0,12.0,
Tanay Thyagarajan,spin,PP,2,2,1,77,36,12.83,36.0,CSK
Yudhvir Singh,spin,PP,1,4,1,116,60,11.6,60.0,
KA Pollard,neutralish,Middle,2,1,1,14,12,7.0,12.0,CSK
Khrievitso Kense,pace,Middle,1,1,1,21,12,10.5,12.0,MI
Tanay Thyagarajan,neutralish,Middle,1,1,1,12,12,6.0,12.0,CSK
A Nagwaswalla,pace,PP,2,4,1,62,36,10.33,36.0,RR
AR Patel,pace,Middle,2,2,1,57,30,11.4,30.0,GT
TU Deshpande,pace,PP,1,2,1,19,12,9.5,12.0,
HH Pandya,spin,PP,1,1,1,25,12,12.5,12.0,SRH
A Nagwaswalla,spin,Death,2,1,1,16,6,16.0,6.0,RR
Yash Thakur,pace,Middle,2,2,1,42,30,8.4,30.0,
HH Pandya,pace,Death,2,1,1,16,6,16.0,6.0,SRH
LI Meriwala,neutralish,Middle,1,3,1,42,42,6.0,42.0,PBKS
Tripuresh Singh,pace,Middle,2,1,1,4,6,4.0,6.0,SRH
Tripuresh Singh,pace,Death,1,2,1,14,12,7.0,12.0,SRH
Gurnoor Brar,pace,PP,1,2,1,22,24,5.5,24.0,DC
TM Head,neutralish,PP,2,1,1,15,12,7.5,12.0,
KK Ahmed,pace,Middle,2,2,1,16,12,8.0,12.0,
DA Payne,pace,PP,2,1,1,18,18,6.0,18.0,
HV Patel,spin,Death,1,1,1,12,12,6.0,12.0,
KH Pandya,spin,PP,2,4,1,103,48,12.88,48.0,DC
H Ssenyondo,pace,Middle,2,1,1,36,18,12.0,18.0,LSG
TA Boult,spin,PP,2,1,1,30,18,10.0,18.0,SRH
KH Pandya,spin,PP,1,1,1,20,12,10.0,12.0,DC
KH Pandya,spin,Middle,2,3,1,39,24,9.75,24.0,DC
Yash Punja,spin,Middle,2,1,1,32,18,10.67,18.0,GT
HV Patel,pace,Death,1,1,1,36,12,18.0,12.0,
L Ngidi,neutralish,Death,1,1,1,9,6,9.0,6.0,RR
Tripuresh Singh,neutralish,Death,1,1,1,36,12,18.0,12.0,SRH
Usman Khan (2),neutralish,Death,1,1,1,36,18,12.0,18.0,
YS Chahal,spin,PP,2,5,1,58,36,9.67,36.0,CSK
HV Patel,neutralish,Middle,1,3,1,59,36,9.83,36.0,
KC Cariappa,spin,Middle,2,1,1,23,18,7.67,18.0,
HJ Manenti,spin,Death,1,1,1,27,18,9.0,18.0,RCB
KK Ahmed,pace,PP,2,2,1,49,30,9.8,30.0,
LI Meriwala,neutralish,Middle,2,2,1,48,30,9.6,30.0,PBKS
KH Pandya,spin,Death,2,1,1,6,6,6.0,6.0,DC
Yash Thakur,neutralish,PP,1,1,1,17,18,5.67,18.0,
