striker,pitch,phase,innings,num_inn,runs,balls_faced,outs,avg,SR,Curr_Tm
RG Sharma,pace,Middle,1,12,400,221,5,80.0,181.0,KKR
Abhishek Sharma,spin,PP,1,13,362,184,7,51.71,196.74,MI
CH Gayle,pace,PP,2,11,354,183,5,70.8,193.44,RCB
PD Salt,spin,PP,2,12,338,186,3,112.67,181.72,RR
C Green,pace,Middle,2,8,316,162,2,158.0,195.06,KKR
Urvil Patel,spin,PP,1,13,306,185,5,61.2,165.41,MI
N Sindhu,pace,Middle,1,9,296,157,3,98.67,188.54,DC
Shubman Gill,pace,PP,1,15,282,166,10,28.2,169.88,LSG
Sameer Rizvi,pace,Death,1,13,269,124,4,67.25,216.94,LSG
Shubman Gill,pace,PP,2,9,269,117,4,67.25,229.91,LSG
Shubman Gill,spin,PP,2,9,257,118,4,64.25,217.8,LSG
SV Samson,spin,PP,2,10,253,131,3,84.33,193.13,GT
WG Jacks,pace,Middle,1,12,247,160,9,27.44,154.38,LSG
FH Allen,pace,PP,1,11,243,152,5,48.6,159.87,LSG
YBK Jaiswal,pace,Middle,2,8,242,147,4,60.5,164.63,RR
P Simran Singh,neutralish,PP,2,11,241,137,5,48.2,175.91,SRH
S Dube,neutralish,Middle,2,8,240,162,5,48.0,148.15,RR
H Klaasen,spin,Middle,1,8,235,158,4,58.75,148.73,CSK
N Pooran,spin,Death,1,9,228,106,4,57.0,215.09,MI
GJ Maxwell,pace,PP,2,9,227,122,5,45.4,186.07,DC
Naman Dhir,pace,Middle,2,8,226,142,5,45.2,159.15,GT
V Suryavanshi,spin,PP,1,10,225,140,4,56.25,160.71,PBKS
P Simran Singh,neutralish,Middle,2,7,222,151,2,111.0,147.02,SRH
PWH de Silva,spin,Middle,2,8,210,107,6,35.0,196.26,RCB
S Dube,pace,Middle,1,6,208,126,4,52.0,165.08,RR
SP Narine,spin,PP,2,8,207,110,3,69.0,188.18,PBKS
KL Rahul,spin,Middle,1,7,205,130,4,51.25,157.69,SRH
FH Allen,pace,Middle,1,6,204,112,4,51.0,182.14,LSG
WG Jacks,pace,PP,1,11,204,145,2,102.0,140.69,LSG
N Pooran,spin,Middle,1,10,201,143,4,50.25,140.56,MI
FH Allen,spin,PP,1,11,200,124,8,25.0,161.29,LSG
PD Salt,spin,Middle,2,9,200,122,8,25.0,163.93,RR
KL Rahul,neutralish,Middle,2,9,199,154,5,39.8,129.22,SRH
Abhishek Sharma,pace,PP,2,10,199,96,7,28.43,207.29,MI
JP Inglis,spin,PP,2,6,195,100,3,65.0,195.0,GT
V Kohli,pace,PP,2,9,194,100,6,32.33,194.0,RR
GJ Maxwell,pace,PP,1,7,192,98,2,96.0,195.92,DC
Urvil Patel,spin,Middle,1,8,192,131,5,38.4,146.56,MI
N Rana,pace,Middle,1,6,187,99,4,46.75,188.89,PBKS
Smaran Ravichandran,spin,Middle,1,8,186,135,3,62.0,137.78,MI
Tilak Varma,spin,PP,2,8,184,99,3,61.33,185.86,CSK
Atharva Taide,pace,PP,2,9,183,114,5,36.6,160.53,RCB
SV Samson,pace,PP,2,8,183,103,5,36.6,177.67,GT
VR Iyer,spin,Middle,1,10,182,113,5,36.4,161.06,SRH
R Parag,pace,Middle,1,6,182,103,5,36.4,176.7,GT
TH David,pace,Middle,1,8,178,101,4,44.5,176.24,GT
SA Yadav,pace,Middle,1,7,174,100,4,43.5,174.0,DC
V Suryavanshi,pace,PP,1,9,174,110,4,43.5,158.18,PBKS
CH Gayle,pace,Middle,2,6,173,118,2,86.5,146.61,RCB
Smaran Ravichandran,spin,Middle,2,6,173,99,2,86.5,174.75,MI
B Sai Sudharsan,pace,Middle,2,6,172,129,4,43.0,133.33,CSK
Priyansh Arya,spin,PP,1,8,171,97,3,57.0,176.29,RCB
Aniket Verma,neutralish,Middle,2,7,171,81,2,85.5,211.11,RR
Tilak Varma,pace,PP,2,9,170,117,2,85.0,145.3,CSK
S Dube,pace,Middle,2,6,166,92,5,33.2,180.43,RR
KL Rahul,spin,PP,1,11,164,103,4,41.0,159.22,SRH
Tarang Gohel,neutralish,PP,1,6,164,96,1,164.0,170.83,DC
SS Iyer,pace,Middle,1,8,164,97,6,27.33,169.07,MI
Shubman Gill,pace,Middle,1,5,163,84,3,54.33,194.05,LSG
V Suryavanshi,spin,PP,2,7,163,102,3,54.33,159.8,PBKS
GJ Maxwell,neutralish,PP,2,9,161,83,7,23.0,193.98,DC
Naman Dhir,pace,Middle,1,7,160,114,4,40.0,140.35,GT
V Kohli,pace,PP,1,8,159,89,8,19.88,178.65,RR
RD Gaikwad,spin,PP,1,7,159,104,3,53.0,152.88,CSK
Tarang Gohel,pace,PP,1,9,159,89,5,31.8,178.65,DC
Shubman Gill,neutralish,PP,1,6,159,86,3,53.0,184.88,LSG
CH Gayle,spin,PP,2,9,156,101,4,39.0,154.46,RCB
GJ Maxwell,neutralish,Middle,1,3,156,82,3,52.0,190.24,DC
R Parag,spin,Middle,2,9,156,100,4,39.0,156.0,GT
PD Salt,neutralish,Middle,2,5,156,89,2,78.0,175.28,RR
SP Narine,spin,PP,1,7,155,106,1,155.0,146.23,PBKS
Abhishek Sharma,spin,Middle,1,6,153,78,5,30.6,196.15,MI
N Sindhu,pace,Middle,2,6,153,90,2,76.5,170.0,DC
N Pooran,pace,Middle,2,9,153,104,3,51.0,147.12,MI
MP Stoinis,pace,Middle,2,3,153,80,1,153.0,191.25,
VR Iyer,neutralish,Death,2,9,153,63,2,76.5,242.86,SRH
Tilak Varma,spin,PP,1,8,152,84,6,25.33,180.95,CSK
D Wiese,pace,Death,1,5,151,55,1,151.0,274.55,KKR
Naman Dhir,spin,Middle,2,8,150,99,6,25.0,151.52,GT
Aniket Verma,spin,PP,1,6,149,76,3,49.67,196.05,RR
Naman Dhir,neutralish,Middle,2,4,149,106,0,,140.57,GT
JP Inglis,neutralish,Middle,1,4,148,92,1,148.0,160.87,GT
GJ Maxwell,pace,Middle,2,4,147,84,1,147.0,175.0,DC
KL Rahul,neutralish,Middle,1,4,144,103,0,,139.81,SRH
S Dube,spin,Middle,1,5,144,99,1,144.0,145.45,RR
Kartik Sharma,neutralish,Middle,2,8,144,81,4,36.0,177.78,SRH
Abhishek Sharma,neutralish,PP,2,4,143,75,2,71.5,190.67,MI
Tilak Varma,pace,Middle,1,4,142,76,2,71.0,186.84,CSK
PD Salt,neutralish,PP,2,7,142,97,3,47.33,146.39,RR
FH Allen,neutralish,PP,1,6,142,86,5,28.4,165.12,LSG
Tilak Varma,neutralish,PP,2,6,141,67,2,70.5,210.45,CSK
Abhishek Sharma,spin,PP,2,6,141,79,2,70.5,178.48,MI
SP Narine,pace,PP,2,9,139,109,4,34.75,127.52,PBKS
Shubman Gill,spin,Middle,2,5,139,91,3,46.33,152.75,LSG
Shubman Gill,pace,Middle,2,5,138,102,3,46.0,135.29,LSG
RG Sharma,pace,Middle,2,8,137,91,4,34.25,150.55,KKR
RG Sharma,spin,Middle,1,7,137,82,4,34.25,167.07,KKR
RD Rickelton,pace,Middle,1,4,136,76,2,68.0,178.95,RR
H Klaasen,spin,Middle,2,7,135,100,3,45.0,135.0,CSK
Nithish Kumar Reddy,spin,Middle,1,8,135,104,4,33.75,129.81,GT
P Simran Singh,spin,PP,1,11,134,90,9,14.89,148.89,SRH
AM Rahane,spin,Middle,1,7,134,94,5,26.8,142.55,CSK
KA Pollard,pace,Middle,2,8,133,93,5,26.6,143.01,CSK
Tarang Gohel,spin,PP,2,6,133,65,1,133.0,204.62,DC
PWH de Silva,pace,PP,2,7,133,64,2,66.5,207.81,RCB
RD Gaikwad,neutralish,PP,1,7,133,77,3,44.33,172.73,CSK
WL Madsen,spin,Middle,1,8,132,91,4,33.0,145.05,KKR
FH Allen,spin,PP,2,7,132,78,5,26.4,169.23,LSG
RG Sharma,pace,Death,1,7,132,53,5,26.4,249.06,KKR
Tilak Varma,pace,Middle,2,7,132,88,5,26.4,150.0,CSK
SA Yadav,neutralish,Middle,2,4,131,73,3,43.67,179.45,DC
Jay Gohil,pace,Death,1,8,131,71,3,43.67,184.51,LSG
MR Marsh,neutralish,PP,2,5,130,80,1,130.0,162.5,MI
JM Sharma,pace,Middle,2,7,130,92,3,43.33,141.3,RCB
PWH de Silva,spin,PP,2,7,130,69,2,65.0,188.41,RCB
TP Ura,spin,Death,1,6,130,65,4,32.5,200.0,PBKS
YBK Jaiswal,neutralish,Middle,2,6,130,77,3,43.33,168.83,RR
Tarang Gohel,pace,Middle,1,5,129,74,4,32.25,174.32,DC
Atharva Taide,neutralish,Middle,2,3,129,74,1,129.0,174.32,RCB
C Green,pace,PP,1,10,128,86,5,25.6,148.84,KKR
C Green,pace,Middle,1,9,128,81,8,16.0,158.02,KKR
MP Stoinis,pace,PP,2,6,128,69,3,42.67,185.51,
Abhishek Sharma,spin,Middle,2,5,128,88,3,42.67,145.45,MI
PD Salt,pace,PP,1,7,128,86,3,42.67,148.84,RR
V Suryavanshi,neutralish,PP,1,5,128,72,1,128.0,177.78,PBKS
TP Ura,spin,Middle,1,7,127,77,2,63.5,164.94,PBKS
KL Rahul,neutralish,PP,2,6,127,62,1,127.0,204.84,SRH
Sameer Rizvi,pace,Middle,1,9,127,87,2,63.5,145.98,LSG
Tilak Varma,spin,Middle,2,6,127,83,3,42.33,153.01,CSK
WL Madsen,spin,Middle,2,5,127,70,1,127.0,181.43,KKR
CH Gayle,neutralish,PP,2,5,127,76,2,63.5,167.11,RCB
KL Rahul,neutralish,Death,1,4,126,47,3,42.0,268.09,SRH
KL Rahul,neutralish,Death,2,5,124,61,3,41.33,203.28,SRH
J Fraser-McGurk,spin,PP,1,4,124,62,1,124.0,200.0,KKR
Ishan Kishan,pace,PP,1,5,124,66,1,124.0,187.88,KKR
TP Ura,spin,Middle,2,6,124,70,4,31.0,177.14,PBKS
JC Buttler,pace,Middle,1,7,124,92,5,24.8,134.78,SRH
SV Samson,pace,PP,1,5,124,76,3,41.33,163.16,GT
GJ Maxwell,pace,Middle,1,5,123,70,4,30.75,175.71,DC
MR Marsh,neutralish,Middle,2,4,123,72,2,61.5,170.83,MI
PD Salt,pace,Middle,1,4,122,74,3,40.67,164.86,RR
CH Gayle,neutralish,Middle,1,3,121,56,1,121.0,216.07,RCB
MW Short,pace,Middle,2,6,120,78,6,20.0,153.85,SRH
B Sai Sudharsan,spin,Middle,2,5,120,82,2,60.0,146.34,CSK
CH Gayle,pace,Death,2,4,119,47,1,119.0,253.19,RCB
Nithish Kumar Reddy,spin,Death,1,6,119,68,2,59.5,175.0,GT
RD Gaikwad,pace,PP,1,5,118,62,2,59.0,190.32,CSK
Priyansh Arya,neutralish,PP,1,5,118,69,3,39.33,171.01,RCB
MP Stoinis,pace,PP,1,5,117,76,2,58.5,153.95,
C Green,neutralish,Middle,2,3,117,76,2,58.5,153.95,KKR
SA Yadav,pace,Middle,2,6,117,83,3,39.0,140.96,DC
Tanush Kotian,spin,Death,2,6,116,47,2,58.0,246.81,CSK
V Suryavanshi,pace,Middle,1,5,116,82,3,38.67,141.46,PBKS
RD Gaikwad,spin,Middle,2,5,115,74,4,28.75,155.41,CSK
SV Samson,neutralish,PP,2,5,115,56,5,23.0,205.36,GT
P Simran Singh,pace,PP,1,5,115,58,3,38.33,198.28,SRH
Sameer Rizvi,spin,Death,2,8,114,55,3,38.0,207.27,LSG
N Rana,pace,PP,1,8,114,59,3,38.0,193.22,PBKS
Tanush Kotian,pace,Death,2,6,114,45,2,57.0,253.33,CSK
Kartik Sharma,pace,Middle,1,3,114,55,2,57.0,207.27,SRH
P Simran Singh,pace,PP,2,5,114,70,2,57.0,162.86,SRH
JP Inglis,pace,PP,2,4,114,74,1,114.0,154.05,GT
BJ McMullen,pace,Middle,2,5,113,74,5,22.6,152.7,DC
JP Inglis,neutralish,PP,1,7,112,82,3,37.33,136.59,GT
KL Rahul,pace,Middle,2,5,112,87,2,56.0,128.74,SRH
AD Russell,pace,Death,1,6,112,58,3,37.33,193.1,DC
V Nigam,spin,Death,1,4,112,47,0,,238.3,GT
Tilak Varma,neutralish,PP,1,6,112,79,3,37.33,141.77,CSK
RM Patidar,pace,Middle,1,3,112,62,1,112.0,180.65,RCB
RD Gaikwad,pace,Middle,2,3,112,62,3,37.33,180.65,CSK
N Sindhu,pace,Death,1,6,111,64,3,37.0,173.44,DC
V Kohli,spin,PP,1,3,111,45,0,,246.67,RR
JM Sharma,spin,Middle,2,8,111,78,3,37.0,142.31,RCB
Aniket Verma,pace,Middle,1,5,111,76,3,37.0,146.05,RR
WG Jacks,spin,Middle,2,6,111,82,3,37.0,135.37,LSG
RM Patidar,spin,Death,1,5,111,57,2,55.5,194.74,RCB
RD Rickelton,spin,PP,2,6,110,90,2,55.0,122.22,RR
V Kohli,neutralish,PP,2,5,110,63,2,55.0,174.6,RR
Sameer Rizvi,pace,Death,2,6,110,47,2,55.0,234.04,LSG
JP Inglis,neutralish,PP,2,4,110,42,1,110.0,261.9,GT
C Green,spin,Middle,2,7,110,83,5,22.0,132.53,KKR
Tarang Gohel,spin,Middle,2,6,110,69,4,27.5,159.42,DC
Shubman Gill,spin,PP,1,6,109,60,4,27.25,181.67,LSG
JC Buttler,spin,Middle,2,4,109,68,1,109.0,160.29,SRH
Tarang Gohel,neutralish,Middle,1,5,109,76,4,27.25,143.42,DC
Priyansh Arya,spin,Middle,2,3,108,62,1,108.0,174.19,RCB
PWH de Silva,pace,Middle,2,5,108,53,4,27.0,203.77,RCB
Urvil Patel,pace,PP,1,5,108,68,1,108.0,158.82,MI
N Pooran,neutralish,Middle,1,4,108,68,1,108.0,158.82,MI
RD Gaikwad,spin,Middle,1,5,107,72,4,26.75,148.61,CSK
R Parag,pace,Middle,2,6,106,72,1,106.0,147.22,GT
V Kohli,pace,Middle,2,3,106,70,2,53.0,151.43,RR
JM Sharma,pace,Middle,1,6,106,79,3,35.33,134.18,RCB
JC Buttler,neutralish,Middle,1,5,106,76,2,53.0,139.47,SRH
SA Yadav,spin,Middle,2,6,106,67,2,53.0,158.21,DC
YBK Jaiswal,pace,Middle,1,4,106,52,2,53.0,203.85,RR
JJ Smit,pace,Death,1,5,106,47,3,35.33,225.53,PBKS
Priyansh Arya,pace,PP,2,6,105,64,4,26.25,164.06,RCB
Abhishek Sharma,pace,PP,1,6,105,54,5,21.0,194.44,MI
Salil Arora,pace,PP,1,4,105,50,0,,210.0,RCB
YBK Jaiswal,neutralish,Middle,1,3,105,52,1,105.0,201.92,RR
CH Gayle,neutralish,PP,1,4,104,58,1,104.0,179.31,RCB
GJ Maxwell,neutralish,PP,1,6,104,61,3,34.67,170.49,DC
SP Narine,pace,PP,1,8,104,66,7,14.86,157.58,PBKS
Priyansh Arya,neutralish,Middle,2,3,103,59,2,51.5,174.58,RCB
YBK Jaiswal,neutralish,PP,2,5,102,41,4,25.5,248.78,RR
P Simran Singh,neutralish,PP,1,5,102,65,3,34.0,156.92,SRH
SS Iyer,spin,Middle,2,7,102,78,5,20.4,130.77,MI
Aniket Verma,spin,Middle,2,6,102,70,5,20.4,145.71,RR
SA Yadav,spin,Middle,1,3,101,61,2,50.5,165.57,DC
KA Pollard,pace,Death,2,4,101,43,2,50.5,234.88,CSK
PWH de Silva,spin,Middle,1,5,101,65,3,33.67,155.38,RCB
MW Short,pace,PP,2,8,100,69,2,50.0,144.93,SRH
Tarang Gohel,neutralish,PP,2,4,100,53,1,100.0,188.68,DC
RM Patidar,spin,Middle,1,7,100,74,3,33.33,135.14,RCB
SA Yadav,pace,PP,2,7,100,62,2,50.0,161.29,DC
Naman Dhir,neutralish,PP,2,5,100,45,1,100.0,222.22,GT
JP Inglis,neutralish,Middle,2,3,100,63,2,50.0,158.73,GT
KK Nair,spin,Middle,1,4,100,73,2,50.0,136.99,CSK
B Sai Sudharsan,spin,Middle,1,5,99,72,4,24.75,137.5,CSK
Urvil Patel,neutralish,PP,1,4,98,53,1,98.0,184.91,MI
Abhishek Sharma,pace,Middle,2,4,98,65,3,32.67,150.77,MI
S Dube,neutralish,PP,2,9,98,66,1,98.0,148.48,RR
PD Salt,pace,PP,2,7,98,68,4,24.5,144.12,RR
S Dube,spin,Middle,2,5,98,80,4,24.5,122.5,RR
MJ Owen,spin,PP,2,4,97,48,2,48.5,202.08,DC
PWH de Silva,neutralish,Middle,1,4,97,56,4,24.25,173.21,RCB
Karan Shinde,spin,Death,2,5,97,43,4,24.25,225.58,DC
V Suryavanshi,spin,Middle,2,5,97,56,5,19.4,173.21,PBKS
V Kohli,spin,PP,2,7,97,74,3,32.33,131.08,RR
H Klaasen,spin,Death,1,4,96,46,3,32.0,208.7,CSK
Shubman Gill,spin,Middle,1,2,96,46,1,96.0,208.7,LSG
Hassan Nawaz,neutralish,Middle,1,2,96,61,0,,157.38,
Abhishek Sharma,neutralish,PP,1,3,96,46,1,96.0,208.7,MI
CH Gayle,spin,PP,1,6,95,56,5,19.0,169.64,RCB
Karan Shinde,pace,Death,1,5,95,40,3,31.67,237.5,DC
Atharva Taide,spin,PP,2,3,95,56,1,95.0,169.64,RCB
JM Sharma,pace,Death,1,5,95,49,2,47.5,193.88,RCB
CH Gayle,pace,PP,1,4,95,49,3,31.67,193.88,RCB
GD Phillips,neutralish,Death,2,4,95,35,1,95.0,271.43,RR
SP Narine,spin,Middle,2,5,94,60,5,18.8,156.67,PBKS
Jay Gohil,pace,Middle,2,2,94,45,1,94.0,208.89,LSG
Salil Arora,neutralish,Middle,1,4,94,62,2,47.0,151.61,RCB
Atharva Taide,pace,Middle,2,4,94,66,2,47.0,142.42,RCB
MJ Owen,pace,PP,2,3,94,59,2,47.0,159.32,DC
Shubman Gill,neutralish,Middle,1,3,94,58,2,47.0,162.07,LSG
Shashank Singh,spin,Death,1,5,94,57,2,47.0,164.91,PBKS
FH Allen,pace,Middle,2,3,94,66,1,94.0,142.42,LSG
VR Iyer,neutralish,Death,1,4,93,40,2,46.5,232.5,SRH
SP Narine,spin,Middle,1,6,93,67,6,15.5,138.81,PBKS
KA Pollard,neutralish,Middle,2,5,93,64,4,23.25,145.31,CSK
Shadab Khan,spin,Death,1,6,93,51,3,31.0,182.35,SRH
J Fraser-McGurk,spin,PP,2,3,93,41,1,93.0,226.83,KKR
VR Iyer,spin,Death,1,5,92,51,2,46.0,180.39,SRH
C Green,pace,Death,2,5,92,43,3,30.67,213.95,KKR
WG Jacks,spin,PP,1,4,92,57,1,92.0,161.4,LSG
Ramandeep Singh,pace,Middle,1,5,92,53,1,92.0,173.58,KKR
S Dube,spin,PP,2,6,92,64,1,92.0,143.75,RR
JP Inglis,spin,Middle,2,7,92,65,5,18.4,141.54,GT
Tarang Gohel,spin,Middle,1,3,91,53,2,45.5,171.7,DC
Abishek Porel,pace,Middle,1,6,91,58,4,22.75,156.9,LSG
P Simran Singh,pace,Middle,1,2,91,52,0,,175.0,SRH
Salil Arora,pace,Middle,1,4,91,51,3,30.33,178.43,RCB
PWH de Silva,neutralish,PP,2,4,90,41,2,45.0,219.51,RCB
BM Duckett,neutralish,PP,2,4,90,55,1,90.0,163.64,
S Dube,spin,Death,1,4,90,40,2,45.0,225.0,RR
C Green,pace,PP,2,7,90,53,1,90.0,169.81,KKR
P Simran Singh,spin,PP,2,4,90,53,1,90.0,169.81,SRH
Kartik Sharma,spin,PP,1,3,89,42,1,89.0,211.9,SRH
HH Pandya,spin,Death,1,5,89,41,2,44.5,217.07,SRH
Priyansh Arya,pace,Middle,2,3,89,52,2,44.5,171.15,RCB
AK Markram,spin,Death,1,5,89,52,2,44.5,171.15,DC
N Sindhu,pace,PP,1,6,89,59,1,89.0,150.85,DC
SV Samson,spin,Middle,2,7,89,69,7,12.71,128.99,GT
FH Allen,pace,PP,2,4,89,56,1,89.0,158.93,LSG
Priyansh Arya,spin,Middle,1,5,89,64,5,17.8,139.06,RCB
N Sindhu,neutralish,Middle,2,4,88,52,2,44.0,169.23,DC
J Fraser-McGurk,neutralish,PP,1,2,88,42,0,,209.52,KKR
Tushar Raheja,spin,PP,2,3,88,51,1,88.0,172.55,MI
Priyansh Arya,spin,PP,2,4,88,48,2,44.0,183.33,RCB
SV Samson,spin,PP,1,5,87,63,2,43.5,138.1,GT
GJ Maxwell,spin,PP,2,4,87,41,2,43.5,212.2,DC
B Sai Sudharsan,spin,PP,1,10,87,76,5,17.4,114.47,CSK
RG Sharma,spin,Death,1,3,87,38,2,43.5,228.95,KKR
PWH de Silva,neutralish,Middle,2,3,87,55,0,,158.18,RCB
Sameer Rizvi,neutralish,Death,1,3,86,30,1,86.0,286.67,LSG
Shubman Gill,neutralish,PP,2,3,86,42,0,,204.76,LSG
SP Narine,pace,Middle,2,5,86,65,4,21.5,132.31,PBKS
Abishek Porel,neutralish,Middle,1,4,86,56,3,28.67,153.57,LSG
Atharva Taide,neutralish,PP,2,4,86,51,1,86.0,168.63,RCB
N Sindhu,spin,Middle,1,5,85,58,4,21.25,146.55,DC
SS Iyer,pace,PP,1,8,85,65,3,28.33,130.77,MI
S Dube,neutralish,PP,1,5,85,38,2,42.5,223.68,RR
V Suryavanshi,spin,Middle,1,7,85,64,6,14.17,132.81,PBKS
WL Madsen,spin,Death,1,6,84,53,2,42.0,158.49,KKR
JC Buttler,pace,PP,1,7,84,63,3,28.0,133.33,SRH
Shashank Singh,pace,Death,1,5,84,46,1,84.0,182.61,PBKS
SA Yadav,pace,PP,1,7,83,53,2,41.5,156.6,DC
P Simran Singh,spin,Middle,2,3,83,47,3,27.67,176.6,SRH
RK Singh,pace,Death,2,3,83,37,0,,224.32,GT
GJ Maxwell,spin,PP,1,7,82,47,3,27.33,174.47,DC
RK Singh,pace,Middle,1,5,82,66,3,27.33,124.24,GT
Sahil Parakh,neutralish,PP,2,2,82,41,0,,200.0,SRH
GF Linde,neutralish,Death,1,2,82,32,0,,256.25,GT
Aniket Verma,pace,Middle,2,5,82,47,4,20.5,174.47,RR
SV Samson,spin,Middle,1,3,82,45,2,41.0,182.22,GT
RD Rickelton,spin,Middle,2,4,81,53,3,27.0,152.83,RR
Ashutosh Sharma,pace,Death,1,8,81,54,3,27.0,150.0,GT
GD Phillips,spin,Middle,1,3,81,51,2,40.5,158.82,RR
Tarang Gohel,neutralish,Middle,2,3,81,50,2,40.5,162.0,DC
PWH de Silva,pace,Middle,1,2,81,37,1,81.0,218.92,RCB
Salil Arora,pace,Middle,2,3,81,52,2,40.5,155.77,RCB
Shashank Singh,neutralish,Middle,1,5,80,71,3,26.67,112.68,PBKS
B Sai Sudharsan,spin,PP,2,5,80,49,2,40.0,163.27,CSK
PWH de Silva,neutralish,PP,1,3,80,39,0,,205.13,RCB
Ishan Kishan,spin,Middle,1,4,80,54,3,26.67,148.15,KKR
Atharva Taide,spin,Middle,2,2,79,51,2,39.5,154.9,RCB
Shashank Singh,spin,Middle,2,7,79,76,3,26.33,103.95,PBKS
GJ Maxwell,spin,Middle,1,4,79,51,3,26.33,154.9,DC
RD Gaikwad,neutralish,Middle,1,4,79,60,3,26.33,131.67,CSK
YBK Jaiswal,pace,Death,2,4,79,32,0,,246.88,RR
JC Buttler,pace,Death,1,4,79,35,2,39.5,225.71,SRH
VR Iyer,spin,Middle,2,3,79,42,0,,188.1,SRH
R Parag,pace,Death,2,6,79,37,5,15.8,213.51,GT
Naman Dhir,spin,Middle,1,4,79,55,3,26.33,143.64,GT
Urvil Patel,spin,PP,2,4,78,51,2,39.0,152.94,MI
PD Salt,neutralish,PP,1,4,78,38,3,26.0,205.26,RR
R Parag,neutralish,Death,2,3,78,33,3,26.0,236.36,GT
Naman Dhir,neutralish,Middle,1,3,78,45,1,78.0,173.33,GT
Salil Arora,neutralish,Death,1,2,78,30,0,,260.0,RCB
Jay Gohil,pace,Death,2,3,78,37,2,39.0,210.81,LSG
V Kohli,spin,Middle,2,4,78,65,4,19.5,120.0,RR
SV Samson,neutralish,PP,1,7,78,60,5,15.6,130.0,GT
P Simran Singh,pace,Middle,2,2,78,42,2,39.0,185.71,SRH
Urvil Patel,spin,Middle,2,2,77,54,1,77.0,142.59,MI
RD Rickelton,pace,PP,1,6,77,59,2,38.5,130.51,RR
YBK Jaiswal,pace,Death,1,4,77,38,3,25.67,202.63,RR
BJ McMullen,pace,PP,2,5,77,58,3,25.67,132.76,DC
Sahil Parakh,spin,PP,2,2,77,42,0,,183.33,SRH
BJ McMullen,neutralish,Middle,2,3,76,47,1,76.0,161.7,DC
N Rana,pace,PP,2,5,76,51,2,38.0,149.02,PBKS
KA Pollard,neutralish,Death,1,5,76,42,3,25.33,180.95,CSK
Priyansh Arya,pace,PP,1,4,76,54,0,,140.74,RCB
T Stubbs,pace,Middle,2,4,76,54,3,25.33,140.74,PBKS
WL Madsen,neutralish,Middle,2,2,75,44,0,,170.45,KKR
AB de Villiers,neutralish,Death,1,2,75,25,1,75.0,300.0,CSK
Tilak Varma,neutralish,Middle,1,3,75,51,2,37.5,147.06,CSK
V Suryavanshi,neutralish,Middle,1,4,75,54,3,25.0,138.89,PBKS
TH David,pace,Death,1,4,75,39,2,37.5,192.31,GT
Shashank Singh,pace,Middle,1,6,75,53,4,18.75,141.51,PBKS
BJ McMullen,neutralish,PP,2,5,75,53,2,37.5,141.51,DC
Sameer Rizvi,pace,Middle,2,4,75,42,1,75.0,178.57,LSG
Hassan Nawaz,neutralish,Middle,2,4,75,58,3,25.0,129.31,
N Sindhu,neutralish,Death,1,3,75,34,0,,220.59,DC
YK Pathan,pace,Middle,1,6,74,71,2,37.0,104.23,
Kartik Sharma,neutralish,Middle,1,3,74,38,2,37.0,194.74,SRH
Shubman Gill,neutralish,Middle,2,3,74,38,2,37.0,194.74,LSG
Chirag Jani,pace,Middle,1,5,74,43,3,24.67,172.09,RCB
Abishek Porel,pace,Death,2,4,74,38,2,37.0,194.74,LSG
T Banton,neutralish,Middle,1,3,74,46,1,74.0,160.87,SRH
N Sindhu,pace,Death,2,5,74,31,4,18.5,238.71,DC
RD Gaikwad,spin,PP,2,6,73,50,2,36.5,146.0,CSK
Ishan Kishan,neutralish,PP,1,4,73,53,1,73.0,137.74,KKR
RD Gaikwad,pace,Middle,1,3,73,45,1,73.0,162.22,CSK
S Dube,pace,PP,2,7,73,45,2,36.5,162.22,RR
YBK Jaiswal,pace,PP,2,5,73,46,1,73.0,158.7,RR
CH Gayle,neutralish,Middle,2,3,73,54,1,73.0,135.19,RCB
SV Samson,neutralish,Middle,1,2,73,42,1,73.0,173.81,GT
JM Sharma,neutralish,Death,2,2,72,29,0,,248.28,RCB
Shashank Singh,pace,Death,2,3,72,29,0,,248.28,PBKS
Abishek Porel,neutralish,Death,1,2,72,29,1,72.0,248.28,LSG
TH David,spin,Middle,2,4,71,50,1,71.0,142.0,GT
SS Iyer,pace,PP,2,4,71,37,3,23.67,191.89,MI
MR Marsh,pace,Middle,1,2,71,51,0,,139.22,MI
JP Inglis,pace,Middle,1,3,71,45,1,71.0,157.78,GT
KL Rahul,spin,Middle,2,3,71,49,1,71.0,144.9,SRH
SA Yadav,neutralish,PP,1,2,71,32,0,,221.88,DC
V Nigam,pace,Death,1,2,71,32,1,71.0,221.88,GT
JM Sharma,spin,Death,2,7,70,43,7,10.0,162.79,RCB
Tanush Kotian,spin,Death,1,6,70,31,4,17.5,225.81,CSK
PHKD Mendis,pace,Middle,1,3,70,42,1,70.0,166.67,PBKS
PWH de Silva,spin,Death,1,2,70,28,0,,250.0,RCB
MW Short,pace,PP,1,3,70,30,1,70.0,233.33,SRH
Chirag Jani,neutralish,Middle,1,3,70,52,1,70.0,134.62,RCB
TP Ura,neutralish,Middle,1,2,69,43,1,69.0,160.47,PBKS
V Kohli,neutralish,Middle,2,3,69,46,2,34.5,150.0,RR
HH Pandya,pace,Death,1,5,69,28,3,23.0,246.43,SRH
Salil Arora,spin,Middle,2,4,69,41,1,69.0,168.29,RCB
Naman Dhir,neutralish,Death,1,3,69,25,2,34.5,276.0,GT
N Rana,neutralish,Middle,1,5,69,41,5,13.8,168.29,PBKS
R Parag,spin,Death,2,6,69,29,3,23.0,237.93,GT
Tarang Gohel,pace,PP,2,5,68,44,4,17.0,154.55,DC
S Dube,pace,PP,1,5,68,38,0,,178.95,RR
SV Samson,pace,Middle,2,3,68,46,2,34.0,147.83,GT
Naman Dhir,spin,Death,2,2,68,28,1,68.0,242.86,GT
B Sai Sudharsan,pace,PP,2,6,68,51,2,34.0,133.33,CSK
RD Gaikwad,pace,Death,1,2,67,30,0,,223.33,CSK
GD Phillips,spin,Death,2,4,67,31,1,67.0,216.13,RR
KL Rahul,spin,Death,1,3,67,43,0,,155.81,SRH
WG Jacks,neutralish,Middle,1,3,67,44,1,67.0,152.27,LSG
N Pooran,neutralish,Middle,2,3,67,34,1,67.0,197.06,MI
BM Duckett,spin,PP,1,4,67,38,3,22.33,176.32,
Abishek Porel,neutralish,PP,1,2,67,37,0,,181.08,LSG
Smaran Ravichandran,pace,Middle,2,3,67,47,2,33.5,142.55,MI
SS Iyer,pace,Middle,2,4,66,50,4,16.5,132.0,MI
JC Buttler,neutralish,Death,1,4,66,38,2,33.0,173.68,SRH
Abdul Samad,neutralish,Death,1,5,66,34,3,22.0,194.12,SRH
JM Sharma,neutralish,Death,1,3,66,27,2,33.0,244.44,RCB
Abhishek Pathak,spin,PP,1,2,66,33,2,33.0,200.0,RCB
JM Sharma,pace,Death,2,6,66,37,3,22.0,178.38,RCB
Karan Shinde,neutralish,Death,1,3,66,34,1,66.0,194.12,DC
Tanush Kotian,neutralish,Death,2,3,66,27,2,33.0,244.44,CSK
HH Pandya,neutralish,Death,1,5,65,30,1,65.0,216.67,SRH
Naman Dhir,spin,PP,2,5,65,34,2,32.5,191.18,GT
Sakibul Gani,spin,Death,2,4,65,30,3,21.67,216.67,MI
Aniket Verma,spin,Middle,1,4,65,43,2,32.5,151.16,RR
R Powell,pace,Middle,1,4,65,44,3,21.67,147.73,
V Suryavanshi,pace,PP,2,5,65,38,3,21.67,171.05,PBKS
RR Rossouw,pace,Middle,2,3,65,34,2,32.5,191.18,PBKS
KK Nair,spin,Death,1,2,65,28,0,,232.14,CSK
RK Singh,pace,Middle,2,5,64,41,3,21.33,156.1,GT
JP Inglis,spin,Death,2,2,64,22,0,,290.91,GT
SA Yadav,pace,Death,1,4,64,24,3,21.33,266.67,DC
Urvil Patel,pace,Middle,1,4,64,60,2,32.0,106.67,MI
Tushar Raheja,pace,PP,2,2,64,46,0,,139.13,MI
Anmolpreet Singh,spin,Death,1,3,64,34,0,,188.24,RR
JC Buttler,spin,Middle,1,3,64,58,2,32.0,110.34,SRH
Sameer Rizvi,spin,Middle,2,5,64,34,0,,188.24,LSG
Tarang Gohel,pace,Middle,2,4,64,35,1,64.0,182.86,DC
Aniket Verma,pace,PP,1,3,63,34,0,,185.29,RR
Priyansh Arya,neutralish,PP,2,2,63,28,0,,225.0,RCB
WG Jacks,neutralish,Death,1,2,63,29,1,63.0,217.24,LSG
Tushar Raheja,pace,PP,1,2,63,26,1,63.0,242.31,MI
B Sai Sudharsan,neutralish,Middle,2,3,63,62,1,63.0,101.61,CSK
BJ McMullen,spin,PP,2,2,62,34,1,62.0,182.35,DC
T Stubbs,pace,Middle,1,3,62,29,3,20.67,213.79,PBKS
Tilak Varma,pace,PP,1,3,62,45,0,,137.78,CSK
Abdul Samad,neutralish,Middle,1,4,62,47,0,,131.91,SRH
GJ Maxwell,pace,Death,2,3,62,29,1,62.0,213.79,DC
Abishek Porel,pace,Death,1,4,62,32,2,31.0,193.75,LSG
CH Gayle,spin,Middle,2,5,62,44,5,12.4,140.91,RCB
WG Jacks,spin,Death,2,3,61,22,1,61.0,277.27,LSG
T Stubbs,neutralish,Middle,1,3,61,45,1,61.0,135.56,PBKS
SS Iyer,neutralish,Middle,1,2,61,47,1,61.0,129.79,MI
AM Rahane,spin,PP,1,6,61,45,3,20.33,135.56,CSK
Urvil Patel,pace,PP,2,3,61,41,1,61.0,148.78,MI
N Sindhu,spin,PP,1,4,61,33,0,,184.85,DC
YBK Jaiswal,spin,Middle,1,3,61,42,2,30.5,145.24,RR
Naman Dhir,pace,PP,2,5,60,33,0,,181.82,GT
Salil Arora,spin,Middle,1,3,60,41,1,60.0,146.34,RCB
MJ Owen,spin,PP,1,4,60,38,4,15.0,157.89,DC
BM Duckett,neutralish,PP,1,2,60,31,1,60.0,193.55,
AB de Villiers,spin,Middle,1,5,60,59,3,20.0,101.69,CSK
RG Sharma,pace,Death,2,5,60,32,4,15.0,187.5,KKR
RD Gaikwad,pace,PP,2,4,60,43,2,30.0,139.53,CSK
Tilak Varma,neutralish,Middle,2,4,60,44,3,20.0,136.36,CSK
Abhishek Sharma,neutralish,Middle,1,3,60,29,3,20.0,206.9,MI
Naman Dhir,pace,PP,1,5,60,45,0,,133.33,GT
RM Patidar,neutralish,Death,1,2,59,24,1,59.0,245.83,RCB
VR Iyer,neutralish,Middle,1,3,59,45,0,,131.11,SRH
MW Short,neutralish,PP,1,2,59,34,1,59.0,173.53,SRH
KL Rahul,pace,PP,2,3,59,37,0,,159.46,SRH
MW Short,pace,Middle,1,3,59,30,2,29.5,196.67,SRH
SS Iyer,spin,Middle,1,4,59,42,2,29.5,140.48,MI
RK Singh,neutralish,Death,2,3,59,22,2,29.5,268.18,GT
WL Madsen,spin,Death,2,4,59,37,0,,159.46,KKR
V Suryavanshi,pace,Middle,2,2,59,43,1,59.0,137.21,PBKS
Dhruv Jurel,pace,Middle,1,2,58,42,1,58.0,138.1,
YK Pathan,pace,Death,1,7,58,54,4,14.5,107.41,
MP Stoinis,pace,Death,2,2,58,20,0,,290.0,
B Sai Sudharsan,neutralish,PP,2,2,58,36,0,,161.11,CSK
YBK Jaiswal,spin,PP,1,5,58,37,4,14.5,156.76,RR
Shashwat Rawat,spin,PP,1,2,57,38,0,,150.0,
RD Rickelton,pace,PP,2,3,57,34,2,28.5,167.65,RR
MR Marsh,pace,PP,2,3,57,36,1,57.0,158.33,MI
Ishan Kishan,neutralish,Middle,1,3,57,42,2,28.5,135.71,KKR
SS Iyer,spin,PP,2,4,57,31,1,57.0,183.87,MI
H Klaasen,spin,Death,2,4,57,37,4,14.25,154.05,CSK
WG Jacks,spin,Middle,1,5,56,58,3,18.67,96.55,LSG
RD Rickelton,neutralish,PP,2,3,56,34,2,28.0,164.71,RR
Abdul Samad,pace,Middle,1,3,56,47,1,56.0,119.15,SRH
PWH de Silva,spin,PP,1,3,56,35,0,,160.0,RCB
RD Rickelton,spin,PP,1,5,56,33,4,14.0,169.7,RR
PWH de Silva,pace,PP,1,3,55,29,2,27.5,189.66,RCB
GJ Maxwell,spin,Middle,2,3,55,38,2,27.5,144.74,DC
S Dube,neutralish,Death,2,3,55,21,1,55.0,261.9,RR
Smaran Ravichandran,spin,PP,1,4,55,38,1,55.0,144.74,MI
PHKD Mendis,spin,Middle,1,6,55,43,4,13.75,127.91,PBKS
JP Inglis,pace,Middle,2,6,55,48,5,11.0,114.58,GT
Anmolpreet Singh,pace,Death,2,5,55,24,2,27.5,229.17,RR
Aniket Verma,neutralish,Death,2,4,55,26,4,13.75,211.54,RR
N Rana,neutralish,PP,1,6,55,37,1,55.0,148.65,PBKS
Abhishek Sharma,spin,Death,2,2,55,21,1,55.0,261.9,MI
MG Erasmus,spin,Middle,2,4,55,49,3,18.33,112.24,
MP Stoinis,spin,PP,2,3,54,51,1,54.0,105.88,
SA Yadav,neutralish,Death,1,3,54,22,1,54.0,245.45,DC
BM Duckett,pace,PP,1,3,54,33,3,18.0,163.64,
JM Sharma,spin,Death,1,3,54,27,2,27.0,200.0,RCB
VR Iyer,neutralish,Middle,2,4,54,30,0,,180.0,SRH
Ishan Kishan,pace,Middle,1,4,54,44,3,18.0,122.73,KKR
Urvil Patel,spin,Death,1,3,54,27,2,27.0,200.0,MI
J Fraser-McGurk,spin,Middle,2,2,54,32,2,27.0,168.75,KKR
Naman Dhir,neutralish,PP,1,6,54,26,3,18.0,207.69,GT
Chirag Jani,pace,Middle,2,5,53,32,3,17.67,165.62,RCB
H Klaasen,spin,PP,1,5,53,44,0,,120.45,CSK
Rohan Kunnummal,pace,PP,1,3,53,31,2,26.5,170.97,KKR
TH David,spin,Death,2,4,53,23,3,17.67,230.43,GT
AB de Villiers,neutralish,Middle,1,2,53,40,0,,132.5,CSK
Hassan Nawaz,spin,Middle,2,5,53,43,4,13.25,123.26,
SA Yadav,neutralish,PP,2,3,53,29,0,,182.76,DC
N Wadhera,pace,Middle,1,2,53,38,0,,139.47,
SS Iyer,pace,Death,1,3,52,23,2,26.0,226.09,MI
VR Iyer,pace,Middle,2,3,52,39,2,26.0,133.33,SRH
Kartik Sharma,spin,Middle,1,3,52,27,3,17.33,192.59,SRH
GD Phillips,spin,Death,1,3,52,24,3,17.33,216.67,RR
N Rana,pace,Middle,2,3,52,48,2,26.0,108.33,PBKS
SP Narine,neutralish,Middle,1,2,52,25,2,26.0,208.0,PBKS
SA Yadav,spin,PP,1,3,52,35,2,26.0,148.57,DC
Tarang Gohel,pace,Death,2,4,51,21,1,51.0,242.86,DC
DR Mousley,pace,Middle,2,3,51,41,1,51.0,124.39,LSG
BM Duckett,pace,Middle,2,1,51,29,1,51.0,175.86,
YK Pathan,spin,Death,2,4,51,28,1,51.0,182.14,
Abhishek Sharma,pace,Middle,1,1,51,20,1,51.0,255.0,MI
MP Stoinis,spin,Middle,2,2,51,33,2,25.5,154.55,
N Sindhu,spin,PP,2,3,51,30,2,25.5,170.0,DC
RA Jadeja,spin,Death,1,3,51,27,3,17.0,188.89,LSG
SR Dickson,pace,Middle,2,2,51,28,1,51.0,182.14,
Nithish Kumar Reddy,neutralish,Death,2,5,51,26,2,25.5,196.15,GT
Abishek Porel,spin,PP,2,3,51,33,1,51.0,154.55,LSG
KK Nair,neutralish,Middle,1,2,50,34,0,,147.06,CSK
MJ Owen,pace,Death,1,5,50,24,4,12.5,208.33,DC
BJ McMullen,neutralish,PP,1,2,50,28,1,50.0,178.57,DC
RM Patidar,spin,Middle,2,5,50,37,4,12.5,135.14,RCB
MJ Owen,neutralish,PP,2,2,50,24,1,50.0,208.33,DC
Chirag Jani,pace,Death,1,4,50,27,3,16.67,185.19,RCB
R Parag,neutralish,Middle,1,3,50,25,2,25.0,200.0,GT
Abishek Porel,pace,Middle,2,3,50,29,0,,172.41,LSG
J Fraser-McGurk,neutralish,PP,2,2,50,30,0,,166.67,KKR
Sameer Rizvi,spin,Middle,1,4,50,30,3,16.67,166.67,LSG
Naman Dhir,spin,PP,1,3,50,36,1,50.0,138.89,GT
YBK Jaiswal,spin,Death,2,3,49,27,1,49.0,181.48,RR
TP Ura,spin,PP,2,5,49,29,2,24.5,168.97,PBKS
YBK Jaiswal,neutralish,Death,1,2,49,17,1,49.0,288.24,RR
T Banton,neutralish,Death,1,3,49,30,2,24.5,163.33,SRH
JDS Neesham,pace,Middle,1,2,49,36,1,49.0,136.11,
PHKD Mendis,pace,Death,2,3,49,23,1,49.0,213.04,PBKS
RM Patidar,pace,Death,1,3,49,25,2,24.5,196.0,RCB
Shashank Singh,neutralish,Death,1,3,49,25,2,24.5,196.0,PBKS
Rishabh Chouhan,spin,Death,2,2,49,26,0,,188.46,GT
JC Buttler,pace,PP,2,4,49,36,2,24.5,136.11,SRH
PD Salt,spin,PP,1,4,49,28,3,16.33,175.0,RR
JJ Smit,pace,Middle,1,5,49,38,3,16.33,128.95,PBKS
JP Inglis,spin,PP,1,3,49,28,3,16.33,175.0,GT
Salil Arora,pace,Death,2,2,49,17,1,49.0,288.24,RCB
JM Sharma,neutralish,Middle,2,3,48,28,1,48.0,171.43,RCB
Sanvir Singh,neutralish,Death,1,2,48,24,1,48.0,200.0,PBKS
TM Head,pace,PP,2,5,48,45,3,16.0,106.67,
SR Hain,pace,Middle,1,2,48,32,1,48.0,150.0,
Nithish Kumar Reddy,neutralish,Middle,1,2,48,26,0,,184.62,GT
JM Sharma,spin,Middle,1,5,48,38,3,16.0,126.32,RCB
Chirag Jani,spin,Death,1,2,48,15,1,48.0,320.0,RCB
MJ Owen,pace,Middle,2,1,48,29,0,,165.52,DC
Abhishek Pathak,pace,PP,2,2,48,24,1,48.0,200.0,RCB
SA Yadav,neutralish,Middle,1,4,48,29,3,16.0,165.52,DC
HC Brook,pace,Middle,2,4,47,35,3,15.67,134.29,
N Pooran,spin,Death,2,4,47,18,4,11.75,261.11,MI
Aniket Verma,spin,Death,1,2,47,16,1,47.0,293.75,RR
R Parag,neutralish,Middle,2,3,47,38,0,,123.68,GT
KA Pollard,pace,Middle,1,2,47,28,1,47.0,167.86,CSK
N Sindhu,neutralish,Middle,1,5,47,38,2,23.5,123.68,DC
JC Buttler,pace,Middle,2,2,47,30,2,23.5,156.67,SRH
Shashank Singh,pace,Middle,2,3,47,26,1,47.0,180.77,PBKS
JN Loftie-Eaton,spin,Death,1,2,47,29,1,47.0,162.07,RR
Kumar Kushagra,neutralish,Middle,1,1,47,31,1,47.0,151.61,
Sameer Rizvi,spin,Death,1,3,47,26,3,15.67,180.77,LSG
MR Marsh,pace,Death,1,2,47,24,0,,195.83,MI
Babar Azam,pace,Middle,1,3,46,44,2,23.0,104.55,
V Nigam,neutralish,Middle,2,1,46,23,1,46.0,200.0,GT
Chirag Jani,neutralish,Death,1,4,46,25,3,15.33,184.0,RCB
KA Pollard,pace,Death,1,3,46,23,1,46.0,200.0,CSK
MJ Owen,pace,Death,2,4,46,25,3,15.33,184.0,DC
JP Inglis,spin,Middle,1,2,46,24,0,,191.67,GT
JP Inglis,neutralish,Death,1,3,46,18,3,15.33,255.56,GT
Smaran Ravichandran,pace,Middle,1,4,46,41,3,15.33,112.2,MI
RM Patidar,neutralish,Middle,2,2,46,41,0,,112.2,RCB
VR Iyer,pace,Middle,1,4,46,40,3,15.33,115.0,SRH
RG Sharma,pace,PP,1,6,46,25,2,23.0,184.0,KKR
WG Jacks,pace,PP,2,6,46,45,3,15.33,102.22,LSG
Naman Dhir,neutralish,Death,2,4,46,24,3,15.33,191.67,GT
N Wadhera,pace,Death,1,5,46,30,3,15.33,153.33,
Arshad Khan,neutralish,Death,1,3,46,21,1,46.0,219.05,MI
YBK Jaiswal,neutralish,Death,2,3,46,22,1,46.0,209.09,RR
Arshad Khan,spin,Death,1,3,46,25,2,23.0,184.0,MI
V Suryavanshi,neutralish,Middle,2,1,46,31,0,,148.39,PBKS
BM Duckett,neutralish,Middle,2,3,45,42,3,15.0,107.14,
D Brevis,neutralish,Middle,2,3,45,40,2,22.5,112.5,GT
Chirag Jani,pace,Death,2,2,45,17,1,45.0,264.71,RCB
RR Rossouw,spin,Middle,1,2,45,34,2,22.5,132.35,PBKS
GJ Maxwell,pace,Death,1,1,45,15,0,,300.0,DC
Babar Azam,pace,PP,1,3,45,35,1,45.0,128.57,
RM Patidar,pace,PP,2,4,45,32,2,22.5,140.62,RCB
AB de Villiers,neutralish,Death,2,3,45,26,2,22.5,173.08,CSK
DR Mousley,spin,PP,2,3,45,30,1,45.0,150.0,LSG
Vansh Bedi,pace,Death,2,3,45,21,1,45.0,214.29,PBKS
RG Sharma,neutralish,Death,2,2,45,17,1,45.0,264.71,KKR
Abdul Samad,pace,Death,1,4,45,30,3,15.0,150.0,SRH
Rohan Kunnummal,spin,Middle,1,1,45,24,0,,187.5,KKR
Arshad Khan,pace,Death,2,6,45,29,2,22.5,155.17,MI
JDS Neesham,pace,Middle,2,2,44,37,0,,118.92,
TH David,neutralish,Middle,1,3,44,29,3,14.67,151.72,GT
YK Pathan,spin,Death,1,4,44,23,3,14.67,191.3,
KA Maharaj,spin,Death,1,5,44,32,1,44.0,137.5,RCB
Salil Arora,pace,PP,2,3,44,21,1,44.0,209.52,RCB
V Nigam,spin,Middle,2,4,44,26,1,44.0,169.23,GT
WG Jacks,pace,Middle,2,4,44,43,3,14.67,102.33,LSG
C Green,spin,Middle,1,6,44,42,5,8.8,104.76,KKR
Waseem Muhammad,pace,Middle,2,3,44,32,2,22.0,137.5,
Tilak Varma,spin,Death,2,3,44,23,1,44.0,191.3,CSK
Salil Arora,spin,Death,1,2,44,20,1,44.0,220.0,RCB
GF Linde,neutralish,Middle,1,4,44,44,3,14.67,100.0,GT
HH Pandya,spin,Middle,1,3,44,26,2,22.0,169.23,SRH
D Brevis,spin,Death,1,2,44,21,1,44.0,209.52,GT
B Sai Sudharsan,neutralish,Middle,1,1,44,27,0,,162.96,CSK
SS Iyer,neutralish,Death,1,2,43,20,0,,215.0,MI
GD Phillips,pace,Death,2,2,43,17,2,21.5,252.94,RR
Tanush Kotian,spin,Middle,2,4,43,30,2,21.5,143.33,CSK
MJ Owen,spin,Middle,2,3,43,27,2,21.5,159.26,DC
Priyansh Arya,pace,Middle,1,4,43,26,4,10.75,165.38,RCB
KL Rahul,pace,Middle,1,2,43,22,2,21.5,195.45,SRH
Utkarsh Singh,spin,Death,1,3,43,20,2,21.5,215.0,PBKS
Ishan Kishan,spin,Death,1,2,43,26,1,43.0,165.38,KKR
GJ Maxwell,neutralish,Middle,2,2,43,30,2,21.5,143.33,DC
WG Jacks,spin,PP,2,5,43,28,3,14.33,153.57,LSG
AM Rahane,spin,Middle,2,3,42,34,3,14.0,123.53,CSK
Smaran Ravichandran,pace,PP,1,3,42,26,1,42.0,161.54,MI
Sameer Rizvi,neutralish,Middle,1,3,42,26,2,21.0,161.54,LSG
Priyansh Arya,neutralish,Death,2,2,42,15,2,21.0,280.0,RCB
HH Pandya,pace,Middle,2,5,42,32,5,8.4,131.25,SRH
R Parag,spin,PP,2,2,42,27,0,,155.56,GT
MP Stoinis,pace,Middle,1,4,42,31,2,21.0,135.48,
Hassan Nawaz,pace,Middle,1,4,42,31,3,14.0,135.48,
B Sai Sudharsan,spin,Death,2,3,42,23,2,21.0,182.61,CSK
SA Yadav,pace,Death,2,4,42,26,3,14.0,161.54,DC
N Pooran,neutralish,Death,1,3,42,18,2,21.0,233.33,MI
V Nigam,spin,Death,2,6,42,31,5,8.4,135.48,GT
N Pooran,pace,Middle,1,3,42,30,3,14.0,140.0,MI
Naman Dhir,pace,Death,1,3,42,23,2,21.0,182.61,GT
WG Jacks,neutralish,Middle,2,2,42,32,1,42.0,131.25,LSG
T Stubbs,spin,Middle,1,2,42,30,0,,140.0,PBKS
N Pooran,pace,Death,2,4,42,23,4,10.5,182.61,MI
Ravi Singh,pace,Middle,1,3,42,26,3,14.0,161.54,KKR
T Stubbs,neutralish,Death,1,3,42,24,1,42.0,175.0,PBKS
AM Rahane,neutralish,Death,1,1,41,18,0,,227.78,CSK
DR Mousley,pace,Death,2,2,41,18,1,41.0,227.78,LSG
Sahil Parakh,pace,PP,1,2,41,31,2,20.5,132.26,SRH
Abhishek Sharma,pace,Death,2,1,41,16,0,,256.25,MI
DR Mousley,spin,Middle,1,2,41,38,1,41.0,107.89,LSG
BA Stokes,pace,Death,1,3,41,25,1,41.0,164.0,RR
BM Duckett,spin,PP,2,3,41,29,3,13.67,141.38,
R Parag,spin,Middle,1,5,41,36,3,13.67,113.89,GT
Ravi Singh,pace,Middle,2,2,41,25,1,41.0,164.0,KKR
AK Markram,spin,Death,2,4,41,24,4,10.25,170.83,DC
RR Rossouw,pace,Middle,1,2,41,26,2,20.5,157.69,PBKS
Shubman Gill,pace,Death,2,2,41,19,0,,215.79,LSG
YBK Jaiswal,pace,PP,1,1,41,20,0,,205.0,RR
N Pooran,pace,Death,1,2,41,18,2,20.5,227.78,MI
C Connolly,neutralish,Middle,2,1,40,24,0,,166.67,
N Sindhu,neutralish,Death,2,2,40,14,2,20.0,285.71,DC
WL Madsen,pace,Middle,1,2,40,26,2,20.0,153.85,KKR
Suryansh Shedge,neutralish,Death,2,3,40,23,2,20.0,173.91,KKR
Aniket Verma,pace,Death,1,3,40,22,1,40.0,181.82,RR
AD Russell,neutralish,Middle,1,2,40,22,2,20.0,181.82,DC
TM Head,spin,Middle,2,2,40,37,2,20.0,108.11,
Usman Khan (2),neutralish,Middle,1,1,40,29,1,40.0,137.93,
CH Gayle,neutralish,Death,2,2,40,20,0,,200.0,RCB
YBK Jaiswal,spin,Middle,2,4,40,39,1,40.0,102.56,RR
Abdul Samad,pace,Middle,2,2,40,18,0,,222.22,SRH
WG Jacks,pace,Death,1,4,40,28,4,10.0,142.86,LSG
Suryansh Shedge,spin,Death,2,1,40,17,0,,235.29,KKR
V Nigam,pace,Death,2,2,40,17,0,,235.29,GT
Naman Dhir,pace,Death,2,3,39,19,2,19.5,205.26,GT
Salil Arora,spin,Death,2,4,39,16,2,19.5,243.75,RCB
P Simran Singh,spin,Middle,1,2,39,23,2,19.5,169.57,SRH
Hassan Nawaz,neutralish,PP,2,3,39,38,0,,102.63,
R Powell,pace,Death,1,3,39,20,3,13.0,195.0,
Abhishek Sharma,neutralish,Middle,2,2,39,21,2,19.5,185.71,MI
JP Inglis,neutralish,Death,2,2,39,21,0,,185.71,GT
MS Dhoni,pace,Middle,2,2,39,20,0,,195.0,KKR
Aniket Verma,neutralish,Middle,1,2,39,26,1,39.0,150.0,RR
KL Rahul,neutralish,PP,1,4,39,23,1,39.0,169.57,SRH
Sakibul Gani,pace,Death,1,4,39,34,2,19.5,114.71,MI
AM Rahane,neutralish,Middle,1,1,39,24,0,,162.5,CSK
Naman Dhir,spin,Death,1,1,38,15,1,38.0,253.33,GT
AA Kulkarni,neutralish,PP,1,2,38,24,1,38.0,158.33,GT
Abishek Porel,spin,PP,1,2,38,27,2,19.0,140.74,LSG
TH David,pace,Middle,2,3,38,27,2,19.0,140.74,GT
BJ McMullen,pace,Death,1,4,38,22,3,12.67,172.73,DC
RD Rickelton,spin,Middle,1,1,38,26,0,,146.15,RR
V Kohli,neutralish,PP,1,4,38,29,4,9.5,131.03,RR
Suryansh Shedge,pace,Death,2,3,38,19,3,12.67,200.0,KKR
Sameer Rizvi,neutralish,Death,2,2,38,15,0,,253.33,LSG
Tarang Gohel,spin,PP,1,1,38,20,1,38.0,190.0,DC
GD Phillips,spin,PP,1,2,38,16,0,,237.5,RR
R Parag,spin,Death,1,2,38,19,1,38.0,200.0,GT
Ramandeep Singh,pace,Death,1,5,38,23,4,9.5,165.22,KKR
JP Inglis,pace,PP,1,3,38,27,2,19.0,140.74,GT
Sameer Rizvi,neutralish,Middle,2,2,38,25,1,38.0,152.0,LSG
BJ McMullen,pace,Middle,1,3,38,29,1,38.0,131.03,DC
N Rana,spin,Middle,2,1,38,26,1,38.0,146.15,PBKS
Gaurav Puri,spin,Middle,2,3,38,31,1,38.0,122.58,
KK Nair,neutralish,Death,1,2,38,13,2,19.0,292.31,CSK
FH Allen,pace,Death,1,2,37,17,1,37.0,217.65,LSG
Arshad Khan,pace,Death,1,2,37,13,1,37.0,284.62,MI
KD Karthik,pace,Middle,2,3,37,31,1,37.0,119.35,RR
KL Rahul,pace,Death,2,3,37,14,2,18.5,264.29,SRH
D Brevis,neutralish,Middle,1,1,37,15,1,37.0,246.67,GT
VR Iyer,neutralish,PP,1,1,37,9,0,,411.11,SRH
Aniket Verma,pace,Death,2,3,37,22,1,37.0,168.18,RR
YK Pathan,pace,Death,2,6,37,29,2,18.5,127.59,
Atharva Taide,neutralish,Death,2,2,37,21,1,37.0,176.19,RCB
TH David,spin,Death,1,5,37,28,3,12.33,132.14,GT
RR Rossouw,pace,PP,2,3,37,35,1,37.0,105.71,PBKS
PD Salt,neutralish,Death,2,3,37,21,2,18.5,176.19,RR
Shashank Singh,spin,PP,1,2,37,17,0,,217.65,PBKS
Jaskaran Singh,pace,Death,1,4,37,25,2,18.5,148.0,
JP Inglis,pace,Death,1,3,37,19,2,18.5,194.74,GT
AA Kulkarni,neutralish,Death,1,1,37,13,1,37.0,284.62,GT
P Simran Singh,neutralish,Death,2,5,36,33,4,9.0,109.09,SRH
V Nigam,neutralish,Death,1,1,36,17,1,36.0,211.76,GT
TM Head,spin,PP,2,2,36,30,0,,120.0,
Aniket Verma,spin,PP,2,3,36,19,0,,189.47,RR
Abdul Samad,neutralish,PP,1,1,36,23,0,,156.52,SRH
Smaran Ravichandran,spin,Death,1,5,36,22,4,9.0,163.64,MI
GD Phillips,neutralish,Middle,2,3,36,16,1,36.0,225.0,RR
JDS Neesham,pace,Death,1,3,35,24,3,11.67,145.83,
Ishan Kishan,spin,Death,2,1,35,14,0,,250.0,KKR
RA Jadeja,neutralish,Middle,2,3,35,27,3,11.67,129.63,LSG
SA Yadav,spin,Death,1,1,35,14,0,,250.0,DC
Rahul Singh,pace,PP,1,3,35,28,2,17.5,125.0,
GD Phillips,spin,Middle,2,4,35,35,1,35.0,100.0,RR
Babar Azam,pace,PP,2,3,35,36,2,17.5,97.22,
S Dube,spin,PP,1,4,35,32,3,11.67,109.38,RR
JG Bethell,pace,Middle,2,2,35,28,1,35.0,125.0,GT
FH Allen,spin,Middle,1,3,35,26,3,11.67,134.62,LSG
N Rana,pace,Death,1,2,35,17,2,17.5,205.88,PBKS
HS Desai,spin,Middle,2,1,35,19,1,35.0,184.21,
KL Rahul,spin,PP,2,2,35,22,1,35.0,159.09,SRH
Sakibul Gani,pace,Death,2,2,35,20,2,17.5,175.0,MI
D Wiese,neutralish,Death,1,2,35,16,2,17.5,218.75,KKR
AB de Villiers,spin,Death,1,3,35,19,2,17.5,184.21,CSK
Rohan Kunnummal,spin,PP,1,2,35,34,1,35.0,102.94,KKR
YK Pathan,neutralish,Death,2,2,34,20,2,17.0,170.0,
D Brevis,spin,Middle,1,1,34,23,1,34.0,147.83,GT
KD Karthik,pace,Death,1,1,34,13,1,34.0,261.54,RR
RA Jadeja,pace,Middle,2,3,34,30,2,17.0,113.33,LSG
AGS Gous,pace,PP,1,1,34,25,0,,136.0,DC
J Fraser-McGurk,pace,PP,1,5,34,29,5,6.8,117.24,KKR
TH David,spin,Middle,1,2,34,23,1,34.0,147.83,GT
TB Robinson,neutralish,Middle,1,1,34,26,1,34.0,130.77,
Nithish Kumar Reddy,neutralish,Death,1,4,34,19,2,17.0,178.95,GT
GJ Maxwell,spin,Death,2,1,34,20,0,,170.0,DC
Atharva Taide,pace,PP,1,1,34,17,1,34.0,200.0,RCB
Utkarsh Singh,neutralish,Death,1,2,34,23,1,34.0,147.83,PBKS
Urvil Patel,neutralish,Middle,1,3,34,21,3,11.33,161.9,MI
RK Singh,neutralish,Death,1,2,34,22,1,34.0,154.55,GT
DR Mousley,spin,Death,1,1,34,15,1,34.0,226.67,LSG
BJ McMullen,spin,Death,1,2,34,16,1,34.0,212.5,DC
RM Patidar,pace,Middle,2,3,34,27,3,11.33,125.93,RCB
Shadab Khan,spin,Middle,1,4,34,16,2,17.0,212.5,SRH
Abdul Samad,neutralish,Death,2,2,33,13,1,33.0,253.85,SRH
MJ Owen,pace,Middle,1,3,33,27,1,33.0,122.22,DC
Sakibul Gani,pace,Middle,1,2,33,23,0,,143.48,MI
BJ McMullen,spin,Middle,1,3,33,28,1,33.0,117.86,DC
Jay Gohil,spin,Death,1,1,33,13,0,,253.85,LSG
N Rana,spin,Middle,1,2,33,30,1,33.0,110.0,PBKS
Priyansh Arya,neutralish,Middle,1,2,33,21,2,16.5,157.14,RCB
C Green,spin,Death,2,2,33,12,2,16.5,275.0,KKR
BJ McMullen,spin,PP,1,3,33,24,1,33.0,137.5,DC
KL Rahul,pace,PP,1,3,33,24,1,33.0,137.5,SRH
V Kohli,spin,Middle,1,3,33,30,3,11.0,110.0,RR
RD Rickelton,neutralish,Middle,1,1,33,20,1,33.0,165.0,RR
B Sai Sudharsan,neutralish,PP,1,2,33,22,1,33.0,150.0,CSK
D Brevis,pace,Death,1,2,33,16,0,,206.25,GT
RA Jadeja,spin,Middle,1,3,33,26,0,,126.92,LSG
T Stubbs,spin,Middle,2,4,33,28,2,16.5,117.86,PBKS
Tushar Raheja,spin,PP,1,2,33,14,1,33.0,235.71,MI
RD Rickelton,pace,Middle,2,1,33,27,0,,122.22,RR
RG Sharma,neutralish,Middle,1,3,33,30,2,16.5,110.0,KKR
Shubman Gill,spin,Death,2,2,33,16,1,33.0,206.25,LSG
WG Jacks,spin,Death,1,2,33,23,1,33.0,143.48,LSG
JG Bethell,pace,Death,2,3,33,15,2,16.5,220.0,GT
AHT Donald,neutralish,Middle,2,1,33,19,1,33.0,173.68,PBKS
Ravi Singh,spin,Middle,2,2,32,17,0,,188.24,KKR
Nithish Kumar Reddy,spin,Death,2,3,32,20,1,32.0,160.0,GT
Hassan Nawaz,pace,PP,1,2,32,17,1,32.0,188.24,
Hassan Nawaz,neutralish,Death,2,2,32,10,0,,320.0,
P Simran Singh,neutralish,Middle,1,2,32,22,2,16.0,145.45,SRH
SP Narine,neutralish,PP,1,1,32,15,0,,213.33,PBKS
Akhil Singh Rawat,neutralish,Death,1,1,32,12,1,32.0,266.67,KKR
PD Salt,pace,Middle,2,3,32,22,3,10.67,145.45,RR
Shadab Khan,pace,Death,1,2,32,24,0,,133.33,SRH
GF Linde,spin,Death,2,3,32,20,1,32.0,160.0,GT
SP Narine,neutralish,PP,2,3,32,20,3,10.67,160.0,PBKS
AHT Donald,neutralish,PP,2,2,32,14,1,32.0,228.57,PBKS
Usman Khan (2),neutralish,PP,1,1,32,16,0,,200.0,
Smaran Ravichandran,spin,Death,2,4,32,26,3,10.67,123.08,MI
Dhruv Jurel,pace,PP,1,2,32,16,1,32.0,200.0,
Abdul Samad,neutralish,Middle,2,1,32,18,1,32.0,177.78,SRH
LS Livingstone,spin,Death,2,2,32,18,0,,177.78,KKR
Aniket Verma,neutralish,Death,1,2,32,15,1,32.0,213.33,RR
Arshad Khan,neutralish,Death,2,5,32,19,3,10.67,168.42,MI
MP Stoinis,spin,PP,1,2,32,36,1,32.0,88.89,
LS Livingstone,neutralish,PP,1,1,31,23,0,,134.78,KKR
AB de Villiers,neutralish,Middle,2,2,31,16,0,,193.75,CSK
KA Pollard,spin,PP,2,1,31,18,0,,172.22,CSK
AHT Donald,spin,Middle,1,1,31,17,0,,182.35,PBKS
Kartik Sharma,pace,Middle,2,2,31,15,1,31.0,206.67,SRH
Ankit Kumar,pace,Middle,2,1,31,20,1,31.0,155.0,SRH
C Green,neutralish,PP,2,2,31,20,0,,155.0,KKR
WG Jacks,pace,Death,2,1,31,14,1,31.0,221.43,LSG
DW Lawrence,neutralish,Death,1,2,31,16,2,15.5,193.75,DC
PHKD Mendis,neutralish,Middle,1,1,31,22,0,,140.91,PBKS
Abhishek Sharma,spin,Death,1,1,31,15,1,31.0,206.67,MI
YBK Jaiswal,spin,PP,2,2,31,22,2,15.5,140.91,RR
TH David,neutralish,Death,1,3,31,23,1,31.0,134.78,GT
Abishek Porel,spin,Middle,2,3,31,32,3,10.33,96.88,LSG
Shashank Singh,spin,Middle,1,6,31,32,5,6.2,96.88,PBKS
YBK Jaiswal,spin,Death,1,1,31,13,0,,238.46,RR
D Brevis,pace,Death,2,2,31,13,0,,238.46,GT
Mohammad Nabi,pace,Middle,2,1,31,19,1,31.0,163.16,RR
R Powell,pace,Middle,2,3,31,37,2,15.5,83.78,
Hemang Patel,pace,Death,1,3,30,22,2,15.0,136.36,
HS Desai,neutralish,Middle,2,1,30,19,1,30.0,157.89,
Urvil Patel,neutralish,Death,2,1,30,13,0,,230.77,MI
Karan Lal,neutralish,Death,2,5,30,25,2,15.0,120.0,RR
R Powell,neutralish,Middle,2,1,30,17,1,30.0,176.47,
PWH de Silva,spin,Death,2,3,30,15,0,,200.0,RCB
T Stubbs,neutralish,Middle,2,2,30,25,1,30.0,120.0,PBKS
LS Livingstone,spin,Middle,2,2,30,33,2,15.0,90.91,KKR
JC Buttler,neutralish,Middle,2,1,30,21,0,,142.86,SRH
KA Pollard,neutralish,PP,2,2,30,15,0,,200.0,CSK
JN Loftie-Eaton,spin,Death,2,3,30,23,1,30.0,130.43,RR
AJ Hosein,spin,Death,1,2,30,13,0,,230.77,MI
Shashwat Rawat,neutralish,PP,1,1,30,15,1,30.0,200.0,
MR Marsh,neutralish,Death,2,2,30,16,1,30.0,187.5,MI
DR Mousley,spin,Middle,2,2,30,21,2,15.0,142.86,LSG
DR Mousley,pace,PP,2,1,30,21,0,,142.86,LSG
TA Boult,pace,Death,2,3,30,24,3,10.0,125.0,SRH
DR Mousley,pace,Middle,1,1,30,16,0,,187.5,LSG
KL Rahul,spin,Death,2,2,30,12,0,,250.0,SRH
Tushar Raheja,neutralish,PP,2,1,30,22,1,30.0,136.36,MI
HH Pandya,neutralish,Death,2,3,29,13,2,14.5,223.08,SRH
Yuvraj Chaudhary,pace,PP,1,1,29,16,1,29.0,181.25,
C Green,spin,PP,2,3,29,27,0,,107.41,KKR
Tilak Varma,neutralish,Death,1,1,29,14,1,29.0,207.14,CSK
Vansh Bedi,spin,PP,2,1,29,11,1,29.0,263.64,PBKS
PD Salt,spin,Middle,1,2,29,16,2,14.5,181.25,RR
Rahul Singh,pace,Middle,1,1,29,16,1,29.0,181.25,
TM Head,neutralish,PP,1,1,29,12,1,29.0,241.67,
FH Allen,pace,Death,2,2,29,19,2,14.5,152.63,LSG
Shashwat Rawat,pace,PP,1,1,29,20,0,,145.0,
MS Dhoni,spin,Death,2,1,29,13,0,,223.08,KKR
JG Bethell,neutralish,Death,1,2,29,14,2,14.5,207.14,GT
Abdul Samad,spin,Middle,1,1,29,27,0,,107.41,SRH
JC Buttler,spin,Death,2,3,29,22,1,29.0,131.82,SRH
AM Hardie,pace,Death,1,2,29,18,0,,161.11,
MS Pepper,neutralish,Middle,1,1,29,18,0,,161.11,KKR
Sakibul Gani,pace,Middle,2,3,28,20,1,28.0,140.0,MI
T Stubbs,pace,Death,1,1,28,15,0,,186.67,PBKS
Tushar Raheja,pace,Middle,2,2,28,17,2,14.0,164.71,MI
RA Jadeja,pace,Death,1,2,28,19,2,14.0,147.37,LSG
AR Ramjani,spin,Death,2,6,28,42,1,28.0,66.67,PBKS
BA Stokes,pace,Death,2,3,28,17,3,9.33,164.71,RR
V Suryavanshi,pace,Death,1,2,28,12,2,14.0,233.33,PBKS
V Suryavanshi,neutralish,PP,2,1,28,19,0,,147.37,PBKS
Urvil Patel,pace,Middle,2,2,28,31,2,14.0,90.32,MI
MG Erasmus,spin,Death,2,3,28,19,3,9.33,147.37,
R Sai Kishore,spin,Death,1,4,28,20,2,14.0,140.0,SRH
FH Allen,spin,Middle,2,2,28,13,2,14.0,215.38,LSG
AGS Gous,pace,Death,2,1,28,13,1,28.0,215.38,DC
Abhishek Pathak,neutralish,PP,1,1,28,21,0,,133.33,RCB
AHT Donald,spin,PP,2,2,28,14,1,28.0,200.0,PBKS
Sakibul Gani,neutralish,Death,1,1,28,8,1,28.0,350.0,MI
Salman Nizar,pace,Death,1,2,28,16,1,28.0,175.0,KKR
MS Pepper,pace,Death,1,1,28,14,0,,200.0,KKR
AD Russell,neutralish,Death,2,3,28,13,1,28.0,215.38,DC
Rahul Singh,neutralish,Middle,2,2,28,18,1,28.0,155.56,
JC Buttler,neutralish,Death,2,2,28,11,1,28.0,254.55,SRH
B Sai Sudharsan,pace,Middle,1,1,28,14,0,,200.0,CSK
N Sindhu,pace,PP,2,4,28,12,2,14.0,233.33,DC
PP Shaw,pace,PP,1,1,28,24,0,,116.67,
RD Rickelton,neutralish,PP,1,4,27,35,3,9.0,77.14,RR
RD Gaikwad,spin,Death,2,2,27,12,1,27.0,225.0,CSK
R Parag,neutralish,PP,2,2,27,15,1,27.0,180.0,GT
MJ Owen,neutralish,Middle,2,2,27,16,2,13.5,168.75,DC
Utkarsh Singh,spin,Death,2,3,27,19,3,9.0,142.11,PBKS
J Fraser-McGurk,pace,PP,2,2,27,13,2,13.5,207.69,KKR
HS Desai,pace,Middle,1,2,27,21,2,13.5,128.57,
HH Pandya,pace,Death,2,1,27,11,0,,245.45,SRH
Abdul Samad,spin,PP,1,2,27,19,1,27.0,142.11,SRH
TB Robinson,pace,PP,1,1,27,21,1,27.0,128.57,
SS Iyer,spin,PP,1,3,27,20,2,13.5,135.0,MI
AK Markram,pace,Middle,2,1,27,23,1,27.0,117.39,DC
JM Coles,spin,Middle,1,6,27,37,3,9.0,72.97,MI
Anmolpreet Singh,spin,Middle,1,3,27,20,1,27.0,135.0,RR
Jay Gohil,pace,Middle,1,6,27,25,2,13.5,108.0,LSG
HC Brook,pace,Middle,1,1,27,27,1,27.0,100.0,
Karan Shinde,pace,Middle,2,2,27,21,1,27.0,128.57,DC
BJ McMullen,neutralish,Death,2,3,27,16,2,13.5,168.75,DC
D Brevis,spin,Middle,2,4,27,34,2,13.5,79.41,GT
Kartik Sharma,pace,Death,2,2,27,14,1,27.0,192.86,SRH
Anmolpreet Singh,neutralish,Middle,2,1,27,19,0,,142.11,RR
Ankit Kumar,spin,PP,1,2,26,24,1,26.0,108.33,SRH
SR Watson,pace,Death,2,2,26,12,1,26.0,216.67,LSG
Akash Vasisht,spin,Middle,2,3,26,28,0,,92.86,DC
AM Rahane,spin,Death,1,2,26,16,2,13.0,162.5,CSK
T Stubbs,neutralish,Death,2,2,26,10,1,26.0,260.0,PBKS
WL Madsen,neutralish,Death,2,3,26,15,2,13.0,173.33,KKR
KA Pollard,neutralish,Death,2,1,26,12,0,,216.67,CSK
PWH de Silva,neutralish,Death,2,3,26,9,2,13.0,288.89,RCB
Tushar Raheja,spin,Middle,1,1,26,16,1,26.0,162.5,MI
Abhishek Pathak,neutralish,Middle,1,1,26,17,1,26.0,152.94,RCB
MW Short,spin,Middle,1,1,26,18,0,,144.44,SRH
AK Markram,neutralish,Death,2,1,26,15,1,26.0,173.33,DC
DW Lawrence,spin,Death,1,1,26,11,0,,236.36,DC
Karan Shinde,pace,Death,2,2,26,15,1,26.0,173.33,DC
J Fraser-McGurk,spin,Middle,1,3,26,20,3,8.67,130.0,KKR
Sahil Parakh,spin,Middle,2,2,26,22,2,13.0,118.18,SRH
GF Linde,pace,Death,1,2,26,20,1,26.0,130.0,GT
AA Kulkarni,neutralish,Middle,1,2,26,23,1,26.0,113.04,GT
JM Sharma,neutralish,Middle,1,3,25,19,1,25.0,131.58,RCB
J Fraser-McGurk,neutralish,Middle,2,2,25,21,2,12.5,119.05,KKR
KA Pollard,spin,Middle,2,3,25,19,3,8.33,131.58,CSK
R Powell,pace,PP,1,1,25,17,0,,147.06,
JC Buttler,neutralish,PP,2,2,25,14,2,12.5,178.57,SRH
Azmatullah Omarzai,pace,Death,1,2,25,16,2,12.5,156.25,
Tarang Gohel,spin,Death,2,2,25,11,2,12.5,227.27,DC
Rohan Kunnummal,spin,Death,1,1,25,10,0,,250.0,KKR
Hassan Nawaz,pace,Death,1,1,25,8,1,25.0,312.5,
Akash Vasisht,spin,Death,2,2,25,13,1,25.0,192.31,DC
PHKD Mendis,spin,Middle,2,1,25,16,1,25.0,156.25,PBKS
BM Duckett,spin,Middle,1,1,25,16,1,25.0,156.25,
Akshay Karnewar,spin,Death,1,1,25,16,0,,156.25,
Kartik Sharma,pace,PP,2,1,25,15,1,25.0,166.67,SRH
JC Buttler,neutralish,PP,1,3,25,20,0,,125.0,SRH
SA Yadav,spin,Death,2,4,25,17,4,6.25,147.06,DC
H Klaasen,neutralish,Death,1,1,25,8,1,25.0,312.5,CSK
KH Pandya,spin,Death,1,3,25,21,1,25.0,119.05,DC
Vansh Bedi,pace,Middle,2,2,25,21,0,,119.05,PBKS
AM Rahane,neutralish,Middle,2,1,25,19,0,,131.58,CSK
DP Conway,spin,Middle,1,1,25,25,0,,100.0,
DAJ Bracewell,pace,Middle,1,3,25,16,3,8.33,156.25,
RD Gaikwad,neutralish,Middle,2,1,24,16,1,24.0,150.0,CSK
C Green,neutralish,Middle,1,2,24,18,1,24.0,133.33,KKR
Babar Azam,spin,Middle,2,1,24,18,1,24.0,133.33,
VR Iyer,pace,Death,2,3,24,19,2,12.0,126.32,SRH
Tilak Varma,spin,Middle,1,2,24,18,2,12.0,133.33,CSK
SS Iyer,neutralish,PP,2,2,24,19,2,12.0,126.32,MI
RK Bhui,pace,Middle,1,1,24,20,0,,120.0,
Faisal Khan,spin,Death,1,1,24,13,1,24.0,184.62,
RG Sharma,spin,Death,2,3,24,18,2,12.0,133.33,KKR
AB de Villiers,pace,Death,2,3,24,15,2,12.0,160.0,CSK
DS Airee,pace,Death,2,1,24,14,1,24.0,171.43,
PP Shaw,spin,PP,1,1,24,15,0,,160.0,
CH Gayle,neutralish,Death,1,2,24,13,2,12.0,184.62,RCB
Abishek Porel,pace,PP,1,2,24,14,0,,171.43,LSG
Hassan Nawaz,spin,Death,2,2,24,12,1,24.0,200.0,
SR Watson,pace,Middle,2,1,24,14,1,24.0,171.43,LSG
VR Iyer,spin,Death,2,3,24,14,2,12.0,171.43,SRH
V Suryavanshi,neutralish,Death,1,1,23,11,0,,209.09,PBKS
Smaran Ravichandran,pace,Death,1,1,23,14,1,23.0,164.29,MI
BM Duckett,pace,PP,2,2,23,15,1,23.0,153.33,
RA Jadeja,neutralish,Death,2,2,23,12,1,23.0,191.67,LSG
KK Nair,neutralish,Middle,2,1,23,17,0,,135.29,CSK
Ashutosh Sharma,pace,Middle,1,2,23,20,0,,115.0,GT
RA Bawa,neutralish,Death,1,1,23,13,0,,176.92,SRH
V Kohli,pace,Death,2,1,23,10,0,,230.0,RR
MR Marsh,pace,Middle,2,3,23,11,2,11.5,209.09,MI
WL Madsen,pace,PP,1,2,23,18,0,,127.78,KKR
Karan Shinde,neutralish,Death,2,3,23,11,1,23.0,209.09,DC
WL Madsen,pace,Death,2,1,23,13,0,,176.92,KKR
Abdul Samad,pace,Death,2,2,23,20,2,11.5,115.0,SRH
PP Shaw,spin,Middle,1,1,23,22,0,,104.55,
Ravi Singh,neutralish,Middle,1,1,23,9,0,,255.56,KKR
N Pooran,spin,Middle,2,4,23,22,2,11.5,104.55,MI
Smaran Ravichandran,neutralish,Middle,1,3,23,18,2,11.5,127.78,MI
N Sindhu,spin,Death,2,1,23,7,0,,328.57,DC
R Shepherd,neutralish,Death,1,2,23,12,0,,191.67,
HS Desai,pace,PP,1,2,23,12,0,,191.67,
D Wiese,spin,Death,2,2,23,16,2,11.5,143.75,KKR
RA Jadeja,spin,Death,2,3,23,10,1,23.0,230.0,LSG
Gaurav Puri,spin,Death,2,3,23,12,3,7.67,191.67,
Mohammad Nabi,spin,Death,1,2,23,16,2,11.5,143.75,RR
Anmolpreet Singh,pace,PP,1,1,23,21,1,23.0,109.52,RR
D Brevis,spin,Death,2,2,23,12,2,11.5,191.67,GT
Rahul Singh,spin,Middle,2,2,23,15,1,23.0,153.33,
Babar Azam,pace,Middle,2,2,23,16,1,23.0,143.75,
D Wiese,spin,Death,1,3,23,13,3,7.67,176.92,KKR
C Green,spin,Death,1,1,23,10,1,23.0,230.0,KKR
RR Rossouw,neutralish,PP,1,2,23,14,1,23.0,164.29,PBKS
PD Salt,neutralish,Middle,1,1,23,19,1,23.0,121.05,RR
PD Salt,pace,Death,1,2,22,9,2,11.0,244.44,RR
Shashank Singh,spin,Death,2,4,22,17,3,7.33,129.41,PBKS
Hemang Patel,pace,Middle,1,1,22,19,0,,115.79,
Sikandar Raza,pace,Death,2,1,22,12,1,22.0,183.33,
Washington Sundar,spin,Death,1,4,22,19,1,22.0,115.79,GT
N Sindhu,spin,Middle,2,4,22,20,4,5.5,110.0,DC
BJ McMullen,spin,Middle,2,1,22,16,1,22.0,137.5,DC
GD Phillips,neutralish,Death,1,1,22,7,1,22.0,314.29,RR
DJ Bravo,pace,Death,1,3,22,19,2,11.0,115.79,
Azmatullah Omarzai,pace,Middle,1,1,22,19,0,,115.79,
MJ Owen,neutralish,Death,1,3,22,16,3,7.33,137.5,DC
TH David,pace,PP,1,1,22,5,1,22.0,440.0,GT
K Kartikeya,spin,Death,2,3,22,15,3,7.33,146.67,KKR
KD Karthik,neutralish,Middle,1,1,22,12,1,22.0,183.33,RR
LS Livingstone,spin,Middle,1,1,22,18,1,22.0,122.22,KKR
Akash Vasisht,spin,Death,1,2,22,14,2,11.0,157.14,DC
AM Rahane,pace,PP,2,1,22,16,1,22.0,137.5,CSK
Karan Lal,spin,Death,2,3,22,21,2,11.0,104.76,RR
Suryansh Shedge,pace,Middle,1,2,22,17,0,,129.41,KKR
Kartik Sharma,neutralish,Death,2,5,22,16,3,7.33,137.5,SRH
JG Bethell,neutralish,Middle,1,2,22,23,0,,95.65,GT
Karan Shinde,spin,Death,1,2,22,10,2,11.0,220.0,DC
TM Head,pace,Middle,2,2,22,16,2,11.0,137.5,
Naseem Shah,neutralish,Death,2,1,21,10,0,,210.0,RR
Shashank Singh,spin,PP,2,2,21,11,1,21.0,190.91,PBKS
Hassan Nawaz,neutralish,Death,1,2,21,13,2,10.5,161.54,
T Banton,spin,Death,1,3,21,10,2,10.5,210.0,SRH
N Pooran,neutralish,Death,2,2,21,9,2,10.5,233.33,MI
Chirag Jani,pace,PP,1,2,21,13,1,21.0,161.54,RCB
D Brevis,neutralish,Death,2,1,21,16,0,,131.25,GT
Abdul Samad,spin,Death,1,3,21,17,0,,123.53,SRH
Shaheen Shah Afridi,pace,Death,1,3,21,29,2,10.5,72.41,DC
N Sindhu,neutralish,PP,2,1,21,11,0,,190.91,DC
N Rana,pace,Death,2,1,21,13,0,,161.54,PBKS
Nithish Kumar Reddy,pace,Middle,1,2,21,18,2,10.5,116.67,GT
TB Robinson,neutralish,Death,2,1,21,7,1,21.0,300.0,
AM Hardie,spin,PP,2,1,21,25,0,,84.0,
Karan Shinde,neutralish,Middle,2,1,21,14,0,,150.0,DC
LS Livingstone,neutralish,PP,2,1,21,18,0,,116.67,KKR
JC Archer,pace,Death,1,4,21,30,3,7.0,70.0,LSG
Priyansh Arya,spin,Death,2,2,21,12,1,21.0,175.0,RCB
JJ Smit,neutralish,Middle,1,2,21,22,0,,95.45,PBKS
MP Stoinis,neutralish,PP,1,1,21,13,0,,161.54,
Arshad Khan,spin,Death,2,2,21,17,2,10.5,123.53,MI
Atharva Taide,spin,PP,1,1,21,18,1,21.0,116.67,RCB
VR Iyer,pace,Death,1,2,21,12,1,21.0,175.0,SRH
D Wiese,pace,Death,2,3,20,12,2,10.0,166.67,KKR
Ishan Kishan,spin,Middle,2,1,20,22,0,,90.91,KKR
JM Coles,spin,Death,1,3,20,18,2,10.0,111.11,MI
SR Dickson,spin,Middle,2,1,20,18,0,,111.11,
RA Jadeja,pace,Death,2,1,20,11,1,20.0,181.82,LSG
Sumit Kumar,pace,Death,1,1,20,15,0,,133.33,
JG Bethell,spin,Middle,1,2,20,21,1,20.0,95.24,GT
Kumar Kushagra,pace,Death,2,2,20,7,1,20.0,285.71,
Abdul Samad,spin,Middle,2,2,20,22,1,20.0,90.91,SRH
WG Jacks,neutralish,Death,2,1,20,9,1,20.0,222.22,LSG
Ishan Kishan,spin,PP,2,3,20,21,2,10.0,95.24,KKR
RR Rossouw,spin,PP,1,2,20,16,1,20.0,125.0,PBKS
DP Conway,spin,PP,2,2,20,27,1,20.0,74.07,
WG Jacks,neutralish,PP,2,2,20,11,1,20.0,181.82,LSG
JC Buttler,spin,PP,2,2,20,12,1,20.0,166.67,SRH
JC Buttler,spin,PP,1,2,20,13,1,20.0,153.85,SRH
JM Sharma,pace,PP,2,2,20,11,0,,181.82,RCB
Dhruv Jurel,spin,PP,1,1,20,18,0,,111.11,
Vansh Bedi,neutralish,Death,1,1,20,10,0,,200.0,PBKS
MJ Owen,neutralish,Middle,1,3,20,17,0,,117.65,DC
Sakibul Gani,spin,Death,1,2,20,13,2,10.0,153.85,MI
Hassan Nawaz,pace,PP,2,1,20,8,1,20.0,250.0,
Jay Gohil,spin,Death,2,2,20,11,0,,181.82,LSG
KA Pollard,neutralish,Middle,1,2,20,13,0,,153.85,CSK
MS Dhoni,pace,Death,1,1,20,11,0,,181.82,KKR
Suryansh Shedge,pace,Death,1,2,20,22,0,,90.91,KKR
MP Stoinis,neutralish,PP,2,2,20,20,2,10.0,100.0,
