match_id,season,start_date,venue,innings,ball,batting_team,bowling_team,striker,non_striker,bowler,runs_off_bat,extras,wides,noballs,byes,legbyes,wicket_type,player_dismissed,legal_balls_bowled,wicket_event,fielder,legality,bowler_wicket,islegal,isDotforBatter,isOne,isTwo,isThree,isStrikeRotation,isFour,isSix,isBowlerWicket,is_striker_Out,is_nonstriker_Out,isWicket,total_runs,runs_scored,wickets_down,run_rate,last_fow,partnership_runs,isno,is_faced_by_batter,last_fow_run_rate,fours,sixes,striker_batting_position,non_striker_batting_position,runs_conceeded,isDotforbowler,legal_balls_remaining,target,runs_remaining,reqd_run_rate
S02M001,2,05/04/25,PBKS,1,1,PBKS,CSK,Q de Kock,RG Sharma,M Siddharth,3,0,0,0,0,0,,,1,,,TRUE,FALSE,1,0,0,0,1,1,0,0,0,0,0,0,3,3,0,18,0,3,0,1,,0,0,1,2,3,0,,,,
S02M001,2,05/04/25,PBKS,1,2,PBKS,CSK,RG Sharma,Q de Kock,M Siddharth,0,0,0,0,0,0,,,2,,,TRUE,FALSE,1,1,0,0,0,0,0,0,0,0,0,0,0,3,0,9,0,3,0,1,,0,0,2,1,0,1,,,,
S02M001,2,05/04/25,PBKS,1,3,PBKS,CSK,RG Sharma,Q de Kock,M Siddharth,1,0,0,0,0,0,,,3,,,TRUE,FALSE,1,0,1,0,0,1,0,0,0,0,0,0,1,4,0,8,0,4,0,1,,0,0,2,1,1,0,,,,
S02M001,2,05/04/25,PBKS,1,4,PBKS,CSK,Q de Kock,RG Sharma,M Siddharth,1,0,0,0,0,0,,,4,,,TRUE,FALSE,1,0,1,0,0,1,0,0,0,0,0,0,1,5,0,7.5,0,5,0,1,,0,0,1,2,1,0,,,,
S02M001,2,05/04/25,PBKS,1,5,PBKS,CSK,RG Sharma,Q de Kock,M Siddharth,1,0,0,0,0,0,,,5,,,TRUE,FALSE,1,0,1,0,0,1,0,0,0,0,0,0,1,6,0,7.2,0,6,0,1,,0,0,2,1,1,0,,,,
S02M001,2,05/04/25,PBKS,1,6,PBKS,CSK,Q de Kock,RG Sharma,M Siddharth,0,1,1,0,0,0,,,5,,,FALSE,FALSE,0,0,0,0,0,0,0,0,0,0,0,0,1,7,0,8.4,0,7,0,0,,0,0,1,2,1,0,,,,
S02M001,2,05/04/25,PBKS,1,7,PBKS,CSK,Q de Kock,RG Sharma,M Siddharth,1,0,0,0,0,0,,,6,,,TRUE,FALSE,1,0,1,0,0,1,0,0,0,0,0,0,1,8,0,8,0,8,0,1,,0,0,1,2,1,0,,,,
S02M001,2,05/04/25,PBKS,1,8,PBKS,CSK,Q de Kock,RG Sharma,Mohammad Ghazanfar,1,0,0,0,0,0,,,7,,,TRUE,FALSE,1,0,1,0,0,1,0,0,0,0,0,0,1,9,0,7.714285714,0,9,0,1,,0,0,1,2,1,0,,,,
S02M001,2,05/04/25,PBKS,1,9,PBKS,CSK,RG Sharma,Q de Kock,Mohammad Ghazanfar,1,0,0,0,0,0,,,8,,,TRUE,FALSE,1,0,1,0,0,1,0,0,0,0,0,0,1,10,0,7.5,0,10,0,1,,0,0,2,1,1,0,,,,
S02M001,2,05/04/25,PBKS,1,10,PBKS,CSK,Q de Kock,RG Sharma,Mohammad Ghazanfar,1,0,0,0,0,0,,,9,,,TRUE,FALSE,1,0,1,0,0,1,0,0,0,0,0,0,1,11,0,7.333333333,0,11,0,1,,0,0,1,2,1,0,,,,
S02M001,2,05/04/25,PBKS,1,11,PBKS,CSK,RG Sharma,Q de Kock,Mohammad Ghazanfar,1,0,0,0,0,0,,,10,,,TRUE,FALSE,1,0,1,0,0,1,0,0,0,0,0,0,1,12,0,7.2,0,12,0,1,,0,0,2,1,1,0,,,,
S02M001,2,05/04/25,PBKS,1,12,PBKS,CSK,Q de Kock,RG Sharma,Mohammad Ghazanfar,1,0,0,0,0,0,,,11,,,TRUE,FALSE,1,0,1,0,0,1,0,0,0,0,0,0,1,13,0,7.090909091,0,13,0,1,,0,0,1,2,1,0,,,,
S02M001,2,05/04/25,PBKS,1,13,PBKS,CSK,RG Sharma,Q de Kock,Mohammad Ghazanfar,4,0,0,0,0,0,,,12,,,TRUE,FALSE,1,0,0,0,0,0,1,0,0,0,0,0,4,17,0,8.5,0,17,0,1,,1,0,2,1,4,0,,,,
S02M001,2,05/04/25,PBKS,1,14,PBKS,CSK,Q de Kock,RG Sharma,M Siddharth,0,1,1,0,0,0,,,12,,,FALSE,FALSE,0,0,0,0,0,0,0,0,0,0,0,0,1,18,0,9,0,18,0,0,,1,0,1,2,1,0,,,,
S02M001,2,05/04/25,PBKS,1,15,PBKS,CSK,Q de Kock,RG Sharma,M Siddharth,0,0,0,0,0,0,,,13,,,TRUE,FALSE,1,1,0,0,0,0,0,0,0,0,0,0,0,18,0,8.307692308,0,18,0,1,,1,0,1,2,0,1,,,,
S02M001,2,05/04/25,PBKS,1,16,PBKS,CSK,Q de Kock,RG Sharma,M Siddharth,0,0,0,0,0,0,,,14,,,TRUE,FALSE,1,1,0,0,0,0,0,0,0,0,0,0,0,18,0,7.714285714,0,18,0,1,,1,0,1,2,0,1,,,,
S02M001,2,05/04/25,PBKS,1,17,PBKS,CSK,Q de Kock,RG Sharma,M Siddharth,1,0,0,0,0,0,,,15,,,TRUE,FALSE,1,0,1,0,0,1,0,0,0,0,0,0,1,19,0,7.6,0,19,0,1,,1,0,1,2,1,0,,,,
S02M001,2,05/04/25,PBKS,1,18,PBKS,CSK,RG Sharma,Q de Kock,M Siddharth,0,0,0,0,0,0,,,16,,,TRUE,FALSE,1,1,0,0,0,0,0,0,0,0,0,0,0,19,0,7.125,0,19,0,1,,1,0,2,1,0,1,,,,
S02M001,2,05/04/25,PBKS,1,19,PBKS,CSK,RG Sharma,Q de Kock,M Siddharth,0,0,0,0,0,0,,,17,,,TRUE,FALSE,1,1,0,0,0,0,0,0,0,0,0,0,0,19,0,6.705882353,0,19,0,1,,1,0,2,1,0,1,,,,
S02M001,2,05/04/25,PBKS,1,20,PBKS,CSK,RG Sharma,Q de Kock,M Siddharth,1,0,0,0,0,0,,,18,,,TRUE,FALSE,1,0,1,0,0,1,0,0,0,0,0,0,1,20,0,6.666666667,0,20,0,1,,1,0,2,1,1,0,,,,
S02M001,2,05/04/25,PBKS,1,21,PBKS,CSK,RG Sharma,Q de Kock,T Natarajan,4,0,0,0,0,0,,,19,,,TRUE,FALSE,1,0,0,0,0,0,1,0,0,0,0,0,4,24,0,7.578947368,0,24,0,1,,2,0,2,1,4,0,,,,
S02M001,2,05/04/25,PBKS,1,22,PBKS,CSK,RG Sharma,Q de Kock,T Natarajan,4,0,0,0,0,0,,,20,,,TRUE,FALSE,1,0,0,0,0,0,1,0,0,0,0,0,4,28,0,8.4,0,28,0,1,,3,0,2,1,4,0,,,,
S02M001,2,05/04/25,PBKS,1,23,PBKS,CSK,RG Sharma,Q de Kock,T Natarajan,1,0,0,0,0,0,,,21,,,TRUE,FALSE,1,0,1,0,0,1,0,0,0,0,0,0,1,29,0,8.285714286,0,29,0,1,,3,0,2,1,1,0,,,,
S02M001,2,05/04/25,PBKS,1,24,PBKS,CSK,Q de Kock,RG Sharma,T Natarajan,0,0,0,0,0,0,,,22,,,TRUE,FALSE,1,1,0,0,0,0,0,0,0,0,0,0,0,29,0,7.909090909,0,29,0,1,,3,0,1,2,0,1,,,,
S02M001,2,05/04/25,PBKS,1,25,PBKS,CSK,Q de Kock,RG Sharma,T Natarajan,1,0,0,0,0,0,,,23,,,TRUE,FALSE,1,0,1,0,0,1,0,0,0,0,0,0,1,30,0,7.826086957,0,30,0,1,,3,0,1,2,1,0,,,,
S02M001,2,05/04/25,PBKS,1,26,PBKS,CSK,RG Sharma,Q de Kock,T Natarajan,1,0,0,0,0,0,,,24,,,TRUE,FALSE,1,0,1,0,0,1,0,0,0,0,0,0,1,31,0,7.75,0,31,0,1,,3,0,2,1,1,0,,,,
S02M001,2,05/04/25,PBKS,1,27,PBKS,CSK,RG Sharma,Q de Kock,Suryansh Shedge,1,0,0,0,0,0,,,25,,,TRUE,FALSE,1,0,1,0,0,1,0,0,0,0,0,0,1,32,0,7.68,0,32,0,1,,3,0,2,1,1,0,,,,
S02M001,2,05/04/25,PBKS,1,28,PBKS,CSK,Q de Kock,RG Sharma,Suryansh Shedge,1,0,0,0,0,0,,,26,,,TRUE,FALSE,1,0,1,0,0,1,0,0,0,0,0,0,1,33,0,7.615384615,0,33,0,1,,3,0,1,2,1,0,,,,
S02M001,2,05/04/25,PBKS,1,29,PBKS,CSK,RG Sharma,Q de Kock,Suryansh Shedge,1,0,0,0,0,0,,,27,,,TRUE,FALSE,1,0,1,0,0,1,0,0,0,0,0,0,1,34,0,7.555555556,0,34,0,1,,3,0,2,1,1,0,,,,
S02M001,2,05/04/25,PBKS,1,30,PBKS,CSK,Q de Kock,RG Sharma,Suryansh Shedge,2,0,0,0,0,0,,,28,,,TRUE,FALSE,1,0,0,1,0,0,0,0,0,0,0,0,2,36,0,7.714285714,0,36,0,1,,3,0,1,2,2,0,,,,
S02M001,2,05/04/25,PBKS,1,31,PBKS,CSK,Q de Kock,RG Sharma,Suryansh Shedge,0,0,0,0,0,0,,,29,,,TRUE,FALSE,1,1,0,0,0,0,0,0,0,0,0,0,0,36,0,7.448275862,0,36,0,1,,3,0,1,2,0,1,,,,
S02M001,2,05/04/25,PBKS,1,32,PBKS,CSK,Q de Kock,RG Sharma,Suryansh Shedge,4,0,0,0,0,0,,,30,,,TRUE,FALSE,1,0,0,0,0,0,1,0,0,0,0,0,4,40,0,8,0,40,0,1,,4,0,1,2,4,0,,,,
S02M001,2,05/04/25,PBKS,1,33,PBKS,CSK,RG Sharma,Q de Kock,AR Patel,1,0,0,0,0,0,,,31,,,TRUE,FALSE,1,0,1,0,0,1,0,0,0,0,0,0,1,41,0,7.935483871,0,41,0,1,,4,0,2,1,1,0,,,,
S02M001,2,05/04/25,PBKS,1,34,PBKS,CSK,Q de Kock,RG Sharma,AR Patel,4,0,0,0,0,0,,,32,,,TRUE,FALSE,1,0,0,0,0,0,1,0,0,0,0,0,4,45,0,8.4375,0,45,0,1,,5,0,1,2,4,0,,,,
S02M001,2,05/04/25,PBKS,1,35,PBKS,CSK,Q de Kock,RG Sharma,AR Patel,6,0,0,0,0,0,,,33,,,TRUE,FALSE,1,0,0,0,0,0,0,1,0,0,0,0,6,51,0,9.272727273,0,51,0,1,,5,1,1,2,6,0,,,,
S02M001,2,05/04/25,PBKS,1,36,PBKS,CSK,Q de Kock,RG Sharma,AR Patel,0,0,0,0,0,0,,,34,,,TRUE,FALSE,1,1,0,0,0,0,0,0,0,0,0,0,0,51,0,9,0,51,0,1,,5,1,1,2,0,1,,,,
S02M001,2,05/04/25,PBKS,1,37,PBKS,CSK,Q de Kock,RG Sharma,AR Patel,0,0,0,0,0,0,,,35,,,TRUE,FALSE,1,1,0,0,0,0,0,0,0,0,0,0,0,51,0,8.742857143,0,51,0,1,,5,1,1,2,0,1,,,,
S02M001,2,05/04/25,PBKS,1,38,PBKS,CSK,Q de Kock,RG Sharma,AR Patel,1,0,0,0,0,0,,,36,,,TRUE,FALSE,1,0,1,0,0,1,0,0,0,0,0,0,1,52,0,8.666666667,0,52,0,1,,5,1,1,2,1,0,,,,
S02M001,2,05/04/25,PBKS,1,39,PBKS,CSK,Q de Kock,RG Sharma,Suryansh Shedge,1,0,0,0,0,0,,,37,,,TRUE,FALSE,1,0,1,0,0,1,0,0,0,0,0,0,1,53,0,8.594594595,0,53,0,1,,5,1,1,2,1,0,,,,
S02M001,2,05/04/25,PBKS,1,40,PBKS,CSK,RG Sharma,Q de Kock,Suryansh Shedge,1,0,0,0,0,0,,,38,,,TRUE,FALSE,1,0,1,0,0,1,0,0,0,0,0,0,1,54,0,8.526315789,0,54,0,1,,5,1,2,1,1,0,,,,
S02M001,2,05/04/25,PBKS,1,41,PBKS,CSK,Q de Kock,RG Sharma,Suryansh Shedge,1,0,0,0,0,0,,,39,,,TRUE,FALSE,1,0,1,0,0,1,0,0,0,0,0,0,1,55,0,8.461538462,0,55,0,1,,5,1,1,2,1,0,,,,
S02M001,2,05/04/25,PBKS,1,42,PBKS,CSK,RG Sharma,Q de Kock,Suryansh Shedge,0,0,0,0,0,0,,,40,,,TRUE,FALSE,1,1,0,0,0,0,0,0,0,0,0,0,0,55,0,8.25,0,55,0,1,,5,1,2,1,0,1,,,,
S02M001,2,05/04/25,PBKS,1,43,PBKS,CSK,RG Sharma,Q de Kock,Suryansh Shedge,1,0,0,0,0,0,,,41,,,TRUE,FALSE,1,0,1,0,0,1,0,0,0,0,0,0,1,56,0,8.195121951,0,56,0,1,,5,1,2,1,1,0,,,,
S02M001,2,05/04/25,PBKS,1,44,PBKS,CSK,Q de Kock,RG Sharma,Suryansh Shedge,1,0,0,0,0,0,,,42,,,TRUE,FALSE,1,0,1,0,0,1,0,0,0,0,0,0,1,57,0,8.142857143,0,57,0,1,,5,1,1,2,1,0,,,,
S02M001,2,05/04/25,PBKS,1,45,PBKS,CSK,Q de Kock,RG Sharma,Mohammad Ghazanfar,1,0,0,0,0,0,,,43,,,TRUE,FALSE,1,0,1,0,0,1,0,0,0,0,0,0,1,58,0,8.093023256,0,58,0,1,,5,1,1,2,1,0,,,,
S02M001,2,05/04/25,PBKS,1,46,PBKS,CSK,RG Sharma,Q de Kock,Mohammad Ghazanfar,1,0,0,0,0,0,,,44,,,TRUE,FALSE,1,0,1,0,0,1,0,0,0,0,0,0,1,59,0,8.045454545,0,59,0,1,,5,1,2,1,1,0,,,,
S02M001,2,05/04/25,PBKS,1,47,PBKS,CSK,Q de Kock,RG Sharma,Mohammad Ghazanfar,1,0,0,0,0,0,,,45,,,TRUE,FALSE,1,0,1,0,0,1,0,0,0,0,0,0,1,60,0,8,0,60,0,1,,5,1,1,2,1,0,,,,
S02M001,2,05/04/25,PBKS,1,48,PBKS,CSK,RG Sharma,Q de Kock,Mohammad Ghazanfar,4,0,0,0,0,0,,,46,,,TRUE,FALSE,1,0,0,0,0,0,1,0,0,0,0,0,4,64,0,8.347826087,0,64,0,1,,6,1,2,1,4,0,,,,
S02M001,2,05/04/25,PBKS,1,49,PBKS,CSK,RG Sharma,Q de Kock,Mohammad Ghazanfar,0,0,0,0,0,0,,,47,,,TRUE,FALSE,1,1,0,0,0,0,0,0,0,0,0,0,0,64,0,8.170212766,0,64,0,1,,6,1,2,1,0,1,,,,
S02M001,2,05/04/25,PBKS,1,50,PBKS,CSK,RG Sharma,Q de Kock,Mohammad Ghazanfar,4,0,0,0,0,0,,,48,,,TRUE,FALSE,1,0,0,0,0,0,1,0,0,0,0,0,4,68,0,8.5,0,68,0,1,,7,1,2,1,4,0,,,,
S02M001,2,05/04/25,PBKS,1,51,PBKS,CSK,Q de Kock,RG Sharma,T Natarajan,1,0,0,0,0,0,,,49,,,TRUE,FALSE,1,0,1,0,0,1,0,0,0,0,0,0,1,69,0,8.448979592,0,69,0,1,,7,1,1,2,1,0,,,,
S02M001,2,05/04/25,PBKS,1,52,PBKS,CSK,RG Sharma,Q de Kock,T Natarajan,2,0,0,0,0,0,,,50,,,TRUE,FALSE,1,0,0,1,0,1,0,0,0,0,0,0,2,71,0,8.52,0,71,0,1,,7,1,2,1,2,0,,,,
S02M001,2,05/04/25,PBKS,1,53,PBKS,CSK,RG Sharma,Q de Kock,T Natarajan,1,0,0,0,0,0,,,51,,,TRUE,FALSE,1,0,1,0,0,1,0,0,0,0,0,0,1,72,0,8.470588235,0,72,0,1,,7,1,2,1,1,0,,,,
S02M001,2,05/04/25,PBKS,1,54,PBKS,CSK,Q de Kock,RG Sharma,T Natarajan,2,0,0,0,0,0,runout,Q de Kock,52,,Tilak Varma,TRUE,FALSE,1,0,0,1,0,1,0,0,0,1,0,1,2,74,1,8.538461538,74,0,0,1,8.538461538,7,1,1,2,2,0,,,,
S02M001,2,05/04/25,PBKS,1,55,PBKS,CSK,RA Tripathi,RG Sharma,T Natarajan,1,0,0,0,0,0,,,53,,,TRUE,FALSE,1,0,1,0,0,1,0,0,0,0,0,0,1,75,1,8.490566038,74,1,0,1,8.538461538,7,1,3,2,1,0,,,,
S02M001,2,05/04/25,PBKS,1,56,PBKS,CSK,RG Sharma,RA Tripathi,T Natarajan,0,0,0,0,0,0,,,54,,,TRUE,FALSE,1,1,0,0,0,0,0,0,0,0,0,0,0,75,1,8.333333333,74,1,0,1,8.538461538,7,1,2,3,0,1,,,,
S02M001,2,05/04/25,PBKS,1,57,PBKS,CSK,RA Tripathi,RG Sharma,Tilak Varma,0,0,0,0,0,0,,,55,,,TRUE,FALSE,1,1,0,0,0,0,0,0,0,0,0,0,0,75,1,8.181818182,74,1,0,1,8.538461538,7,1,3,2,0,1,,,,
S02M001,2,05/04/25,PBKS,1,58,PBKS,CSK,RA Tripathi,RG Sharma,Tilak Varma,1,0,0,0,0,0,,,56,,,TRUE,FALSE,1,0,1,0,0,1,0,0,0,0,0,0,1,76,1,8.142857143,74,2,0,1,8.538461538,7,1,3,2,1,0,,,,
S02M001,2,05/04/25,PBKS,1,59,PBKS,CSK,RG Sharma,RA Tripathi,Tilak Varma,1,0,0,0,0,0,,,57,,,TRUE,FALSE,1,0,1,0,0,1,0,0,0,0,0,0,1,77,1,8.105263158,74,3,0,1,8.538461538,7,1,2,3,1,0,,,,
S02M001,2,05/04/25,PBKS,1,60,PBKS,CSK,RA Tripathi,RG Sharma,Tilak Varma,1,0,0,0,0,0,,,58,,,TRUE,FALSE,1,0,1,0,0,1,0,0,0,0,0,0,1,78,1,8.068965517,74,4,0,1,8.538461538,7,1,3,2,1,0,,,,
S02M001,2,05/04/25,PBKS,1,61,PBKS,CSK,RG Sharma,RA Tripathi,Tilak Varma,4,0,0,0,0,0,,,59,,,TRUE,FALSE,1,0,0,0,0,0,1,0,0,0,0,0,4,82,1,8.338983051,74,8,0,1,8.538461538,8,1,2,3,4,0,,,,
S02M001,2,05/04/25,PBKS,1,62,PBKS,CSK,RG Sharma,RA Tripathi,Tilak Varma,1,0,0,0,0,0,,,60,,,TRUE,FALSE,1,0,1,0,0,1,0,0,0,0,0,0,1,83,1,8.3,74,9,0,1,8.538461538,8,1,2,3,1,0,,,,
S02M001,2,05/04/25,PBKS,1,63,PBKS,CSK,RG Sharma,RA Tripathi,AR Patel,1,0,0,0,0,0,,,61,,,TRUE,FALSE,1,0,1,0,0,1,0,0,0,0,0,0,1,84,1,8.262295082,74,10,0,1,8.538461538,8,1,2,3,1,0,,,,
S02M001,2,05/04/25,PBKS,1,64,PBKS,CSK,RA Tripathi,RG Sharma,AR Patel,1,0,0,0,0,0,,,62,,,TRUE,FALSE,1,0,1,0,0,1,0,0,0,0,0,0,1,85,1,8.225806452,74,11,0,1,8.538461538,8,1,3,2,1,0,,,,
S02M001,2,05/04/25,PBKS,1,65,PBKS,CSK,RG Sharma,RA Tripathi,AR Patel,0,0,0,0,0,0,out,RG Sharma,63,Caught,Suryansh Shedge,TRUE,TRUE,1,1,0,0,0,0,0,0,1,1,0,1,0,85,2,8.095238095,85,0,0,1,8.095238095,8,1,2,3,0,1,,,,
S02M001,2,05/04/25,PBKS,1,66,PBKS,CSK,H Klaasen,RA Tripathi,AR Patel,1,0,0,0,0,0,,,64,,,TRUE,FALSE,1,0,1,0,0,1,0,0,0,0,0,0,1,86,2,8.0625,85,1,0,1,8.095238095,8,1,4,3,1,0,,,,
S02M001,2,05/04/25,PBKS,1,67,PBKS,CSK,RA Tripathi,H Klaasen,AR Patel,3,0,0,0,0,0,,,65,,,TRUE,FALSE,1,0,0,0,1,1,0,0,0,0,0,0,3,89,2,8.215384615,85,4,0,1,8.095238095,8,1,3,4,3,0,,,,
S02M001,2,05/04/25,PBKS,1,68,PBKS,CSK,H Klaasen,RA Tripathi,AR Patel,1,0,0,0,0,0,,,66,,,TRUE,FALSE,1,0,1,0,0,1,0,0,0,0,0,0,1,90,2,8.181818182,85,5,0,1,8.095238095,8,1,4,3,1,0,,,,
S02M001,2,05/04/25,PBKS,1,69,PBKS,CSK,H Klaasen,RA Tripathi,T Natarajan,2,0,0,0,0,0,,,67,,,TRUE,FALSE,1,0,0,1,0,1,0,0,0,0,0,0,2,92,2,8.23880597,85,7,0,1,8.095238095,8,1,4,3,2,0,,,,
S02M001,2,05/04/25,PBKS,1,70,PBKS,CSK,H Klaasen,RA Tripathi,T Natarajan,4,0,0,0,0,0,,,68,,,TRUE,FALSE,1,0,0,0,0,0,1,0,0,0,0,0,4,96,2,8.470588235,85,11,0,1,8.095238095,9,1,4,3,4,0,,,,
S02M001,2,05/04/25,PBKS,1,71,PBKS,CSK,H Klaasen,RA Tripathi,T Natarajan,1,0,0,0,0,0,,,69,,,TRUE,FALSE,1,0,1,0,0,1,0,0,0,0,0,0,1,97,2,8.434782609,85,12,0,1,8.095238095,9,1,4,3,1,0,,,,
S02M001,2,05/04/25,PBKS,1,72,PBKS,CSK,RA Tripathi,H Klaasen,T Natarajan,1,0,0,0,0,0,,,70,,,TRUE,FALSE,1,0,1,0,0,1,0,0,0,0,0,0,1,98,2,8.4,85,13,0,1,8.095238095,9,1,3,4,1,0,,,,
S02M001,2,05/04/25,PBKS,1,73,PBKS,CSK,H Klaasen,RA Tripathi,T Natarajan,1,0,0,0,0,0,,,71,,,TRUE,FALSE,1,0,1,0,0,1,0,0,0,0,0,0,1,99,2,8.366197183,85,14,0,1,8.095238095,9,1,4,3,1,0,,,,
S02M001,2,05/04/25,PBKS,1,74,PBKS,CSK,RA Tripathi,H Klaasen,T Natarajan,6,0,0,0,0,0,,,72,,,TRUE,FALSE,1,0,0,0,0,0,0,1,0,0,0,0,6,105,2,8.75,85,20,0,1,8.095238095,9,2,3,4,6,0,,,,
S02M001,2,05/04/25,PBKS,1,75,PBKS,CSK,H Klaasen,RA Tripathi,AR Patel,0,1,1,0,0,0,,,72,,,FALSE,FALSE,0,0,0,0,0,0,0,0,0,0,0,0,1,106,2,8.833333333,85,21,0,0,8.095238095,9,2,4,3,1,0,,,,
S02M001,2,05/04/25,PBKS,1,76,PBKS,CSK,H Klaasen,RA Tripathi,AR Patel,1,0,0,0,0,0,,,73,,,TRUE,FALSE,1,0,1,0,0,1,0,0,0,0,0,0,1,107,2,8.794520548,85,22,0,1,8.095238095,9,2,4,3,1,0,,,,
S02M001,2,05/04/25,PBKS,1,77,PBKS,CSK,RA Tripathi,H Klaasen,AR Patel,1,0,0,0,0,0,,,74,,,TRUE,FALSE,1,0,1,0,0,1,0,0,0,0,0,0,1,108,2,8.756756757,85,23,0,1,8.095238095,9,2,3,4,1,0,,,,
S02M001,2,05/04/25,PBKS,1,78,PBKS,CSK,H Klaasen,RA Tripathi,AR Patel,1,0,0,0,0,0,,,75,,,TRUE,FALSE,1,0,1,0,0,1,0,0,0,0,0,0,1,109,2,8.72,85,24,0,1,8.095238095,9,2,4,3,1,0,,,,
S02M001,2,05/04/25,PBKS,1,79,PBKS,CSK,RA Tripathi,H Klaasen,AR Patel,1,0,0,0,0,0,,,76,,,TRUE,FALSE,1,0,1,0,0,1,0,0,0,0,0,0,1,110,2,8.684210526,85,25,0,1,8.095238095,9,2,3,4,1,0,,,,
S02M001,2,05/04/25,PBKS,1,80,PBKS,CSK,H Klaasen,RA Tripathi,AR Patel,1,0,0,0,0,0,,,77,,,TRUE,FALSE,1,0,1,0,0,1,0,0,0,0,0,0,1,111,2,8.649350649,85,26,0,1,8.095238095,9,2,4,3,1,0,,,,
S02M001,2,05/04/25,PBKS,1,81,PBKS,CSK,RA Tripathi,H Klaasen,AR Patel,0,0,0,0,0,0,,,78,,,TRUE,FALSE,1,1,0,0,0,0,0,0,0,0,0,0,0,111,2,8.538461538,85,26,0,1,8.095238095,9,2,3,4,0,1,,,,
S02M001,2,05/04/25,PBKS,1,82,PBKS,CSK,H Klaasen,RA Tripathi,T Natarajan,0,0,0,0,0,0,,,79,,,TRUE,FALSE,1,1,0,0,0,0,0,0,0,0,0,0,0,111,2,8.430379747,85,26,0,1,8.095238095,9,2,4,3,0,1,,,,
S02M001,2,05/04/25,PBKS,1,83,PBKS,CSK,H Klaasen,RA Tripathi,T Natarajan,1,0,0,0,0,0,,,80,,,TRUE,FALSE,1,0,1,0,0,1,0,0,0,0,0,0,1,112,2,8.4,85,27,0,1,8.095238095,9,2,4,3,1,0,,,,
S02M001,2,05/04/25,PBKS,1,84,PBKS,CSK,RA Tripathi,H Klaasen,T Natarajan,1,0,0,0,0,0,,,81,,,TRUE,FALSE,1,0,1,0,0,1,0,0,0,0,0,0,1,113,2,8.37037037,85,28,0,1,8.095238095,9,2,3,4,1,0,,,,
S02M001,2,05/04/25,PBKS,1,85,PBKS,CSK,H Klaasen,RA Tripathi,T Natarajan,1,0,0,0,0,0,,,82,,,TRUE,FALSE,1,0,1,0,0,1,0,0,0,0,0,0,1,114,2,8.341463415,85,29,0,1,8.095238095,9,2,4,3,1,0,,,,
S02M001,2,05/04/25,PBKS,1,86,PBKS,CSK,RA Tripathi,H Klaasen,T Natarajan,1,0,0,0,0,0,,,83,,,TRUE,FALSE,1,0,1,0,0,1,0,0,0,0,0,0,1,115,2,8.313253012,85,30,0,1,8.095238095,9,2,3,4,1,0,,,,
S02M001,2,05/04/25,PBKS,1,87,PBKS,CSK,H Klaasen,RA Tripathi,T Natarajan,0,0,0,0,0,0,,,84,,,TRUE,FALSE,1,1,0,0,0,0,0,0,0,0,0,0,0,115,2,8.214285714,85,30,0,1,8.095238095,9,2,4,3,0,1,,,,
S02M001,2,05/04/25,PBKS,1,88,PBKS,CSK,RA Tripathi,H Klaasen,Suryansh Shedge,1,0,0,0,0,0,,,85,,,TRUE,FALSE,1,0,1,0,0,1,0,0,0,0,0,0,1,116,2,8.188235294,85,31,0,1,8.095238095,9,2,3,4,1,0,,,,
S02M001,2,05/04/25,PBKS,1,89,PBKS,CSK,H Klaasen,RA Tripathi,Suryansh Shedge,4,0,0,0,0,0,,,86,,,TRUE,FALSE,1,0,0,0,0,0,1,0,0,0,0,0,4,120,2,8.372093023,85,35,0,1,8.095238095,10,2,4,3,4,0,,,,
S02M001,2,05/04/25,PBKS,1,90,PBKS,CSK,H Klaasen,RA Tripathi,Suryansh Shedge,2,0,0,0,0,0,,,87,,,TRUE,FALSE,1,0,0,1,0,1,0,0,0,0,0,0,2,122,2,8.413793103,85,37,0,1,8.095238095,10,2,4,3,2,0,,,,
S02M001,2,05/04/25,PBKS,1,91,PBKS,CSK,H Klaasen,RA Tripathi,Suryansh Shedge,1,0,0,0,0,0,,,88,,,TRUE,FALSE,1,0,1,0,0,1,0,0,0,0,0,0,1,123,2,8.386363636,85,38,0,1,8.095238095,10,2,4,3,1,0,,,,
S02M001,2,05/04/25,PBKS,1,92,PBKS,CSK,RA Tripathi,H Klaasen,Suryansh Shedge,6,0,0,0,0,0,,,89,,,TRUE,FALSE,1,0,0,0,0,0,0,1,0,0,0,0,6,129,2,8.696629213,85,44,0,1,8.095238095,10,3,3,4,6,0,,,,
S02M001,2,05/04/25,PBKS,1,93,PBKS,CSK,RA Tripathi,H Klaasen,Suryansh Shedge,1,0,0,0,0,0,,,90,,,TRUE,FALSE,1,0,1,0,0,1,0,0,0,0,0,0,1,130,2,8.666666667,85,45,0,1,8.095238095,10,3,3,4,1,0,,,,
S02M001,2,05/04/25,PBKS,1,94,PBKS,CSK,RA Tripathi,H Klaasen,M Siddharth,0,1,1,0,0,0,,,90,,,FALSE,FALSE,0,0,1,0,0,0,0,0,0,0,0,0,1,131,2,8.733333333,85,46,0,0,8.095238095,10,3,3,4,1,0,,,,
S02M001,2,05/04/25,PBKS,1,95,PBKS,CSK,RA Tripathi,H Klaasen,M Siddharth,1,0,0,0,0,0,,,91,,,TRUE,FALSE,1,0,1,0,0,1,0,0,0,0,0,0,1,132,2,8.703296703,85,47,0,1,8.095238095,10,3,3,4,1,0,,,,
S02M001,2,05/04/25,PBKS,1,96,PBKS,CSK,H Klaasen,RA Tripathi,M Siddharth,1,0,0,0,0,0,,,92,,,TRUE,FALSE,1,0,1,0,0,1,0,0,0,0,0,0,1,133,2,8.673913043,85,48,0,1,8.095238095,10,3,4,3,1,0,,,,
S02M001,2,05/04/25,PBKS,1,97,PBKS,CSK,RA Tripathi,H Klaasen,M Siddharth,1,0,0,0,0,0,,,93,,,TRUE,FALSE,1,0,1,0,0,1,0,0,0,0,0,0,1,134,2,8.64516129,85,49,0,1,8.095238095,10,3,3,4,1,0,,,,
S02M001,2,05/04/25,PBKS,1,98,PBKS,CSK,H Klaasen,RA Tripathi,M Siddharth,1,0,0,0,0,0,,,94,,,TRUE,FALSE,1,0,1,0,0,1,0,0,0,0,0,0,1,135,2,8.617021277,85,50,0,1,8.095238095,10,3,4,3,1,0,,,,
S02M001,2,05/04/25,PBKS,1,99,PBKS,CSK,RA Tripathi,H Klaasen,M Siddharth,0,0,0,0,0,0,,,95,,,TRUE,FALSE,1,1,0,0,0,0,0,0,0,0,0,0,0,135,2,8.526315789,85,50,0,1,8.095238095,10,3,3,4,0,1,,,,
S02M001,2,05/04/25,PBKS,1,100,PBKS,CSK,RA Tripathi,H Klaasen,M Siddharth,0,1,1,0,0,0,,,95,,,FALSE,FALSE,0,0,0,0,0,0,0,0,0,0,0,0,1,136,2,8.589473684,85,51,0,0,8.095238095,10,3,3,4,1,0,,,,
S02M001,2,05/04/25,PBKS,1,101,PBKS,CSK,RA Tripathi,H Klaasen,M Siddharth,0,0,0,0,0,0,,,96,,,TRUE,FALSE,1,1,0,0,0,0,0,0,0,0,0,0,0,136,2,8.5,85,51,0,1,8.095238095,10,3,3,4,0,1,,,,
S02M001,2,05/04/25,PBKS,1,102,PBKS,CSK,H Klaasen,RA Tripathi,AR Patel,6,0,0,0,0,0,,,97,,,TRUE,FALSE,1,0,0,0,0,0,0,1,0,0,0,0,6,142,2,8.783505155,85,57,0,1,8.095238095,10,4,4,3,6,0,,,,
S02M001,2,05/04/25,PBKS,1,103,PBKS,CSK,H Klaasen,RA Tripathi,AR Patel,6,0,0,0,0,0,,,98,,,TRUE,FALSE,1,0,0,0,0,0,0,1,0,0,0,0,6,148,2,9.06122449,85,63,0,1,8.095238095,10,5,4,3,6,0,,,,
S02M001,2,05/04/25,PBKS,1,104,PBKS,CSK,H Klaasen,RA Tripathi,AR Patel,0,1,1,0,0,0,,,98,,,FALSE,FALSE,0,0,0,0,0,0,0,0,0,0,0,0,1,149,2,9.12244898,85,64,0,0,8.095238095,10,5,4,3,1,0,,,,
S02M001,2,05/04/25,PBKS,1,105,PBKS,CSK,H Klaasen,RA Tripathi,AR Patel,0,0,0,0,0,0,out,H Klaasen,99,Caught,MS Dhoni,TRUE,TRUE,1,1,0,0,0,0,0,0,1,1,0,1,0,149,3,9.03030303,149,0,0,1,9.03030303,10,5,4,3,0,1,,,,
S02M001,2,05/04/25,PBKS,1,106,PBKS,CSK,Shashank Singh,RA Tripathi,AR Patel,1,0,0,0,0,0,runout,RA Tripathi,100,,TM Head,TRUE,FALSE,1,0,1,0,0,1,0,0,0,0,1,1,1,150,4,9,150,0,0,1,9,10,5,5,3,1,0,,,,
S02M001,2,05/04/25,PBKS,1,107,PBKS,CSK,Shashank Singh,D Brevis,AR Patel,6,0,0,0,0,0,,,101,,,TRUE,FALSE,1,0,0,0,0,0,0,1,0,0,0,0,6,156,4,9.267326733,150,6,0,1,9,10,6,5,6,6,0,,,,
S02M001,2,05/04/25,PBKS,1,108,PBKS,CSK,Shashank Singh,D Brevis,AR Patel,1,0,0,0,0,0,,,102,,,TRUE,FALSE,1,0,1,0,0,1,0,0,0,0,0,0,1,157,4,9.235294118,150,7,0,1,9,10,6,5,6,1,0,,,,
S02M001,2,05/04/25,PBKS,1,109,PBKS,CSK,Shashank Singh,D Brevis,Suryansh Shedge,1,0,0,0,0,0,,,103,,,TRUE,FALSE,1,0,1,0,0,1,0,0,0,0,0,0,1,158,4,9.203883495,150,8,0,1,9,10,6,5,6,1,0,,,,
S02M001,2,05/04/25,PBKS,1,110,PBKS,CSK,D Brevis,Shashank Singh,Suryansh Shedge,0,0,0,0,0,0,out,D Brevis,104,Caught,MS Dhoni,TRUE,FALSE,1,1,0,0,0,0,0,0,1,1,0,1,0,158,5,9.115384615,158,0,0,1,9.115384615,10,6,6,5,0,1,,,,
S02M001,2,05/04/25,PBKS,1,111,PBKS,CSK,Shakib Al Hasan,Shashank Singh,Suryansh Shedge,2,0,0,0,0,0,,,105,,,TRUE,FALSE,1,0,0,1,0,1,0,0,0,0,0,0,2,160,5,9.142857143,158,2,0,1,9.115384615,10,6,7,5,2,0,,,,
S02M001,2,05/04/25,PBKS,1,112,PBKS,CSK,Shakib Al Hasan,Shashank Singh,Suryansh Shedge,1,0,0,0,0,0,,,106,,,TRUE,FALSE,1,0,1,0,0,1,0,0,0,0,0,0,1,161,5,9.113207547,158,3,0,1,9.115384615,10,6,7,5,1,0,,,,
S02M001,2,05/04/25,PBKS,1,113,PBKS,CSK,Shashank Singh,Shakib Al Hasan,Suryansh Shedge,0,1,1,0,0,0,,,106,,,FALSE,FALSE,0,0,0,0,0,0,0,0,0,0,0,0,1,162,5,9.169811321,158,4,0,0,9.115384615,10,6,5,7,1,0,,,,
S02M001,2,05/04/25,PBKS,1,114,PBKS,CSK,Shashank Singh,Shakib Al Hasan,Suryansh Shedge,1,0,0,0,0,0,,,107,,,TRUE,FALSE,1,0,1,0,0,1,0,0,0,0,0,0,1,163,5,9.140186916,158,5,0,1,9.115384615,10,6,5,7,1,0,,,,
S02M001,2,05/04/25,PBKS,1,115,PBKS,CSK,Shakib Al Hasan,Shashank Singh,Suryansh Shedge,0,0,0,0,0,0,,,108,,,TRUE,FALSE,1,1,0,0,0,0,0,0,0,0,0,0,0,163,5,9.055555556,158,5,0,1,9.115384615,10,6,7,5,0,1,,,,
S02M001,2,05/04/25,PBKS,1,116,PBKS,CSK,Shashank Singh,Shakib Al Hasan,M Siddharth,6,0,0,0,0,0,,,109,,,TRUE,FALSE,1,0,0,0,0,0,0,1,0,0,0,0,6,169,5,9.302752294,158,11,0,1,9.115384615,10,6,5,7,6,0,,,,
S02M001,2,05/04/25,PBKS,1,117,PBKS,CSK,Shashank Singh,Shakib Al Hasan,M Siddharth,1,0,0,0,0,0,,,110,,,TRUE,FALSE,1,0,1,0,0,1,0,0,0,0,0,0,1,170,5,9.272727273,158,12,0,1,9.115384615,10,6,5,7,1,0,,,,
S02M001,2,05/04/25,PBKS,1,118,PBKS,CSK,Shakib Al Hasan,Shashank Singh,M Siddharth,1,0,0,0,0,0,,,111,,,TRUE,FALSE,1,0,1,0,0,1,0,0,0,0,0,0,1,171,5,9.243243243,158,13,0,1,9.115384615,10,6,7,5,1,0,,,,
S02M001,2,05/04/25,PBKS,1,119,PBKS,CSK,Shashank Singh,Shakib Al Hasan,M Siddharth,1,0,0,0,0,0,,,112,,,TRUE,FALSE,1,0,1,0,0,1,0,0,0,0,0,0,1,172,5,9.214285714,158,14,0,1,9.115384615,10,6,5,7,1,0,,,,
S02M001,2,05/04/25,PBKS,1,120,PBKS,CSK,Shakib Al Hasan,Shashank Singh,M Siddharth,0,0,0,0,0,0,,,113,,,TRUE,FALSE,1,1,0,0,0,0,0,0,0,0,0,0,0,172,5,9.132743363,158,14,0,1,9.115384615,10,6,7,5,0,1,,,,
S02M001,2,05/04/25,PBKS,1,121,PBKS,CSK,Shakib Al Hasan,Shashank Singh,M Siddharth,0,0,0,0,0,0,,,114,,,TRUE,FALSE,1,1,0,0,0,0,0,0,0,0,0,0,0,172,5,9.052631579,158,14,0,1,9.115384615,10,6,7,5,0,1,,,,
S02M001,2,05/04/25,PBKS,1,122,PBKS,CSK,Shashank Singh,Shakib Al Hasan,Mohammad Ghazanfar,0,0,0,0,0,0,,,115,,,TRUE,FALSE,1,1,0,0,0,0,0,0,0,0,0,0,0,172,5,8.973913043,158,14,0,1,9.115384615,10,6,5,7,0,1,,,,
S02M001,2,05/04/25,PBKS,1,123,PBKS,CSK,Shashank Singh,Shakib Al Hasan,Mohammad Ghazanfar,4,0,0,0,0,0,,,116,,,TRUE,FALSE,1,0,0,0,0,0,1,0,0,0,0,0,4,176,5,9.103448276,158,18,0,1,9.115384615,10,6,5,7,4,0,,,,
S02M001,2,05/04/25,PBKS,1,124,PBKS,CSK,Shashank Singh,Shakib Al Hasan,Mohammad Ghazanfar,1,0,0,0,0,0,,,117,,,TRUE,FALSE,1,0,1,0,0,1,0,0,0,0,0,0,1,177,5,9.076923077,158,19,0,1,9.115384615,10,6,5,7,1,0,,,,
S02M001,2,05/04/25,PBKS,1,125,PBKS,CSK,Shakib Al Hasan,Shashank Singh,Mohammad Ghazanfar,4,0,0,0,0,0,,,118,,,TRUE,FALSE,1,0,0,0,0,0,1,0,0,0,0,0,4,181,5,9.203389831,158,23,0,1,9.115384615,10,6,7,5,4,0,,,,
S02M001,2,05/04/25,PBKS,1,126,PBKS,CSK,Shakib Al Hasan,Shashank Singh,Mohammad Ghazanfar,0,0,0,0,0,0,,,119,,,TRUE,FALSE,1,1,0,0,0,0,0,0,0,0,0,0,0,181,5,9.12605042,158,23,0,1,9.115384615,10,6,7,5,0,1,,,,
S02M001,2,05/04/25,PBKS,1,127,PBKS,CSK,Shakib Al Hasan,Shashank Singh,Mohammad Ghazanfar,0,0,0,0,0,0,,,120,,,TRUE,FALSE,1,1,0,0,0,0,0,0,0,0,0,0,0,181,5,9.05,158,23,0,1,9.115384615,10,6,7,5,0,1,,,,
S02M001,2,05/04/25,PBKS,2,1,CSK,PBKS,TM Head,F du Plessis,Shakib Al Hasan,1,0,0,0,0,0,,,1,,,TRUE,FALSE,1,0,1,0,0,1,0,0,0,0,0,0,1,1,0,6,0,1,0,1,,0,0,1,2,1,0,119,182,181,9.12605042
S02M001,2,05/04/25,PBKS,2,2,CSK,PBKS,F du Plessis,TM Head,Shakib Al Hasan,0,0,0,0,0,0,,,2,,,TRUE,FALSE,1,1,0,0,0,0,0,0,0,0,0,0,0,1,0,3,0,1,0,1,,0,0,2,1,0,1,118,182,181,9.203389831
S02M001,2,05/04/25,PBKS,2,3,CSK,PBKS,F du Plessis,TM Head,Shakib Al Hasan,1,0,0,0,0,0,,,3,,,TRUE,FALSE,1,0,1,0,0,1,0,0,0,0,0,0,1,2,0,4,0,2,0,1,,0,0,2,1,1,0,117,182,180,9.230769231
S02M001,2,05/04/25,PBKS,2,4,CSK,PBKS,TM Head,F du Plessis,Shakib Al Hasan,0,0,0,0,0,0,,,4,,,TRUE,FALSE,1,1,0,0,0,0,0,0,0,0,0,0,0,2,0,3,0,2,0,1,,0,0,1,2,0,1,116,182,180,9.310344828
S02M001,2,05/04/25,PBKS,2,5,CSK,PBKS,TM Head,F du Plessis,Shakib Al Hasan,0,0,0,0,0,0,,,5,,,TRUE,FALSE,1,1,0,0,0,0,0,0,0,0,0,0,0,2,0,2.4,0,2,0,1,,0,0,1,2,0,1,115,182,180,9.391304348
S02M001,2,05/04/25,PBKS,2,6,CSK,PBKS,TM Head,F du Plessis,Shakib Al Hasan,0,0,0,0,0,0,,,6,,,TRUE,FALSE,1,1,0,0,0,0,0,0,0,0,0,0,0,2,0,2,0,2,0,1,,0,0,1,2,0,1,114,182,180,9.473684211
S02M001,2,05/04/25,PBKS,2,7,CSK,PBKS,F du Plessis,TM Head,Washington Sundar,0,0,0,0,0,0,,,7,,,TRUE,FALSE,1,1,0,0,0,0,0,0,0,0,0,0,0,2,0,1.714285714,0,2,0,1,,0,0,2,1,0,1,113,182,180,9.557522124
S02M001,2,05/04/25,PBKS,2,8,CSK,PBKS,F du Plessis,TM Head,Washington Sundar,1,0,0,0,0,0,,,8,,,TRUE,FALSE,1,0,1,0,0,1,0,0,0,0,0,0,1,3,0,2.25,0,3,0,1,,0,0,2,1,1,0,112,182,179,9.589285714
S02M001,2,05/04/25,PBKS,2,9,CSK,PBKS,TM Head,F du Plessis,Washington Sundar,1,0,0,0,0,0,,,9,,,TRUE,FALSE,1,0,1,0,0,1,0,0,0,0,0,0,1,4,0,2.666666667,0,4,0,1,,0,0,1,2,1,0,111,182,178,9.621621622
S02M001,2,05/04/25,PBKS,2,10,CSK,PBKS,F du Plessis,TM Head,Washington Sundar,1,0,0,0,0,0,,,10,,,TRUE,FALSE,1,0,1,0,0,1,0,0,0,0,0,0,1,5,0,3,0,5,0,1,,0,0,2,1,1,0,110,182,177,9.654545455
S02M001,2,05/04/25,PBKS,2,11,CSK,PBKS,TM Head,F du Plessis,Washington Sundar,4,0,0,0,0,0,,,11,,,TRUE,FALSE,1,0,0,0,0,0,1,0,0,0,0,0,4,9,0,4.909090909,0,9,0,1,,1,0,1,2,4,0,109,182,173,9.52293578
S02M001,2,05/04/25,PBKS,2,12,CSK,PBKS,TM Head,F du Plessis,Washington Sundar,0,0,0,0,0,0,,,12,,,TRUE,FALSE,1,1,0,0,0,0,0,0,0,0,0,0,0,9,0,4.5,0,9,0,1,,1,0,1,2,0,1,108,182,173,9.611111111
S02M001,2,05/04/25,PBKS,2,13,CSK,PBKS,F du Plessis,TM Head,Shakib Al Hasan,0,0,0,0,0,0,,,13,,,TRUE,FALSE,1,1,0,0,0,0,0,0,0,0,0,0,0,9,0,4.153846154,0,9,0,1,,1,0,2,1,0,1,107,182,173,9.700934579
S02M001,2,05/04/25,PBKS,2,14,CSK,PBKS,F du Plessis,TM Head,Shakib Al Hasan,1,0,0,0,0,0,,,14,,,TRUE,FALSE,1,0,1,0,0,1,0,0,0,0,0,0,1,10,0,4.285714286,0,10,0,1,,1,0,2,1,1,0,106,182,172,9.735849057
S02M001,2,05/04/25,PBKS,2,15,CSK,PBKS,TM Head,F du Plessis,Shakib Al Hasan,0,0,0,0,0,0,,,15,,,TRUE,FALSE,1,1,0,0,0,0,0,0,0,0,0,0,0,10,0,4,0,10,0,1,,1,0,1,2,0,1,105,182,172,9.828571429
S02M001,2,05/04/25,PBKS,2,16,CSK,PBKS,TM Head,F du Plessis,Shakib Al Hasan,1,0,0,0,0,0,,,16,,,TRUE,FALSE,1,0,1,0,0,1,0,0,0,0,0,0,1,11,0,4.125,0,11,0,1,,1,0,1,2,1,0,104,182,171,9.865384615
S02M001,2,05/04/25,PBKS,2,17,CSK,PBKS,F du Plessis,TM Head,Shakib Al Hasan,0,0,0,0,0,0,,,17,,,TRUE,FALSE,1,1,0,0,0,0,0,0,0,0,0,0,0,11,0,3.882352941,0,11,0,1,,1,0,2,1,0,1,103,182,171,9.961165049
S02M001,2,05/04/25,PBKS,2,18,CSK,PBKS,F du Plessis,TM Head,Shakib Al Hasan,1,0,0,0,0,0,,,18,,,TRUE,FALSE,1,0,1,0,0,1,0,0,0,0,0,0,1,12,0,4,0,12,0,1,,1,0,2,1,1,0,102,182,170,10
S02M001,2,05/04/25,PBKS,2,19,CSK,PBKS,F du Plessis,TM Head,Washington Sundar,0,0,0,0,0,0,,,19,,,TRUE,FALSE,1,1,0,0,0,0,0,0,0,0,0,0,0,12,0,3.789473684,0,12,0,1,,1,0,2,1,0,1,101,182,170,10.0990099
S02M001,2,05/04/25,PBKS,2,20,CSK,PBKS,F du Plessis,TM Head,Washington Sundar,1,0,0,0,0,0,,,20,,,TRUE,FALSE,1,0,1,0,0,1,0,0,0,0,0,0,1,13,0,3.9,0,13,0,1,,1,0,2,1,1,0,100,182,169,10.14
S02M001,2,05/04/25,PBKS,2,21,CSK,PBKS,TM Head,F du Plessis,Washington Sundar,1,0,0,0,0,0,,,21,,,TRUE,FALSE,1,0,1,0,0,1,0,0,0,0,0,0,1,14,0,4,0,14,0,1,,1,0,1,2,1,0,99,182,168,10.18181818
S02M001,2,05/04/25,PBKS,2,22,CSK,PBKS,F du Plessis,TM Head,Washington Sundar,0,0,0,0,0,0,,,22,,,TRUE,FALSE,1,1,0,0,0,0,0,0,0,0,0,0,0,14,0,3.818181818,0,14,0,1,,1,0,2,1,0,1,98,182,168,10.28571429
S02M001,2,05/04/25,PBKS,2,23,CSK,PBKS,F du Plessis,TM Head,Washington Sundar,0,0,0,0,0,0,,,23,,,TRUE,FALSE,1,1,0,0,0,0,0,0,0,0,0,0,0,14,0,3.652173913,0,14,0,1,,1,0,2,1,0,1,97,182,168,10.39175258
S02M001,2,05/04/25,PBKS,2,24,CSK,PBKS,F du Plessis,TM Head,Washington Sundar,0,0,0,0,0,0,,,24,,,TRUE,FALSE,1,1,0,0,0,0,0,0,0,0,0,0,0,14,0,3.5,0,14,0,1,,1,0,2,1,0,1,96,182,168,10.5
S02M001,2,05/04/25,PBKS,2,25,CSK,PBKS,TM Head,F du Plessis,M Markande,2,0,0,0,0,0,,,25,,,TRUE,FALSE,1,0,0,1,0,1,0,0,0,0,0,0,2,16,0,3.84,0,16,0,1,,1,0,1,2,2,0,95,182,166,10.48421053
S02M001,2,05/04/25,PBKS,2,26,CSK,PBKS,TM Head,F du Plessis,M Markande,6,0,0,0,0,0,,,26,,,TRUE,FALSE,1,0,0,0,0,0,0,1,0,0,0,0,6,22,0,5.076923077,0,22,0,1,,1,1,1,2,6,0,94,182,160,10.21276596
S02M001,2,05/04/25,PBKS,2,27,CSK,PBKS,TM Head,F du Plessis,M Markande,0,0,0,0,0,0,out,TM Head,27,Bowled,,TRUE,TRUE,1,1,0,0,0,0,0,0,1,1,0,1,0,22,1,4.888888889,22,0,0,1,4.888888889,1,1,1,2,0,1,93,182,160,10.32258065
S02M001,2,05/04/25,PBKS,2,28,CSK,PBKS,Tilak Varma,F du Plessis,M Markande,1,0,0,0,0,0,,,28,,,TRUE,FALSE,1,0,1,0,0,1,0,0,0,0,0,0,1,23,1,4.928571429,22,1,0,1,4.888888889,1,1,3,2,1,0,92,182,159,10.36956522
S02M001,2,05/04/25,PBKS,2,29,CSK,PBKS,F du Plessis,Tilak Varma,M Markande,0,0,0,0,0,0,,,29,,,TRUE,FALSE,1,1,0,0,0,0,0,0,0,0,0,0,0,23,1,4.75862069,22,1,0,1,4.888888889,1,1,2,3,0,1,91,182,159,10.48351648
S02M001,2,05/04/25,PBKS,2,30,CSK,PBKS,F du Plessis,Tilak Varma,M Markande,0,0,0,0,0,0,,,30,,,TRUE,FALSE,1,1,0,0,0,0,0,0,0,0,0,0,0,23,1,4.6,22,1,0,1,4.888888889,1,1,2,3,0,1,90,182,159,10.6
S02M001,2,05/04/25,PBKS,2,31,CSK,PBKS,Tilak Varma,F du Plessis,Ravi Bishnoi,1,0,0,0,0,0,,,31,,,TRUE,FALSE,1,0,1,0,0,1,0,0,0,0,0,0,1,24,1,4.64516129,22,2,0,1,4.888888889,1,1,3,2,1,0,89,182,158,10.65168539
S02M001,2,05/04/25,PBKS,2,32,CSK,PBKS,F du Plessis,Tilak Varma,Ravi Bishnoi,0,0,0,0,0,0,,,32,,,TRUE,FALSE,1,1,0,0,0,0,0,0,0,0,0,0,0,24,1,4.5,22,2,0,1,4.888888889,1,1,2,3,0,1,88,182,158,10.77272727
S02M001,2,05/04/25,PBKS,2,33,CSK,PBKS,F du Plessis,Tilak Varma,Ravi Bishnoi,0,0,0,0,0,0,,,33,,,TRUE,FALSE,1,1,0,0,0,0,0,0,0,0,0,0,0,24,1,4.363636364,22,2,0,1,4.888888889,1,1,2,3,0,1,87,182,158,10.89655172
S02M001,2,05/04/25,PBKS,2,34,CSK,PBKS,F du Plessis,Tilak Varma,Ravi Bishnoi,1,0,0,0,0,0,,,34,,,TRUE,FALSE,1,0,1,0,0,1,0,0,0,0,0,0,1,25,1,4.411764706,22,3,0,1,4.888888889,1,1,2,3,1,0,86,182,157,10.95348837
S02M001,2,05/04/25,PBKS,2,35,CSK,PBKS,Tilak Varma,F du Plessis,Ravi Bishnoi,0,0,0,0,0,0,out,Tilak Varma,35,Bowled,,TRUE,TRUE,1,1,0,0,0,0,0,0,1,1,0,1,0,25,2,4.285714286,25,0,0,1,4.285714286,1,1,3,2,0,1,85,182,157,11.08235294
S02M001,2,05/04/25,PBKS,2,36,CSK,PBKS,AR Patel,F du Plessis,Ravi Bishnoi,6,0,0,0,0,0,,,36,,,TRUE,FALSE,1,0,0,0,0,0,0,1,0,0,0,0,6,31,2,5.166666667,25,6,0,1,4.285714286,1,2,4,2,6,0,84,182,151,10.78571429
S02M001,2,05/04/25,PBKS,2,37,CSK,PBKS,F du Plessis,AR Patel,CV Varun,0,0,0,0,0,0,,,37,,,TRUE,FALSE,1,1,0,0,0,0,0,0,0,0,0,0,0,31,2,5.027027027,25,6,0,1,4.285714286,1,2,2,4,0,1,83,182,151,10.91566265
S02M001,2,05/04/25,PBKS,2,38,CSK,PBKS,F du Plessis,AR Patel,CV Varun,0,0,0,0,0,0,,,38,,,TRUE,FALSE,1,1,0,0,0,0,0,0,0,0,0,0,0,31,2,4.894736842,25,6,0,1,4.285714286,1,2,2,4,0,1,82,182,151,11.04878049
S02M001,2,05/04/25,PBKS,2,39,CSK,PBKS,F du Plessis,AR Patel,CV Varun,3,0,0,0,0,0,,,39,,,TRUE,FALSE,1,0,0,0,1,1,0,0,0,0,0,0,3,34,2,5.230769231,25,9,0,1,4.285714286,1,2,2,4,3,0,81,182,148,10.96296296
S02M001,2,05/04/25,PBKS,2,40,CSK,PBKS,AR Patel,F du Plessis,CV Varun,0,0,0,0,0,0,,,40,,,TRUE,FALSE,1,1,0,0,0,0,0,0,0,0,0,0,0,34,2,5.1,25,9,0,1,4.285714286,1,2,4,2,0,1,80,182,148,11.1
S02M001,2,05/04/25,PBKS,2,41,CSK,PBKS,AR Patel,F du Plessis,CV Varun,0,0,0,0,0,0,,,41,,,TRUE,FALSE,1,1,0,0,0,0,0,0,0,0,0,0,0,34,2,4.975609756,25,9,0,1,4.285714286,1,2,4,2,0,1,79,182,148,11.24050633
S02M001,2,05/04/25,PBKS,2,42,CSK,PBKS,AR Patel,F du Plessis,CV Varun,0,0,0,0,0,0,,,42,,,TRUE,FALSE,1,1,0,0,0,0,0,0,0,0,0,0,0,34,2,4.857142857,25,9,0,1,4.285714286,1,2,4,2,0,1,78,182,148,11.38461538
S02M001,2,05/04/25,PBKS,2,43,CSK,PBKS,F du Plessis,AR Patel,M Markande,1,0,0,0,0,0,,,43,,,TRUE,FALSE,1,0,1,0,0,1,0,0,0,0,0,0,1,35,2,4.88372093,25,10,0,1,4.285714286,1,2,2,4,1,0,77,182,147,11.45454545
S02M001,2,05/04/25,PBKS,2,44,CSK,PBKS,AR Patel,F du Plessis,M Markande,0,0,0,0,0,0,out,AR Patel,44,Bowled,,TRUE,TRUE,1,1,0,0,0,0,0,0,1,1,0,1,0,35,3,4.772727273,35,0,0,1,4.772727273,1,2,4,2,0,1,76,182,147,11.60526316
S02M001,2,05/04/25,PBKS,2,45,CSK,PBKS,KA Pollard,F du Plessis,M Markande,0,0,0,0,0,0,,,45,,,TRUE,FALSE,1,1,0,0,0,0,0,0,0,0,0,0,0,35,3,4.666666667,35,0,0,1,4.772727273,1,2,5,2,0,1,75,182,147,11.76
S02M001,2,05/04/25,PBKS,2,46,CSK,PBKS,KA Pollard,F du Plessis,M Markande,0,0,0,0,0,0,,,46,,,TRUE,FALSE,1,1,0,0,0,0,0,0,0,0,0,0,0,35,3,4.565217391,35,0,0,1,4.772727273,1,2,5,2,0,1,74,182,147,11.91891892
S02M001,2,05/04/25,PBKS,2,47,CSK,PBKS,KA Pollard,F du Plessis,M Markande,0,0,0,0,0,0,,,47,,,TRUE,FALSE,1,1,0,0,0,0,0,0,0,0,0,0,0,35,3,4.468085106,35,0,0,1,4.772727273,1,2,5,2,0,1,73,182,147,12.08219178
S02M001,2,05/04/25,PBKS,2,48,CSK,PBKS,KA Pollard,F du Plessis,M Markande,0,0,0,0,0,0,,,48,,,TRUE,FALSE,1,1,0,0,0,0,0,0,0,0,0,0,0,35,3,4.375,35,0,0,1,4.772727273,1,2,5,2,0,1,72,182,147,12.25
S02M001,2,05/04/25,PBKS,2,49,CSK,PBKS,F du Plessis,KA Pollard,Ravi Bishnoi,0,0,0,0,0,0,,,49,,,TRUE,FALSE,1,1,0,0,0,0,0,0,0,0,0,0,0,35,3,4.285714286,35,0,0,1,4.772727273,1,2,2,5,0,1,71,182,147,12.42253521
S02M001,2,05/04/25,PBKS,2,50,CSK,PBKS,F du Plessis,KA Pollard,Ravi Bishnoi,0,0,0,0,0,0,,,50,,,TRUE,FALSE,1,1,0,0,0,0,0,0,0,0,0,0,0,35,3,4.2,35,0,0,1,4.772727273,1,2,2,5,0,1,70,182,147,12.6
S02M001,2,05/04/25,PBKS,2,51,CSK,PBKS,F du Plessis,KA Pollard,Ravi Bishnoi,0,0,0,0,0,0,,,51,,,TRUE,FALSE,1,1,0,0,0,0,0,0,0,0,0,0,0,35,3,4.117647059,35,0,0,1,4.772727273,1,2,2,5,0,1,69,182,147,12.7826087
S02M001,2,05/04/25,PBKS,2,52,CSK,PBKS,F du Plessis,KA Pollard,Ravi Bishnoi,1,0,0,0,0,0,,,52,,,TRUE,FALSE,1,0,1,0,0,1,0,0,0,0,0,0,1,36,3,4.153846154,35,1,0,1,4.772727273,1,2,2,5,1,0,68,182,146,12.88235294
S02M001,2,05/04/25,PBKS,2,53,CSK,PBKS,KA Pollard,F du Plessis,Ravi Bishnoi,0,0,0,0,0,0,,,53,,,TRUE,FALSE,1,1,0,0,0,0,0,0,0,0,0,0,0,36,3,4.075471698,35,1,0,1,4.772727273,1,2,5,2,0,1,67,182,146,13.07462687
S02M001,2,05/04/25,PBKS,2,54,CSK,PBKS,KA Pollard,F du Plessis,Ravi Bishnoi,6,0,0,0,0,0,,,54,,,TRUE,FALSE,1,0,0,0,0,0,0,1,0,0,0,0,6,42,3,4.666666667,35,7,0,1,4.772727273,1,3,5,2,6,0,66,182,140,12.72727273
S02M001,2,05/04/25,PBKS,2,55,CSK,PBKS,F du Plessis,KA Pollard,CV Varun,2,0,0,0,0,0,,,55,,,TRUE,FALSE,1,0,0,1,0,1,0,0,0,0,0,0,2,44,3,4.8,35,9,0,1,4.772727273,1,3,2,5,2,0,65,182,138,12.73846154
S02M001,2,05/04/25,PBKS,2,56,CSK,PBKS,F du Plessis,KA Pollard,CV Varun,0,0,0,0,0,0,,,56,,,TRUE,FALSE,1,1,0,0,0,0,0,0,0,0,0,0,0,44,3,4.714285714,35,9,0,1,4.772727273,1,3,2,5,0,1,64,182,138,12.9375
S02M001,2,05/04/25,PBKS,2,57,CSK,PBKS,F du Plessis,KA Pollard,CV Varun,0,0,0,0,0,0,,,57,,,TRUE,FALSE,1,1,0,0,0,0,0,0,0,0,0,0,0,44,3,4.631578947,35,9,0,1,4.772727273,1,3,2,5,0,1,63,182,138,13.14285714
S02M001,2,05/04/25,PBKS,2,58,CSK,PBKS,F du Plessis,KA Pollard,CV Varun,6,0,0,0,0,0,,,58,,,TRUE,FALSE,1,0,0,0,0,0,0,1,0,0,0,0,6,50,3,5.172413793,35,15,0,1,4.772727273,1,4,2,5,6,0,62,182,132,12.77419355
S02M001,2,05/04/25,PBKS,2,59,CSK,PBKS,F du Plessis,KA Pollard,CV Varun,2,0,0,0,0,0,,,59,,,TRUE,FALSE,1,0,0,1,0,1,0,0,0,0,0,0,2,52,3,5.288135593,35,17,0,1,4.772727273,1,4,2,5,2,0,61,182,130,12.78688525
S02M001,2,05/04/25,PBKS,2,60,CSK,PBKS,F du Plessis,KA Pollard,CV Varun,0,0,0,0,0,0,,,60,,,TRUE,FALSE,1,1,0,0,0,0,0,0,0,0,0,0,0,52,3,5.2,35,17,0,1,4.772727273,1,4,2,5,0,1,60,182,130,13
S02M001,2,05/04/25,PBKS,2,61,CSK,PBKS,KA Pollard,F du Plessis,Ravi Bishnoi,1,0,0,0,0,0,,,61,,,TRUE,FALSE,1,0,1,0,0,1,0,0,0,0,0,0,1,53,3,5.213114754,35,18,0,1,4.772727273,1,4,5,2,1,0,59,182,129,13.11864407
S02M001,2,05/04/25,PBKS,2,62,CSK,PBKS,F du Plessis,KA Pollard,Ravi Bishnoi,0,0,0,0,0,0,,,62,,,TRUE,FALSE,1,1,0,0,0,0,0,0,0,0,0,0,0,53,3,5.129032258,35,18,0,1,4.772727273,1,4,2,5,0,1,58,182,129,13.34482759
S02M001,2,05/04/25,PBKS,2,63,CSK,PBKS,F du Plessis,KA Pollard,Ravi Bishnoi,1,0,0,0,0,0,,,63,,,TRUE,FALSE,1,0,1,0,0,1,0,0,0,0,0,0,1,54,3,5.142857143,35,19,0,1,4.772727273,1,4,2,5,1,0,57,182,128,13.47368421
S02M001,2,05/04/25,PBKS,2,64,CSK,PBKS,KA Pollard,F du Plessis,Ravi Bishnoi,6,0,0,0,0,0,,,64,,,TRUE,FALSE,1,0,0,0,0,0,0,1,0,0,0,0,6,60,3,5.625,35,25,0,1,4.772727273,1,5,5,2,6,0,56,182,122,13.07142857
S02M001,2,05/04/25,PBKS,2,65,CSK,PBKS,KA Pollard,F du Plessis,Ravi Bishnoi,1,0,0,0,0,0,,,65,,,TRUE,FALSE,1,0,1,0,0,1,0,0,0,0,0,0,1,61,3,5.630769231,35,26,0,1,4.772727273,1,5,5,2,1,0,55,182,121,13.2
S02M001,2,05/04/25,PBKS,2,66,CSK,PBKS,F du Plessis,KA Pollard,Ravi Bishnoi,2,0,0,0,0,0,,,66,,,TRUE,FALSE,1,0,0,1,0,1,0,0,0,0,0,0,2,63,3,5.727272727,35,28,0,1,4.772727273,1,5,2,5,2,0,54,182,119,13.22222222
S02M001,2,05/04/25,PBKS,2,67,CSK,PBKS,KA Pollard,F du Plessis,CV Varun,0,0,0,0,0,0,runout,KA Pollard,67,,D Brevis,TRUE,FALSE,1,1,0,0,0,0,0,0,0,1,0,1,0,63,4,5.641791045,63,0,0,1,5.641791045,1,5,5,2,0,1,53,182,119,13.47169811
S02M001,2,05/04/25,PBKS,2,68,CSK,PBKS,MS Dhoni,F du Plessis,CV Varun,0,0,0,0,0,0,,,68,,,TRUE,FALSE,1,1,0,0,0,0,0,0,0,0,0,0,0,63,4,5.558823529,63,0,0,1,5.641791045,1,5,6,2,0,1,52,182,119,13.73076923
S02M001,2,05/04/25,PBKS,2,69,CSK,PBKS,MS Dhoni,F du Plessis,CV Varun,1,0,0,0,0,0,,,69,,,TRUE,FALSE,1,0,1,0,0,1,0,0,0,0,0,0,1,64,4,5.565217391,63,1,0,1,5.641791045,1,5,6,2,1,0,51,182,118,13.88235294
S02M001,2,05/04/25,PBKS,2,70,CSK,PBKS,F du Plessis,MS Dhoni,CV Varun,6,0,0,0,0,0,,,70,,,TRUE,FALSE,1,0,0,0,0,0,0,1,0,0,0,0,6,70,4,6,63,7,0,1,5.641791045,1,5,2,6,6,0,50,182,112,13.44
S02M001,2,05/04/25,PBKS,2,71,CSK,PBKS,F du Plessis,MS Dhoni,CV Varun,1,0,0,0,0,0,,,71,,,TRUE,FALSE,1,0,1,0,0,1,0,0,0,0,0,0,1,71,4,6,63,8,0,1,5.641791045,1,5,2,6,1,0,49,182,111,13.59183673
S02M001,2,05/04/25,PBKS,2,72,CSK,PBKS,MS Dhoni,F du Plessis,CV Varun,0,0,0,0,0,0,,,72,,,TRUE,FALSE,1,1,0,0,0,0,0,0,0,0,0,0,0,71,4,5.916666667,63,8,0,1,5.641791045,1,5,6,2,0,1,48,182,111,13.875
S02M001,2,05/04/25,PBKS,2,73,CSK,PBKS,F du Plessis,MS Dhoni,M Markande,0,0,0,0,0,0,,,73,,,TRUE,FALSE,1,1,0,0,0,0,0,0,0,0,0,0,0,71,4,5.835616438,63,8,0,1,5.641791045,1,5,2,6,0,1,47,182,111,14.17021277
S02M001,2,05/04/25,PBKS,2,74,CSK,PBKS,F du Plessis,MS Dhoni,M Markande,1,0,0,0,0,0,,,74,,,TRUE,FALSE,1,0,1,0,0,1,0,0,0,0,0,0,1,72,4,5.837837838,63,9,0,1,5.641791045,1,5,2,6,1,0,46,182,110,14.34782609
S02M001,2,05/04/25,PBKS,2,75,CSK,PBKS,MS Dhoni,F du Plessis,M Markande,1,0,0,0,0,0,,,75,,,TRUE,FALSE,1,0,1,0,0,1,0,0,0,0,0,0,1,73,4,5.84,63,10,0,1,5.641791045,1,5,6,2,1,0,45,182,109,14.53333333
S02M001,2,05/04/25,PBKS,2,76,CSK,PBKS,F du Plessis,MS Dhoni,M Markande,1,0,0,0,0,0,,,76,,,TRUE,FALSE,1,0,1,0,0,1,0,0,0,0,0,0,1,74,4,5.842105263,63,11,0,1,5.641791045,1,5,2,6,1,0,44,182,108,14.72727273
S02M001,2,05/04/25,PBKS,2,77,CSK,PBKS,MS Dhoni,F du Plessis,M Markande,0,0,0,0,0,0,,,77,,,TRUE,FALSE,1,1,0,0,0,0,0,0,0,0,0,0,0,74,4,5.766233766,63,11,0,1,5.641791045,1,5,6,2,0,1,43,182,108,15.06976744
S02M001,2,05/04/25,PBKS,2,78,CSK,PBKS,MS Dhoni,F du Plessis,M Markande,0,0,0,0,0,0,,,78,,,TRUE,FALSE,1,1,0,0,0,0,0,0,0,0,0,0,0,74,4,5.692307692,63,11,0,1,5.641791045,1,5,6,2,0,1,42,182,108,15.42857143
S02M001,2,05/04/25,PBKS,2,79,CSK,PBKS,F du Plessis,MS Dhoni,Ravi Bishnoi,2,0,0,0,0,0,,,79,,,TRUE,FALSE,1,0,0,1,0,1,0,0,0,0,0,0,2,76,4,5.772151899,63,13,0,1,5.641791045,1,5,2,6,2,0,41,182,106,15.51219512
S02M001,2,05/04/25,PBKS,2,80,CSK,PBKS,F du Plessis,MS Dhoni,Ravi Bishnoi,1,0,0,0,0,0,,,80,,,TRUE,FALSE,1,0,1,0,0,1,0,0,0,0,0,0,1,77,4,5.775,63,14,0,1,5.641791045,1,5,2,6,1,0,40,182,105,15.75
S02M001,2,05/04/25,PBKS,2,81,CSK,PBKS,MS Dhoni,F du Plessis,Ravi Bishnoi,1,0,0,0,0,0,,,81,,,TRUE,FALSE,1,0,1,0,0,1,0,0,0,0,0,0,1,78,4,5.777777778,63,15,0,1,5.641791045,1,5,6,2,1,0,39,182,104,16
S02M001,2,05/04/25,PBKS,2,82,CSK,PBKS,F du Plessis,MS Dhoni,Ravi Bishnoi,1,0,0,0,0,0,,,82,,,TRUE,FALSE,1,0,1,0,0,1,0,0,0,0,0,0,1,79,4,5.780487805,63,16,0,1,5.641791045,1,5,2,6,1,0,38,182,103,16.26315789
S02M001,2,05/04/25,PBKS,2,83,CSK,PBKS,MS Dhoni,F du Plessis,Ravi Bishnoi,0,0,0,0,0,0,,,83,,,TRUE,FALSE,1,1,0,0,0,0,0,0,0,0,0,0,0,79,4,5.710843373,63,16,0,1,5.641791045,1,5,6,2,0,1,37,182,103,16.7027027
S02M001,2,05/04/25,PBKS,2,84,CSK,PBKS,MS Dhoni,F du Plessis,Ravi Bishnoi,1,0,0,0,0,0,,,84,,,TRUE,FALSE,1,0,1,0,0,1,0,0,0,0,0,0,1,80,4,5.714285714,63,17,0,1,5.641791045,1,5,6,2,1,0,36,182,102,17
S02M001,2,05/04/25,PBKS,2,85,CSK,PBKS,MS Dhoni,F du Plessis,M Markande,0,0,0,0,0,0,,,85,,,TRUE,FALSE,1,1,0,0,0,0,0,0,0,0,0,0,0,80,4,5.647058824,63,17,0,1,5.641791045,1,5,6,2,0,1,35,182,102,17.48571429
S02M001,2,05/04/25,PBKS,2,86,CSK,PBKS,MS Dhoni,F du Plessis,M Markande,0,0,0,0,0,0,,,86,,,TRUE,FALSE,1,1,0,0,0,0,0,0,0,0,0,0,0,80,4,5.581395349,63,17,0,1,5.641791045,1,5,6,2,0,1,34,182,102,18
S02M001,2,05/04/25,PBKS,2,87,CSK,PBKS,MS Dhoni,F du Plessis,M Markande,0,0,0,0,0,0,,,87,,,TRUE,FALSE,1,1,0,0,0,0,0,0,0,0,0,0,0,80,4,5.517241379,63,17,0,1,5.641791045,1,5,6,2,0,1,33,182,102,18.54545455
S02M001,2,05/04/25,PBKS,2,88,CSK,PBKS,MS Dhoni,F du Plessis,M Markande,1,0,0,0,0,0,,,88,,,TRUE,FALSE,1,0,1,0,0,1,0,0,0,0,0,0,1,81,4,5.522727273,63,18,0,1,5.641791045,1,5,6,2,1,0,32,182,101,18.9375
S02M001,2,05/04/25,PBKS,2,89,CSK,PBKS,F du Plessis,MS Dhoni,M Markande,1,0,0,0,0,0,,,89,,,TRUE,FALSE,1,0,1,0,0,1,0,0,0,0,0,0,1,82,4,5.528089888,63,19,0,1,5.641791045,1,5,2,6,1,0,31,182,100,19.35483871
S02M001,2,05/04/25,PBKS,2,90,CSK,PBKS,MS Dhoni,F du Plessis,M Markande,1,0,0,0,0,0,,,90,,,TRUE,FALSE,1,0,1,0,0,1,0,0,0,0,0,0,1,83,4,5.533333333,63,20,0,1,5.641791045,1,5,6,2,1,0,30,182,99,19.8
S02M001,2,05/04/25,PBKS,2,91,CSK,PBKS,MS Dhoni,F du Plessis,Shakib Al Hasan,0,1,0,1,0,0,,,90,,,FALSE,FALSE,0,1,0,0,0,0,0,0,0,0,0,0,1,84,4,5.6,63,21,1,1,5.641791045,1,5,6,2,1,0,30,182,98,19.6
S02M001,2,05/04/25,PBKS,2,92,CSK,PBKS,MS Dhoni,F du Plessis,Shakib Al Hasan,0,0,0,0,0,0,,,91,,,TRUE,FALSE,1,1,0,0,0,0,0,0,0,0,0,0,0,84,4,5.538461538,63,21,0,1,5.641791045,1,5,6,2,0,1,29,182,98,20.27586207
S02M001,2,05/04/25,PBKS,2,93,CSK,PBKS,MS Dhoni,F du Plessis,Shakib Al Hasan,0,0,0,0,0,0,,,92,,,TRUE,FALSE,1,1,0,0,0,0,0,0,0,0,0,0,0,84,4,5.47826087,63,21,0,1,5.641791045,1,5,6,2,0,1,28,182,98,21
S02M001,2,05/04/25,PBKS,2,94,CSK,PBKS,MS Dhoni,F du Plessis,Shakib Al Hasan,1,0,0,0,0,0,,,93,,,TRUE,FALSE,1,0,1,0,0,1,0,0,0,0,0,0,1,85,4,5.483870968,63,22,0,1,5.641791045,1,5,6,2,1,0,27,182,97,21.55555556
S02M001,2,05/04/25,PBKS,2,95,CSK,PBKS,F du Plessis,MS Dhoni,Shakib Al Hasan,6,0,0,0,0,0,,,94,,,TRUE,FALSE,1,0,0,0,0,0,0,1,0,0,0,0,6,91,4,5.808510638,63,28,0,1,5.641791045,1,6,2,6,6,0,26,182,91,21
S02M001,2,05/04/25,PBKS,2,96,CSK,PBKS,F du Plessis,MS Dhoni,Shakib Al Hasan,1,0,0,0,0,0,,,95,,,TRUE,FALSE,1,0,1,0,0,1,0,0,0,0,0,0,1,92,4,5.810526316,63,29,0,1,5.641791045,1,6,2,6,1,0,25,182,90,21.6
S02M001,2,05/04/25,PBKS,2,97,CSK,PBKS,MS Dhoni,F du Plessis,Shakib Al Hasan,1,0,0,0,0,0,,,96,,,TRUE,FALSE,1,0,1,0,0,1,0,0,0,0,0,0,1,93,4,5.8125,63,30,0,1,5.641791045,1,6,6,2,1,0,24,182,89,22.25
S02M001,2,05/04/25,PBKS,2,98,CSK,PBKS,MS Dhoni,F du Plessis,CV Varun,1,0,0,0,0,0,,,97,,,TRUE,FALSE,1,0,1,0,0,1,0,0,0,0,0,0,1,94,4,5.81443299,63,31,0,1,5.641791045,1,6,6,2,1,0,23,182,88,22.95652174
S02M001,2,05/04/25,PBKS,2,99,CSK,PBKS,F du Plessis,MS Dhoni,CV Varun,0,0,0,0,0,0,out,F du Plessis,98,Bowled,,TRUE,TRUE,1,1,0,0,0,0,0,0,1,1,0,1,0,94,5,5.755102041,94,0,0,1,5.755102041,1,6,2,6,0,1,22,182,88,24
S02M001,2,05/04/25,PBKS,2,100,CSK,PBKS,Suryansh Shedge,MS Dhoni,CV Varun,0,0,0,0,0,0,,,99,,,TRUE,FALSE,1,1,0,0,0,0,0,0,0,0,0,0,0,94,5,5.696969697,94,0,0,1,5.755102041,1,6,7,6,0,1,21,182,88,25.14285714
S02M001,2,05/04/25,PBKS,2,101,CSK,PBKS,Suryansh Shedge,MS Dhoni,CV Varun,1,0,0,0,0,0,,,100,,,TRUE,FALSE,1,0,1,0,0,1,0,0,0,0,0,0,1,95,5,5.7,94,1,0,1,5.755102041,1,6,7,6,1,0,20,182,87,26.1
S02M001,2,05/04/25,PBKS,2,102,CSK,PBKS,MS Dhoni,Suryansh Shedge,CV Varun,4,0,0,0,0,0,,,101,,,TRUE,FALSE,1,0,0,0,0,0,1,0,0,0,0,0,4,99,5,5.881188119,94,5,0,1,5.755102041,2,6,6,7,4,0,19,182,83,26.21052632
S02M001,2,05/04/25,PBKS,2,103,CSK,PBKS,MS Dhoni,Suryansh Shedge,CV Varun,0,0,0,0,0,0,out,MS Dhoni,102,Bowled,,TRUE,TRUE,1,1,0,0,0,0,0,0,1,1,0,1,0,99,6,5.823529412,99,0,0,1,5.823529412,2,6,6,7,0,1,18,182,83,27.66666667
S02M001,2,05/04/25,PBKS,2,104,CSK,PBKS,Suryansh Shedge,KD Karthik,Washington Sundar,4,0,0,0,0,0,,,103,,,TRUE,FALSE,1,0,0,0,0,0,1,0,0,0,0,0,4,103,6,6,99,4,0,1,5.823529412,3,6,7,8,4,0,17,182,79,27.88235294
S02M001,2,05/04/25,PBKS,2,105,CSK,PBKS,Suryansh Shedge,KD Karthik,Washington Sundar,0,0,0,0,0,0,,,104,,,TRUE,FALSE,1,1,0,0,0,0,0,0,0,0,0,0,0,103,6,5.942307692,99,4,0,1,5.823529412,3,6,7,8,0,1,16,182,79,29.625
S02M001,2,05/04/25,PBKS,2,106,CSK,PBKS,Suryansh Shedge,KD Karthik,Washington Sundar,4,0,0,0,0,0,,,105,,,TRUE,FALSE,1,0,0,0,0,0,1,0,0,0,0,0,4,107,6,6.114285714,99,8,0,1,5.823529412,4,6,7,8,4,0,15,182,75,30
S02M001,2,05/04/25,PBKS,2,107,CSK,PBKS,Suryansh Shedge,KD Karthik,Washington Sundar,0,0,0,0,0,0,out,Suryansh Shedge,106,Caught,CV Varun,TRUE,TRUE,1,1,0,0,0,0,0,0,1,1,0,1,0,107,7,6.056603774,107,0,0,1,6.056603774,4,6,7,8,0,1,14,182,75,32.14285714
S02M001,2,05/04/25,PBKS,2,108,CSK,PBKS,M Siddharth,KD Karthik,Washington Sundar,4,0,0,0,0,0,,,107,,,TRUE,FALSE,1,0,0,0,0,0,1,0,0,0,0,0,4,111,7,6.224299065,107,4,0,1,6.056603774,5,6,9,8,4,0,13,182,71,32.76923077
S02M001,2,05/04/25,PBKS,2,109,CSK,PBKS,M Siddharth,KD Karthik,Washington Sundar,2,0,0,0,0,0,,,108,,,TRUE,FALSE,1,0,0,1,0,1,0,0,0,0,0,0,2,113,7,6.277777778,107,6,0,1,6.056603774,5,6,9,8,2,0,12,182,69,34.5
S02M001,2,05/04/25,PBKS,2,110,CSK,PBKS,KD Karthik,M Siddharth,Shakib Al Hasan,1,0,0,0,0,0,,,109,,,TRUE,FALSE,1,0,1,0,0,1,0,0,0,0,0,0,1,114,7,6.275229358,107,7,0,1,6.056603774,5,6,8,9,1,0,11,182,68,37.09090909
S02M001,2,05/04/25,PBKS,2,111,CSK,PBKS,M Siddharth,KD Karthik,Shakib Al Hasan,0,0,0,0,0,0,out,M Siddharth,110,Bowled,,TRUE,TRUE,1,1,0,0,0,0,0,0,1,1,0,1,0,114,8,6.218181818,114,0,0,1,6.218181818,5,6,9,8,0,1,10,182,68,40.8
S02M001,2,05/04/25,PBKS,2,112,CSK,PBKS,Mohammad Ghazanfar,KD Karthik,Shakib Al Hasan,1,0,0,0,0,0,,,111,,,TRUE,FALSE,1,0,1,0,0,1,0,0,0,0,0,0,1,115,8,6.216216216,114,1,0,1,6.218181818,5,6,10,8,1,0,9,182,67,44.66666667
S02M001,2,05/04/25,PBKS,2,113,CSK,PBKS,KD Karthik,Mohammad Ghazanfar,Shakib Al Hasan,0,0,0,0,0,0,,,112,,,TRUE,FALSE,1,1,0,0,0,0,0,0,0,0,0,0,0,115,8,6.160714286,114,1,0,1,6.218181818,5,6,8,10,0,1,8,182,67,50.25
S02M001,2,05/04/25,PBKS,2,114,CSK,PBKS,KD Karthik,Mohammad Ghazanfar,Shakib Al Hasan,1,0,0,0,0,0,,,113,,,TRUE,FALSE,1,0,1,0,0,1,0,0,0,0,0,0,1,116,8,6.159292035,114,2,0,1,6.218181818,5,6,8,10,1,0,7,182,66,56.57142857
S02M001,2,05/04/25,PBKS,2,115,CSK,PBKS,Mohammad Ghazanfar,KD Karthik,Shakib Al Hasan,0,0,0,0,0,0,,,114,,,TRUE,FALSE,1,1,0,0,0,0,0,0,0,0,0,0,0,116,8,6.105263158,114,2,0,1,6.218181818,5,6,10,8,0,1,6,182,66,66
S02M001,2,05/04/25,PBKS,2,116,CSK,PBKS,KD Karthik,Mohammad Ghazanfar,Washington Sundar,0,0,0,0,0,0,,,115,,,TRUE,FALSE,1,1,0,0,0,0,0,0,0,0,0,0,0,116,8,6.052173913,114,2,0,1,6.218181818,5,6,8,10,0,1,5,182,66,79.2
S02M001,2,05/04/25,PBKS,2,117,CSK,PBKS,KD Karthik,Mohammad Ghazanfar,Washington Sundar,0,0,0,0,0,0,out,KD Karthik,116,Caught,M Markande,TRUE,TRUE,1,1,0,0,0,0,0,0,1,1,0,1,0,116,9,6,116,0,0,1,6,5,6,8,10,0,1,4,182,66,99
S02M001,2,05/04/25,PBKS,2,118,CSK,PBKS,T Natarajan,Mohammad Ghazanfar,Washington Sundar,1,0,0,0,0,0,,,117,,,TRUE,FALSE,1,0,1,0,0,1,0,0,0,0,0,0,1,117,9,6,116,1,0,1,6,5,6,11,10,1,0,3,182,65,130
S02M001,2,05/04/25,PBKS,2,119,CSK,PBKS,Mohammad Ghazanfar,T Natarajan,Washington Sundar,1,0,0,0,0,0,,,118,,,TRUE,FALSE,1,0,1,0,0,1,0,0,0,0,0,0,1,118,9,6,116,2,0,1,6,5,6,10,11,1,0,2,182,64,192
S02M001,2,05/04/25,PBKS,2,120,CSK,PBKS,T Natarajan,Mohammad Ghazanfar,Washington Sundar,0,0,0,0,0,0,,,119,,,TRUE,FALSE,1,1,0,0,0,0,0,0,0,0,0,0,0,118,9,5.949579832,116,2,0,1,6,5,6,11,10,0,1,1,182,64,384
S02M001,2,05/04/25,PBKS,2,121,CSK,PBKS,T Natarajan,Mohammad Ghazanfar,Washington Sundar,6,0,0,0,0,0,,,120,,,TRUE,FALSE,1,0,0,0,0,0,0,1,0,0,0,0,6,124,9,6.2,116,8,0,1,6,5,7,11,10,6,0,0,182,58,64
S02M002,2,05/04/25,SRH,1,1,SRH,DC,BM Duckett,P Simran Singh,Sikandar Raza,1,0,0,0,0,0,,,1,,,TRUE,FALSE,1,0,1,0,0,1,0,0,0,0,0,0,1,1,0,6,0,1,FALSE,1,,0,0,1,2,1,0,,,,
S02M002,2,05/04/25,SRH,1,2,SRH,DC,P Simran Singh,BM Duckett,Sikandar Raza,0,0,0,0,0,0,,,2,,,TRUE,FALSE,1,1,0,0,0,0,0,0,0,0,0,0,0,1,0,3,0,1,FALSE,1,,0,0,2,1,0,1,,,,
S02M002,2,05/04/25,SRH,1,3,SRH,DC,P Simran Singh,BM Duckett,Sikandar Raza,6,0,0,0,0,0,,,3,,,TRUE,FALSE,1,0,0,0,0,0,0,1,0,0,0,0,6,7,0,14,0,7,FALSE,1,,0,1,2,1,6,0,,,,
S02M002,2,05/04/25,SRH,1,4,SRH,DC,P Simran Singh,BM Duckett,Sikandar Raza,1,0,0,0,0,0,,,4,,,TRUE,FALSE,1,0,1,0,0,1,0,0,0,0,0,0,1,8,0,12,0,8,FALSE,1,,0,1,2,1,1,0,,,,
S02M002,2,05/04/25,SRH,1,5,SRH,DC,BM Duckett,P Simran Singh,Sikandar Raza,1,0,0,0,0,0,,,5,,,TRUE,FALSE,1,0,1,0,0,1,0,0,0,0,0,0,1,9,0,10.8,0,9,FALSE,1,,0,1,1,2,1,0,,,,
S02M002,2,05/04/25,SRH,1,6,SRH,DC,P Simran Singh,BM Duckett,Sikandar Raza,1,0,0,0,0,0,,,6,,,TRUE,FALSE,1,0,1,0,0,1,0,0,0,0,0,0,1,10,0,10,0,10,FALSE,1,,0,1,2,1,1,0,,,,
S02M002,2,05/04/25,SRH,1,7,SRH,DC,P Simran Singh,BM Duckett,PWH de Silva,0,0,0,0,0,0,,,7,,,TRUE,FALSE,1,1,0,0,0,0,0,0,0,0,0,0,0,10,0,8.571428571,0,10,FALSE,1,,0,1,2,1,0,1,,,,
S02M002,2,05/04/25,SRH,1,8,SRH,DC,P Simran Singh,BM Duckett,PWH de Silva,1,0,0,0,0,0,,,8,,,TRUE,FALSE,1,0,1,0,0,1,0,0,0,0,0,0,1,11,0,8.25,0,11,FALSE,1,,0,1,2,1,1,0,,,,
S02M002,2,05/04/25,SRH,1,9,SRH,DC,BM Duckett,P Simran Singh,PWH de Silva,0,0,0,0,0,0,,,9,,,TRUE,FALSE,1,1,0,0,0,0,0,0,0,0,0,0,0,11,0,7.333333333,0,11,FALSE,1,,0,1,1,2,0,1,,,,
S02M002,2,05/04/25,SRH,1,10,SRH,DC,BM Duckett,P Simran Singh,PWH de Silva,6,0,0,0,0,0,,,10,,,TRUE,FALSE,1,0,0,0,0,0,0,1,0,0,0,0,6,17,0,10.2,0,17,FALSE,1,,0,2,1,2,6,0,,,,
S02M002,2,05/04/25,SRH,1,11,SRH,DC,BM Duckett,P Simran Singh,PWH de Silva,1,0,0,0,0,0,,,11,,,TRUE,FALSE,1,0,1,0,0,1,0,0,0,0,0,0,1,18,0,9.818181818,0,18,FALSE,1,,0,2,1,2,1,0,,,,
S02M002,2,05/04/25,SRH,1,12,SRH,DC,P Simran Singh,BM Duckett,PWH de Silva,4,0,0,0,0,0,,,12,,,TRUE,FALSE,1,0,0,0,0,0,1,0,0,0,0,0,4,22,0,11,0,22,FALSE,1,,1,2,2,1,4,0,,,,
S02M002,2,05/04/25,SRH,1,13,SRH,DC,BM Duckett,P Simran Singh,Sikandar Raza,1,0,0,0,0,0,,,13,,,TRUE,FALSE,1,0,1,0,0,1,0,0,0,0,0,0,1,23,0,10.61538462,0,23,FALSE,1,,1,2,1,2,1,0,,,,
S02M002,2,05/04/25,SRH,1,14,SRH,DC,P Simran Singh,BM Duckett,Sikandar Raza,1,0,0,0,0,0,,,14,,,TRUE,FALSE,1,0,1,0,0,1,0,0,0,0,0,0,1,24,0,10.28571429,0,24,FALSE,1,,1,2,2,1,1,0,,,,
S02M002,2,05/04/25,SRH,1,15,SRH,DC,BM Duckett,P Simran Singh,Sikandar Raza,1,0,0,0,0,0,,,15,,,TRUE,FALSE,1,0,1,0,0,1,0,0,0,0,0,0,1,25,0,10,0,25,FALSE,1,,1,2,1,2,1,0,,,,
S02M002,2,05/04/25,SRH,1,16,SRH,DC,P Simran Singh,BM Duckett,Sikandar Raza,1,0,0,0,0,0,,,16,,,TRUE,FALSE,1,0,1,0,0,1,0,0,0,0,0,0,1,26,0,9.75,0,26,FALSE,1,,1,2,2,1,1,0,,,,
S02M002,2,05/04/25,SRH,1,17,SRH,DC,BM Duckett,P Simran Singh,Sikandar Raza,0,0,0,0,0,0,,,17,,,TRUE,FALSE,1,1,0,0,0,0,0,0,0,0,0,0,0,26,0,9.176470588,0,26,FALSE,1,,1,2,1,2,0,1,,,,
S02M002,2,05/04/25,SRH,1,18,SRH,DC,BM Duckett,P Simran Singh,Sikandar Raza,4,0,0,0,0,0,,,18,,,TRUE,FALSE,1,0,0,0,0,0,1,0,0,0,0,0,4,30,0,10,0,30,FALSE,1,,2,2,1,2,4,0,,,,
S02M002,2,05/04/25,SRH,1,19,SRH,DC,P Simran Singh,BM Duckett,Cheepurapalli Stephen,1,0,0,0,0,0,,,19,,,TRUE,FALSE,1,0,1,0,0,1,0,0,0,0,0,0,1,31,0,9.789473684,0,31,FALSE,1,,2,2,2,1,1,0,,,,
S02M002,2,05/04/25,SRH,1,20,SRH,DC,BM Duckett,P Simran Singh,Cheepurapalli Stephen,0,0,0,0,0,0,,,20,,,TRUE,FALSE,1,1,0,0,0,0,0,0,0,0,0,0,0,31,0,9.3,0,31,FALSE,1,,2,2,1,2,0,1,,,,
S02M002,2,05/04/25,SRH,1,21,SRH,DC,BM Duckett,P Simran Singh,Cheepurapalli Stephen,4,0,0,0,0,0,,,21,,,TRUE,FALSE,1,0,0,0,0,0,1,0,0,0,0,0,4,35,0,10,0,35,FALSE,1,,3,2,1,2,4,0,,,,
S02M002,2,05/04/25,SRH,1,22,SRH,DC,BM Duckett,P Simran Singh,Cheepurapalli Stephen,0,0,0,0,0,0,,,22,,,TRUE,FALSE,1,1,0,0,0,0,0,0,0,0,0,0,0,35,0,9.545454545,0,35,FALSE,1,,3,2,1,2,0,1,,,,
S02M002,2,05/04/25,SRH,1,23,SRH,DC,BM Duckett,P Simran Singh,Cheepurapalli Stephen,1,0,0,0,0,0,,,23,,,TRUE,FALSE,1,0,1,0,0,1,0,0,0,0,0,0,1,36,0,9.391304348,0,36,FALSE,1,,3,2,1,2,1,0,,,,
S02M002,2,05/04/25,SRH,1,24,SRH,DC,P Simran Singh,BM Duckett,Cheepurapalli Stephen,1,0,0,0,0,0,,,24,,,TRUE,FALSE,1,0,1,0,0,1,0,0,0,0,0,0,1,37,0,9.25,0,37,FALSE,1,,3,2,2,1,1,0,,,,
S02M002,2,05/04/25,SRH,1,25,SRH,DC,P Simran Singh,BM Duckett,RA Jadeja,0,0,0,0,0,0,,,25,,,TRUE,FALSE,1,1,0,0,0,0,0,0,0,0,0,0,0,37,0,8.88,0,37,FALSE,1,,3,2,2,1,0,1,,,,
S02M002,2,05/04/25,SRH,1,26,SRH,DC,P Simran Singh,BM Duckett,RA Jadeja,0,0,0,0,0,0,,,26,,,TRUE,FALSE,1,1,0,0,0,0,0,0,0,0,0,0,0,37,0,8.538461538,0,37,FALSE,1,,3,2,2,1,0,1,,,,
S02M002,2,05/04/25,SRH,1,27,SRH,DC,P Simran Singh,BM Duckett,RA Jadeja,0,0,0,0,0,0,,,27,,,TRUE,FALSE,1,1,0,0,0,0,0,0,0,0,0,0,0,37,0,8.222222222,0,37,FALSE,1,,3,2,2,1,0,1,,,,
S02M002,2,05/04/25,SRH,1,28,SRH,DC,P Simran Singh,BM Duckett,RA Jadeja,6,0,0,0,0,0,,,28,,,TRUE,FALSE,1,0,0,0,0,0,0,1,0,0,0,0,6,43,0,9.214285714,0,43,FALSE,1,,3,3,2,1,6,0,,,,
S02M002,2,05/04/25,SRH,1,29,SRH,DC,P Simran Singh,BM Duckett,RA Jadeja,4,0,0,0,0,0,,,29,,,TRUE,FALSE,1,0,0,0,0,0,1,0,0,0,0,0,4,47,0,9.724137931,0,47,FALSE,1,,4,3,2,1,4,0,,,,
S02M002,2,05/04/25,SRH,1,30,SRH,DC,P Simran Singh,BM Duckett,RA Jadeja,0,1,1,0,0,0,,,29,,,FALSE,FALSE,0,1,0,0,0,0,0,0,0,0,0,0,1,48,0,9.931034483,0,48,FALSE,0,,4,3,2,1,1,0,,,,
S02M002,2,05/04/25,SRH,1,31,SRH,DC,P Simran Singh,BM Duckett,RA Jadeja,1,0,0,0,0,0,,,30,,,TRUE,FALSE,1,0,1,0,0,1,0,0,0,0,0,0,1,49,0,9.8,0,49,FALSE,1,,4,3,2,1,1,0,,,,
S02M002,2,05/04/25,SRH,1,32,SRH,DC,P Simran Singh,BM Duckett,DL Chahar,4,0,0,0,0,0,,,31,,,TRUE,FALSE,1,0,0,0,0,0,1,0,0,0,0,0,4,53,0,10.25806452,0,53,FALSE,1,,5,3,2,1,4,0,,,,
S02M002,2,05/04/25,SRH,1,33,SRH,DC,P Simran Singh,BM Duckett,DL Chahar,4,0,0,0,0,0,,,32,,,TRUE,FALSE,1,0,0,0,0,0,1,0,0,0,0,0,4,57,0,10.6875,0,57,FALSE,1,,6,3,2,1,4,0,,,,
S02M002,2,05/04/25,SRH,1,34,SRH,DC,P Simran Singh,BM Duckett,DL Chahar,6,0,0,0,0,0,,,33,,,TRUE,FALSE,1,0,0,0,0,0,0,1,0,0,0,0,6,63,0,11.45454545,0,63,FALSE,1,,6,4,2,1,6,0,,,,
S02M002,2,05/04/25,SRH,1,35,SRH,DC,P Simran Singh,BM Duckett,DL Chahar,2,0,0,0,0,0,,,34,,,TRUE,FALSE,1,0,0,1,0,1,0,0,0,0,0,0,2,65,0,11.47058824,0,65,FALSE,1,,6,4,2,1,2,0,,,,
S02M002,2,05/04/25,SRH,1,36,SRH,DC,P Simran Singh,BM Duckett,DL Chahar,4,0,0,0,0,0,,,35,,,TRUE,FALSE,1,0,0,0,0,0,1,0,0,0,0,0,4,69,0,11.82857143,0,69,FALSE,1,,7,4,2,1,4,0,,,,
S02M002,2,05/04/25,SRH,1,37,SRH,DC,P Simran Singh,BM Duckett,DL Chahar,1,0,0,0,0,0,,,36,,,TRUE,FALSE,1,0,1,0,0,1,0,0,0,0,0,0,1,70,0,11.66666667,0,70,FALSE,1,,7,4,2,1,1,0,,,,
S02M002,2,05/04/25,SRH,1,38,SRH,DC,P Simran Singh,BM Duckett,Cheepurapalli Stephen,0,0,0,0,0,0,out,P Simran Singh,37,Bowled,,TRUE,TRUE,1,1,0,0,0,0,0,0,1,1,0,1,0,70,1,11.35135135,70,0,FALSE,1,11.35135135,7,4,2,1,0,1,,,,
S02M002,2,05/04/25,SRH,1,39,SRH,DC,LS Livingstone,BM Duckett,Cheepurapalli Stephen,0,0,0,0,0,0,,,38,,,TRUE,FALSE,1,1,0,0,0,0,0,0,0,0,0,0,0,70,1,11.05263158,70,0,FALSE,1,11.35135135,7,4,3,1,0,1,,,,
S02M002,2,05/04/25,SRH,1,40,SRH,DC,LS Livingstone,BM Duckett,Cheepurapalli Stephen,2,0,0,0,0,0,,,39,,,TRUE,FALSE,1,0,0,1,0,1,0,0,0,0,0,0,2,72,1,11.07692308,70,2,FALSE,1,11.35135135,7,4,3,1,2,0,,,,
S02M002,2,05/04/25,SRH,1,41,SRH,DC,LS Livingstone,BM Duckett,Cheepurapalli Stephen,1,0,0,0,0,0,,,40,,,TRUE,FALSE,1,0,1,0,0,1,0,0,0,0,0,0,1,73,1,10.95,70,3,FALSE,1,11.35135135,7,4,3,1,1,0,,,,
S02M002,2,05/04/25,SRH,1,42,SRH,DC,BM Duckett,LS Livingstone,Cheepurapalli Stephen,1,0,0,0,0,0,,,41,,,TRUE,FALSE,1,0,1,0,0,1,0,0,0,0,0,0,1,74,1,10.82926829,70,4,FALSE,1,11.35135135,7,4,1,3,1,0,,,,
S02M002,2,05/04/25,SRH,1,43,SRH,DC,LS Livingstone,BM Duckett,Cheepurapalli Stephen,4,0,0,0,0,0,,,42,,,TRUE,FALSE,1,0,0,0,0,0,1,0,0,0,0,0,4,78,1,11.14285714,70,8,FALSE,1,11.35135135,8,4,3,1,4,0,,,,
S02M002,2,05/04/25,SRH,1,44,SRH,DC,BM Duckett,LS Livingstone,AD Russell,1,0,0,0,0,0,,,43,,,TRUE,FALSE,1,0,1,0,0,1,0,0,0,0,0,0,1,79,1,11.02325581,70,9,FALSE,1,11.35135135,8,4,1,3,1,0,,,,
S02M002,2,05/04/25,SRH,1,45,SRH,DC,LS Livingstone,BM Duckett,AD Russell,2,0,0,0,0,0,,,44,,,TRUE,FALSE,1,0,0,1,0,1,0,0,0,0,0,0,2,81,1,11.04545455,70,11,FALSE,1,11.35135135,8,4,3,1,2,0,,,,
S02M002,2,05/04/25,SRH,1,46,SRH,DC,LS Livingstone,BM Duckett,AD Russell,1,0,0,0,0,0,,,45,,,TRUE,FALSE,1,0,1,0,0,1,0,0,0,0,0,0,1,82,1,10.93333333,70,12,FALSE,1,11.35135135,8,4,3,1,1,0,,,,
S02M002,2,05/04/25,SRH,1,47,SRH,DC,BM Duckett,LS Livingstone,AD Russell,1,0,0,0,0,0,,,46,,,TRUE,FALSE,1,0,1,0,0,1,0,0,0,0,0,0,1,83,1,10.82608696,70,13,FALSE,1,11.35135135,8,4,1,3,1,0,,,,
S02M002,2,05/04/25,SRH,1,48,SRH,DC,LS Livingstone,BM Duckett,AD Russell,0,0,0,0,0,0,,,47,,,TRUE,FALSE,1,1,0,0,0,0,0,0,0,0,0,0,0,83,1,10.59574468,70,13,FALSE,1,11.35135135,8,4,3,1,0,1,,,,
S02M002,2,05/04/25,SRH,1,49,SRH,DC,LS Livingstone,BM Duckett,AD Russell,0,0,0,0,0,0,,,48,,,TRUE,FALSE,1,1,0,0,0,0,0,0,0,0,0,0,0,83,1,10.375,70,13,FALSE,1,11.35135135,8,4,3,1,0,1,,,,
S02M002,2,05/04/25,SRH,1,50,SRH,DC,BM Duckett,LS Livingstone,RA Jadeja,1,0,0,0,0,0,,,49,,,TRUE,FALSE,1,0,1,0,0,1,0,0,0,0,0,0,1,84,1,10.28571429,70,14,FALSE,1,11.35135135,8,4,1,3,1,0,,,,
S02M002,2,05/04/25,SRH,1,51,SRH,DC,LS Livingstone,BM Duckett,RA Jadeja,1,0,0,0,0,0,,,50,,,TRUE,FALSE,1,0,1,0,0,1,0,0,0,0,0,0,1,85,1,10.2,70,15,FALSE,1,11.35135135,8,4,3,1,1,0,,,,
S02M002,2,05/04/25,SRH,1,52,SRH,DC,BM Duckett,LS Livingstone,RA Jadeja,4,0,0,0,0,0,,,51,,,TRUE,FALSE,1,0,0,0,0,0,1,0,0,0,0,0,4,89,1,10.47058824,70,19,FALSE,1,11.35135135,9,4,1,3,4,0,,,,
S02M002,2,05/04/25,SRH,1,53,SRH,DC,BM Duckett,LS Livingstone,RA Jadeja,1,0,0,0,0,0,,,52,,,TRUE,FALSE,1,0,1,0,0,1,0,0,0,0,0,0,1,90,1,10.38461538,70,20,FALSE,1,11.35135135,9,4,1,3,1,0,,,,
S02M002,2,05/04/25,SRH,1,54,SRH,DC,LS Livingstone,BM Duckett,RA Jadeja,0,0,0,0,0,0,,,53,,,TRUE,FALSE,1,1,0,0,0,0,0,0,0,0,0,0,0,90,1,10.18867925,70,20,FALSE,1,11.35135135,9,4,3,1,0,1,,,,
S02M002,2,05/04/25,SRH,1,55,SRH,DC,LS Livingstone,BM Duckett,RA Jadeja,0,0,0,0,0,0,,,54,,,TRUE,FALSE,1,1,0,0,0,0,0,0,0,0,0,0,0,90,1,10,70,20,FALSE,1,11.35135135,9,4,3,1,0,1,,,,
S02M002,2,05/04/25,SRH,1,56,SRH,DC,BM Duckett,LS Livingstone,DL Chahar,1,0,0,0,0,0,,,55,,,TRUE,FALSE,1,0,1,0,0,1,0,0,0,0,0,0,1,91,1,9.927272727,70,21,FALSE,1,11.35135135,9,4,1,3,1,0,,,,
S02M002,2,05/04/25,SRH,1,57,SRH,DC,LS Livingstone,BM Duckett,DL Chahar,1,0,0,0,0,0,,,56,,,TRUE,FALSE,1,0,1,0,0,1,0,0,0,0,0,0,1,92,1,9.857142857,70,22,FALSE,1,11.35135135,9,4,3,1,1,0,,,,
S02M002,2,05/04/25,SRH,1,58,SRH,DC,BM Duckett,LS Livingstone,DL Chahar,6,0,0,0,0,0,,,57,,,TRUE,FALSE,1,0,0,0,0,0,0,1,0,0,0,0,6,98,1,10.31578947,70,28,FALSE,1,11.35135135,9,5,1,3,6,0,,,,
S02M002,2,05/04/25,SRH,1,59,SRH,DC,BM Duckett,LS Livingstone,DL Chahar,4,0,0,0,0,0,,,58,,,TRUE,FALSE,1,0,0,0,0,0,1,0,0,0,0,0,4,102,1,10.55172414,70,32,FALSE,1,11.35135135,10,5,1,3,4,0,,,,
S02M002,2,05/04/25,SRH,1,60,SRH,DC,BM Duckett,LS Livingstone,DL Chahar,1,0,0,0,0,0,,,59,,,TRUE,FALSE,1,0,1,0,0,1,0,0,0,0,0,0,1,103,1,10.47457627,70,33,FALSE,1,11.35135135,10,5,1,3,1,0,,,,
S02M002,2,05/04/25,SRH,1,61,SRH,DC,LS Livingstone,BM Duckett,DL Chahar,1,0,0,0,0,0,,,60,,,TRUE,FALSE,1,0,1,0,0,1,0,0,0,0,0,0,1,104,1,10.4,70,34,FALSE,1,11.35135135,10,5,3,1,1,0,,,,
S02M002,2,05/04/25,SRH,1,62,SRH,DC,LS Livingstone,BM Duckett,PWH de Silva,1,0,0,0,0,0,,,61,,,TRUE,FALSE,1,0,1,0,0,1,0,0,0,0,0,0,1,105,1,10.32786885,70,35,FALSE,1,11.35135135,10,5,3,1,1,0,,,,
S02M002,2,05/04/25,SRH,1,63,SRH,DC,BM Duckett,LS Livingstone,PWH de Silva,1,0,0,0,0,0,,,62,,,TRUE,FALSE,1,0,1,0,0,1,0,0,0,0,0,0,1,106,1,10.25806452,70,36,FALSE,1,11.35135135,10,5,1,3,1,0,,,,
S02M002,2,05/04/25,SRH,1,64,SRH,DC,LS Livingstone,BM Duckett,PWH de Silva,1,0,0,0,0,0,,,63,,,TRUE,FALSE,1,0,1,0,0,1,0,0,0,0,0,0,1,107,1,10.19047619,70,37,FALSE,1,11.35135135,10,5,3,1,1,0,,,,
S02M002,2,05/04/25,SRH,1,65,SRH,DC,BM Duckett,LS Livingstone,PWH de Silva,4,0,0,0,0,0,,,64,,,TRUE,FALSE,1,0,0,0,0,0,1,0,0,0,0,0,4,111,1,10.40625,70,41,FALSE,1,11.35135135,11,5,1,3,4,0,,,,
S02M002,2,05/04/25,SRH,1,66,SRH,DC,BM Duckett,LS Livingstone,PWH de Silva,1,0,0,0,0,0,,,65,,,TRUE,FALSE,1,0,1,0,0,1,0,0,0,0,0,0,1,112,1,10.33846154,70,42,FALSE,1,11.35135135,11,5,1,3,1,0,,,,
S02M002,2,05/04/25,SRH,1,67,SRH,DC,LS Livingstone,BM Duckett,PWH de Silva,0,0,0,0,0,0,,,66,,,TRUE,FALSE,1,1,0,0,0,0,0,0,0,0,0,0,0,112,1,10.18181818,70,42,FALSE,1,11.35135135,11,5,3,1,0,1,,,,
S02M002,2,05/04/25,SRH,1,68,SRH,DC,BM Duckett,LS Livingstone,DL Chahar,4,0,0,0,0,0,,,67,,,TRUE,FALSE,1,0,0,0,0,0,1,0,0,0,0,0,4,116,1,10.3880597,70,46,FALSE,1,11.35135135,12,5,1,3,4,0,,,,
S02M002,2,05/04/25,SRH,1,69,SRH,DC,BM Duckett,LS Livingstone,DL Chahar,2,0,0,0,0,0,,,68,,,TRUE,FALSE,1,0,0,1,0,1,0,0,0,0,0,0,2,118,1,10.41176471,70,48,FALSE,1,11.35135135,12,5,1,3,2,0,,,,
S02M002,2,05/04/25,SRH,1,70,SRH,DC,BM Duckett,LS Livingstone,DL Chahar,1,0,0,0,0,0,,,69,,,TRUE,FALSE,1,0,1,0,0,1,0,0,0,0,0,0,1,119,1,10.34782609,70,49,FALSE,1,11.35135135,12,5,1,3,1,0,,,,
S02M002,2,05/04/25,SRH,1,71,SRH,DC,LS Livingstone,BM Duckett,DL Chahar,1,0,0,0,0,0,,,70,,,TRUE,FALSE,1,0,1,0,0,1,0,0,0,0,0,0,1,120,1,10.28571429,70,50,FALSE,1,11.35135135,12,5,3,1,1,0,,,,
S02M002,2,05/04/25,SRH,1,72,SRH,DC,BM Duckett,LS Livingstone,DL Chahar,1,0,0,0,0,0,,,71,,,TRUE,FALSE,1,0,1,0,0,1,0,0,0,0,0,0,1,121,1,10.22535211,70,51,FALSE,1,11.35135135,12,5,1,3,1,0,,,,
S02M002,2,05/04/25,SRH,1,73,SRH,DC,LS Livingstone,BM Duckett,DL Chahar,6,0,0,0,0,0,,,72,,,TRUE,FALSE,1,0,0,0,0,0,0,1,0,0,0,0,6,127,1,10.58333333,70,57,FALSE,1,11.35135135,12,6,3,1,6,0,,,,
S02M002,2,05/04/25,SRH,1,74,SRH,DC,BM Duckett,LS Livingstone,Cheepurapalli Stephen,1,0,0,0,0,0,,,73,,,TRUE,FALSE,1,0,1,0,0,1,0,0,0,0,0,0,1,128,1,10.52054795,70,58,FALSE,1,11.35135135,12,6,1,3,1,0,,,,
S02M002,2,05/04/25,SRH,1,75,SRH,DC,LS Livingstone,BM Duckett,Cheepurapalli Stephen,4,0,0,0,0,0,,,74,,,TRUE,FALSE,1,0,0,0,0,0,1,0,0,0,0,0,4,132,1,10.7027027,70,62,FALSE,1,11.35135135,13,6,3,1,4,0,,,,
S02M002,2,05/04/25,SRH,1,76,SRH,DC,LS Livingstone,BM Duckett,Cheepurapalli Stephen,1,0,0,0,0,0,,,75,,,TRUE,FALSE,1,0,1,0,0,1,0,0,0,0,0,0,1,133,1,10.64,70,63,FALSE,1,11.35135135,13,6,3,1,1,0,,,,
S02M002,2,05/04/25,SRH,1,77,SRH,DC,BM Duckett,LS Livingstone,Cheepurapalli Stephen,1,0,0,0,0,0,,,76,,,TRUE,FALSE,1,0,1,0,0,1,0,0,0,0,0,0,1,134,1,10.57894737,70,64,FALSE,1,11.35135135,13,6,1,3,1,0,,,,
S02M002,2,05/04/25,SRH,1,78,SRH,DC,LS Livingstone,BM Duckett,Cheepurapalli Stephen,0,0,0,0,0,0,out,LS Livingstone,77,Bowled,,TRUE,TRUE,1,1,0,0,0,0,0,0,1,1,0,1,0,134,2,10.44155844,134,0,FALSE,1,10.44155844,13,6,3,1,0,1,,,,
S02M002,2,05/04/25,SRH,1,79,SRH,DC,KL Rahul,BM Duckett,Cheepurapalli Stephen,1,0,0,0,0,0,,,78,,,TRUE,FALSE,1,0,1,0,0,1,0,0,0,0,0,0,1,135,2,10.38461538,134,1,FALSE,1,10.44155844,13,6,4,1,1,0,,,,
S02M002,2,05/04/25,SRH,1,80,SRH,DC,KL Rahul,BM Duckett,RA Jadeja,1,0,0,0,0,0,,,79,,,TRUE,FALSE,1,0,1,0,0,1,0,0,0,0,0,0,1,136,2,10.32911392,134,2,FALSE,1,10.44155844,13,6,4,1,1,0,,,,
S02M002,2,05/04/25,SRH,1,81,SRH,DC,BM Duckett,KL Rahul,RA Jadeja,0,0,0,0,0,0,,,80,,,TRUE,FALSE,1,1,0,0,0,0,0,0,0,0,0,0,0,136,2,10.2,134,2,FALSE,1,10.44155844,13,6,1,4,0,1,,,,
S02M002,2,05/04/25,SRH,1,82,SRH,DC,BM Duckett,KL Rahul,RA Jadeja,6,0,0,0,0,0,,,81,,,TRUE,FALSE,1,0,0,0,0,0,0,1,0,0,0,0,6,142,2,10.51851852,134,8,FALSE,1,10.44155844,13,7,1,4,6,0,,,,
S02M002,2,05/04/25,SRH,1,83,SRH,DC,BM Duckett,KL Rahul,RA Jadeja,0,1,1,0,0,0,,,81,,,FALSE,FALSE,0,1,0,0,0,0,0,0,0,0,0,0,1,143,2,10.59259259,134,9,FALSE,0,10.44155844,13,7,1,4,1,0,,,,
S02M002,2,05/04/25,SRH,1,84,SRH,DC,BM Duckett,KL Rahul,RA Jadeja,6,0,0,0,0,0,,,82,,,TRUE,FALSE,1,0,0,0,0,0,0,1,0,0,0,0,6,149,2,10.90243902,134,15,FALSE,1,10.44155844,13,8,1,4,6,0,,,,
S02M002,2,05/04/25,SRH,1,85,SRH,DC,BM Duckett,KL Rahul,RA Jadeja,1,0,0,0,0,0,,,83,,,TRUE,FALSE,1,0,1,0,0,1,0,0,0,0,0,0,1,150,2,10.84337349,134,16,FALSE,1,10.44155844,13,8,1,4,1,0,,,,
S02M002,2,05/04/25,SRH,1,86,SRH,DC,KL Rahul,BM Duckett,RA Jadeja,0,0,0,0,0,0,,,84,,,TRUE,FALSE,1,1,0,0,0,0,0,0,0,0,0,0,0,150,2,10.71428571,134,16,FALSE,1,10.44155844,13,8,4,1,0,1,,,,
S02M002,2,05/04/25,SRH,1,87,SRH,DC,BM Duckett,KL Rahul,Sikandar Raza,6,0,0,0,0,0,,,85,,,TRUE,FALSE,1,0,0,0,0,0,0,1,0,0,0,0,6,156,2,11.01176471,134,22,FALSE,1,10.44155844,13,9,1,4,6,0,,,,
S02M002,2,05/04/25,SRH,1,88,SRH,DC,BM Duckett,KL Rahul,Sikandar Raza,0,0,0,0,0,0,,,86,,,TRUE,FALSE,1,1,0,0,0,0,0,0,0,0,0,0,0,156,2,10.88372093,134,22,FALSE,1,10.44155844,13,9,1,4,0,1,,,,
S02M002,2,05/04/25,SRH,1,89,SRH,DC,BM Duckett,KL Rahul,Sikandar Raza,2,0,0,0,0,0,,,87,,,TRUE,FALSE,1,0,0,1,0,1,0,0,0,0,0,0,2,158,2,10.89655172,134,24,FALSE,1,10.44155844,13,9,1,4,2,0,,,,
S02M002,2,05/04/25,SRH,1,90,SRH,DC,BM Duckett,KL Rahul,Sikandar Raza,0,1,0,0,0,1,,,88,,,TRUE,FALSE,1,1,0,0,0,0,0,0,0,0,0,0,1,159,2,10.84090909,134,25,FALSE,1,10.44155844,13,9,1,4,0,1,,,,
S02M002,2,05/04/25,SRH,1,91,SRH,DC,KL Rahul,BM Duckett,Sikandar Raza,1,0,0,0,0,0,,,89,,,TRUE,FALSE,1,0,1,0,0,1,0,0,0,0,0,0,1,160,2,10.78651685,134,26,FALSE,1,10.44155844,13,9,4,1,1,0,,,,
S02M002,2,05/04/25,SRH,1,92,SRH,DC,BM Duckett,KL Rahul,Sikandar Raza,1,0,0,0,0,0,,,90,,,TRUE,FALSE,1,0,1,0,0,1,0,0,0,0,0,0,1,161,2,10.73333333,134,27,FALSE,1,10.44155844,13,9,1,4,1,0,,,,
S02M002,2,05/04/25,SRH,1,93,SRH,DC,BM Duckett,KL Rahul,DL Chahar,1,0,0,0,0,0,,,91,,,TRUE,FALSE,1,0,1,0,0,1,0,0,0,0,0,0,1,162,2,10.68131868,134,28,FALSE,1,10.44155844,13,9,1,4,1,0,,,,
S02M002,2,05/04/25,SRH,1,94,SRH,DC,KL Rahul,BM Duckett,DL Chahar,6,0,0,0,0,0,,,92,,,TRUE,FALSE,1,0,0,0,0,0,0,1,0,0,0,0,6,168,2,10.95652174,134,34,FALSE,1,10.44155844,13,10,4,1,6,0,,,,
S02M002,2,05/04/25,SRH,1,95,SRH,DC,KL Rahul,BM Duckett,DL Chahar,6,0,0,0,0,0,,,93,,,TRUE,FALSE,1,0,0,0,0,0,0,1,0,0,0,0,6,174,2,11.22580645,134,40,FALSE,1,10.44155844,13,11,4,1,6,0,,,,
S02M002,2,05/04/25,SRH,1,96,SRH,DC,KL Rahul,BM Duckett,DL Chahar,1,0,0,0,0,0,,,94,,,TRUE,FALSE,1,0,1,0,0,1,0,0,0,0,0,0,1,175,2,11.17021277,134,41,FALSE,1,10.44155844,13,11,4,1,1,0,,,,
S02M002,2,05/04/25,SRH,1,97,SRH,DC,BM Duckett,KL Rahul,DL Chahar,0,0,0,0,0,0,out,BM Duckett,95,Bowled,,TRUE,TRUE,1,1,0,0,0,0,0,0,1,1,0,1,0,175,3,11.05263158,175,0,FALSE,1,11.05263158,13,11,1,4,0,1,,,,
S02M002,2,05/04/25,SRH,1,98,SRH,DC,VR Iyer,KL Rahul,DL Chahar,4,0,0,0,0,0,,,96,,,TRUE,FALSE,1,0,0,0,0,0,1,0,0,0,0,0,4,179,3,11.1875,175,4,FALSE,1,11.05263158,14,11,5,4,4,0,,,,
S02M002,2,05/04/25,SRH,1,99,SRH,DC,KL Rahul,VR Iyer,Sikandar Raza,2,0,0,0,0,0,,,97,,,TRUE,FALSE,1,0,0,1,0,1,0,0,0,0,0,0,2,181,3,11.19587629,175,6,FALSE,1,11.05263158,14,11,4,5,2,0,,,,
S02M002,2,05/04/25,SRH,1,100,SRH,DC,KL Rahul,VR Iyer,Sikandar Raza,2,0,0,0,0,0,,,98,,,TRUE,FALSE,1,0,0,1,0,1,0,0,0,0,0,0,2,183,3,11.20408163,175,8,FALSE,1,11.05263158,14,11,4,5,2,0,,,,
S02M002,2,05/04/25,SRH,1,101,SRH,DC,KL Rahul,VR Iyer,Sikandar Raza,1,0,0,0,0,0,,,99,,,TRUE,FALSE,1,0,1,0,0,1,0,0,0,0,0,0,1,184,3,11.15151515,175,9,FALSE,1,11.05263158,14,11,4,5,1,0,,,,
S02M002,2,05/04/25,SRH,1,102,SRH,DC,VR Iyer,KL Rahul,Sikandar Raza,1,0,0,0,0,0,,,100,,,TRUE,FALSE,1,0,1,0,0,1,0,0,0,0,0,0,1,185,3,11.1,175,10,FALSE,1,11.05263158,14,11,5,4,1,0,,,,
S02M002,2,05/04/25,SRH,1,103,SRH,DC,KL Rahul,VR Iyer,Sikandar Raza,1,0,0,0,0,0,,,101,,,TRUE,FALSE,1,0,1,0,0,1,0,0,0,0,0,0,1,186,3,11.04950495,175,11,FALSE,1,11.05263158,14,11,4,5,1,0,,,,
S02M002,2,05/04/25,SRH,1,104,SRH,DC,VR Iyer,KL Rahul,Sikandar Raza,1,0,0,0,0,0,,,102,,,TRUE,FALSE,1,0,1,0,0,1,0,0,0,0,0,0,1,187,3,11,175,12,FALSE,1,11.05263158,14,11,5,4,1,0,,,,
S02M002,2,05/04/25,SRH,1,105,SRH,DC,VR Iyer,KL Rahul,RA Jadeja,4,0,0,0,0,0,,,103,,,TRUE,FALSE,1,0,0,0,0,0,1,0,0,0,0,0,4,191,3,11.12621359,175,16,FALSE,1,11.05263158,15,11,5,4,4,0,,,,
S02M002,2,05/04/25,SRH,1,106,SRH,DC,VR Iyer,KL Rahul,RA Jadeja,4,0,0,0,0,0,,,104,,,TRUE,FALSE,1,0,0,0,0,0,1,0,0,0,0,0,4,195,3,11.25,175,20,FALSE,1,11.05263158,16,11,5,4,4,0,,,,
S02M002,2,05/04/25,SRH,1,107,SRH,DC,VR Iyer,KL Rahul,RA Jadeja,4,0,0,0,0,0,,,105,,,TRUE,FALSE,1,0,0,0,0,0,1,0,0,0,0,0,4,199,3,11.37142857,175,24,FALSE,1,11.05263158,17,11,5,4,4,0,,,,
S02M002,2,05/04/25,SRH,1,108,SRH,DC,VR Iyer,KL Rahul,RA Jadeja,0,0,0,0,0,0,out,VR Iyer,106,Bowled,,TRUE,TRUE,1,1,0,0,0,0,0,0,1,1,0,1,0,199,4,11.26415094,199,0,FALSE,1,11.26415094,17,11,5,4,0,1,,,,
S02M002,2,05/04/25,SRH,1,109,SRH,DC,MK Lomror,KL Rahul,RA Jadeja,0,1,0,0,0,1,,,107,,,TRUE,FALSE,1,1,0,0,0,0,0,0,0,0,0,0,1,200,4,11.21495327,199,1,FALSE,1,11.26415094,17,11,6,4,0,1,,,,
S02M002,2,05/04/25,SRH,1,110,SRH,DC,KL Rahul,MK Lomror,RA Jadeja,1,0,0,0,0,0,,,108,,,TRUE,FALSE,1,0,1,0,0,1,0,0,0,0,0,0,1,201,4,11.16666667,199,2,FALSE,1,11.26415094,17,11,4,6,1,0,,,,
S02M002,2,05/04/25,SRH,1,111,SRH,DC,KL Rahul,MK Lomror,Cheepurapalli Stephen,4,0,0,0,0,0,,,109,,,TRUE,FALSE,1,0,0,0,0,0,1,0,0,0,0,0,4,205,4,11.28440367,199,6,FALSE,1,11.26415094,18,11,4,6,4,0,,,,
S02M002,2,05/04/25,SRH,1,112,SRH,DC,KL Rahul,MK Lomror,Cheepurapalli Stephen,4,0,0,0,0,0,,,110,,,TRUE,FALSE,1,0,0,0,0,0,1,0,0,0,0,0,4,209,4,11.4,199,10,FALSE,1,11.26415094,19,11,4,6,4,0,,,,
S02M002,2,05/04/25,SRH,1,113,SRH,DC,KL Rahul,MK Lomror,Cheepurapalli Stephen,1,0,0,0,0,0,,,111,,,TRUE,FALSE,1,0,1,0,0,1,0,0,0,0,0,0,1,210,4,11.35135135,199,11,FALSE,1,11.26415094,19,11,4,6,1,0,,,,
S02M002,2,05/04/25,SRH,1,114,SRH,DC,MK Lomror,KL Rahul,Cheepurapalli Stephen,1,0,0,0,0,0,,,112,,,TRUE,FALSE,1,0,1,0,0,1,0,0,0,0,0,0,1,211,4,11.30357143,199,12,FALSE,1,11.26415094,19,11,6,4,1,0,,,,
S02M002,2,05/04/25,SRH,1,115,SRH,DC,KL Rahul,MK Lomror,Cheepurapalli Stephen,2,0,0,0,0,0,,,113,,,TRUE,FALSE,1,0,0,1,0,1,0,0,0,0,0,0,2,213,4,11.30973451,199,14,FALSE,1,11.26415094,19,11,4,6,2,0,,,,
S02M002,2,05/04/25,SRH,1,116,SRH,DC,KL Rahul,MK Lomror,Cheepurapalli Stephen,1,0,0,0,0,0,,,114,,,TRUE,FALSE,1,0,1,0,0,1,0,0,0,0,0,0,1,214,4,11.26315789,199,15,FALSE,1,11.26415094,19,11,4,6,1,0,,,,
S02M002,2,05/04/25,SRH,1,117,SRH,DC,KL Rahul,MK Lomror,PWH de Silva,1,0,0,0,0,0,,,115,,,TRUE,FALSE,1,0,1,0,0,1,0,0,0,0,0,0,1,215,4,11.2173913,199,16,FALSE,1,11.26415094,19,11,4,6,1,0,,,,
S02M002,2,05/04/25,SRH,1,118,SRH,DC,MK Lomror,KL Rahul,PWH de Silva,0,0,0,0,0,0,,,116,,,TRUE,FALSE,1,1,0,0,0,0,0,0,0,0,0,0,0,215,4,11.12068966,199,16,FALSE,1,11.26415094,19,11,6,4,0,1,,,,
S02M002,2,05/04/25,SRH,1,119,SRH,DC,MK Lomror,KL Rahul,PWH de Silva,4,0,0,0,0,0,,,117,,,TRUE,FALSE,1,0,0,0,0,0,1,0,0,0,0,0,4,219,4,11.23076923,199,20,FALSE,1,11.26415094,20,11,6,4,4,0,,,,
S02M002,2,05/04/25,SRH,1,120,SRH,DC,MK Lomror,KL Rahul,PWH de Silva,0,0,0,0,0,0,,,118,,,TRUE,FALSE,1,1,0,0,0,0,0,0,0,0,0,0,0,219,4,11.13559322,199,20,FALSE,1,11.26415094,20,11,6,4,0,1,,,,
S02M002,2,05/04/25,SRH,1,121,SRH,DC,MK Lomror,KL Rahul,PWH de Silva,2,0,0,0,0,0,,,119,,,TRUE,FALSE,1,0,0,1,0,1,0,0,0,0,0,0,2,221,4,11.14285714,199,22,FALSE,1,11.26415094,20,11,6,4,2,0,,,,
S02M002,2,05/04/25,SRH,1,122,SRH,DC,MK Lomror,KL Rahul,PWH de Silva,1,0,0,0,0,0,,,120,,,TRUE,FALSE,1,0,1,0,0,1,0,0,0,0,0,0,1,222,4,11.1,199,23,FALSE,1,11.26415094,20,11,6,4,1,0,,,,
S02M002,2,05/04/25,SRH,2,1,DC,SRH,BJ McMullen,V Kohli,Harshit Rana,1,0,0,0,0,0,,,1,,,TRUE,FALSE,1,0,1,0,0,1,0,0,0,0,0,0,1,1,0,6,0,1,FALSE,1,,0,0,1,2,1,0,119,223,222,11.19327731
S02M002,2,05/04/25,SRH,2,2,DC,SRH,V Kohli,BJ McMullen,Harshit Rana,6,0,0,0,0,0,,,2,,,TRUE,FALSE,1,0,0,0,0,0,0,1,0,0,0,0,6,7,0,21,0,7,FALSE,1,,0,1,2,1,6,0,118,223,216,10.98305085
S02M002,2,05/04/25,SRH,2,3,DC,SRH,V Kohli,BJ McMullen,Harshit Rana,6,0,0,0,0,0,,,3,,,TRUE,FALSE,1,0,0,0,0,0,0,1,0,0,0,0,6,13,0,26,0,13,FALSE,1,,0,2,2,1,6,0,117,223,210,10.76923077
S02M002,2,05/04/25,SRH,2,4,DC,SRH,V Kohli,BJ McMullen,Harshit Rana,4,0,0,0,0,0,,,4,,,TRUE,FALSE,1,0,0,0,0,0,1,0,0,0,0,0,4,17,0,25.5,0,17,FALSE,1,,1,2,2,1,4,0,116,223,206,10.65517241
S02M002,2,05/04/25,SRH,2,5,DC,SRH,V Kohli,BJ McMullen,Harshit Rana,1,0,0,0,0,0,,,5,,,TRUE,FALSE,1,0,1,0,0,1,0,0,0,0,0,0,1,18,0,21.6,0,18,FALSE,1,,1,2,2,1,1,0,115,223,205,10.69565217
S02M002,2,05/04/25,SRH,2,6,DC,SRH,BJ McMullen,V Kohli,Harshit Rana,0,0,0,0,0,0,,,6,,,TRUE,FALSE,1,1,0,0,0,0,0,0,0,0,0,0,0,18,0,18,0,18,FALSE,1,,1,2,1,2,0,1,114,223,205,10.78947368
S02M002,2,05/04/25,SRH,2,7,DC,SRH,V Kohli,BJ McMullen,A Zampa,1,0,0,0,0,0,,,7,,,TRUE,FALSE,1,0,1,0,0,1,0,0,0,0,0,0,1,19,0,16.28571429,0,19,FALSE,1,,1,2,2,1,1,0,113,223,204,10.83185841
S02M002,2,05/04/25,SRH,2,8,DC,SRH,BJ McMullen,V Kohli,A Zampa,1,0,0,0,0,0,,,8,,,TRUE,FALSE,1,0,1,0,0,1,0,0,0,0,0,0,1,20,0,15,0,20,FALSE,1,,1,2,1,2,1,0,112,223,203,10.875
S02M002,2,05/04/25,SRH,2,9,DC,SRH,V Kohli,BJ McMullen,A Zampa,1,0,0,0,0,0,,,9,,,TRUE,FALSE,1,0,1,0,0,1,0,0,0,0,0,0,1,21,0,14,0,21,FALSE,1,,1,2,2,1,1,0,111,223,202,10.91891892
S02M002,2,05/04/25,SRH,2,10,DC,SRH,BJ McMullen,V Kohli,A Zampa,1,0,0,0,0,0,,,10,,,TRUE,FALSE,1,0,1,0,0,1,0,0,0,0,0,0,1,22,0,13.2,0,22,FALSE,1,,1,2,1,2,1,0,110,223,201,10.96363636
S02M002,2,05/04/25,SRH,2,11,DC,SRH,V Kohli,BJ McMullen,A Zampa,0,0,0,0,0,0,,,11,,,TRUE,FALSE,1,1,0,0,0,0,0,0,0,0,0,0,0,22,0,12,0,22,FALSE,1,,1,2,2,1,0,1,109,223,201,11.06422018
S02M002,2,05/04/25,SRH,2,12,DC,SRH,V Kohli,BJ McMullen,A Zampa,4,0,0,0,0,0,,,12,,,TRUE,FALSE,1,0,0,0,0,0,1,0,0,0,0,0,4,26,0,13,0,26,FALSE,1,,2,2,2,1,4,0,108,223,197,10.94444444
S02M002,2,05/04/25,SRH,2,13,DC,SRH,BJ McMullen,V Kohli,Harshit Rana,6,0,0,0,0,0,,,13,,,TRUE,FALSE,1,0,0,0,0,0,0,1,0,0,0,0,6,32,0,14.76923077,0,32,FALSE,1,,2,3,1,2,6,0,107,223,191,10.71028037
S02M002,2,05/04/25,SRH,2,14,DC,SRH,BJ McMullen,V Kohli,Harshit Rana,6,0,0,0,0,0,,,14,,,TRUE,FALSE,1,0,0,0,0,0,0,1,0,0,0,0,6,38,0,16.28571429,0,38,FALSE,1,,2,4,1,2,6,0,106,223,185,10.47169811
S02M002,2,05/04/25,SRH,2,15,DC,SRH,BJ McMullen,V Kohli,Harshit Rana,0,0,0,0,0,0,,,15,,,TRUE,FALSE,1,1,0,0,0,0,0,0,0,0,0,0,0,38,0,15.2,0,38,FALSE,1,,2,4,1,2,0,1,105,223,185,10.57142857
S02M002,2,05/04/25,SRH,2,16,DC,SRH,BJ McMullen,V Kohli,Harshit Rana,1,0,0,0,0,0,,,16,,,TRUE,FALSE,1,0,1,0,0,1,0,0,0,0,0,0,1,39,0,14.625,0,39,FALSE,1,,2,4,1,2,1,0,104,223,184,10.61538462
S02M002,2,05/04/25,SRH,2,17,DC,SRH,V Kohli,BJ McMullen,Harshit Rana,1,0,0,0,0,0,,,17,,,TRUE,FALSE,1,0,1,0,0,1,0,0,0,0,0,0,1,40,0,14.11764706,0,40,FALSE,1,,2,4,2,1,1,0,103,223,183,10.66019417
S02M002,2,05/04/25,SRH,2,18,DC,SRH,BJ McMullen,V Kohli,Harshit Rana,0,0,0,0,0,0,,,18,,,TRUE,FALSE,1,1,0,0,0,0,0,0,0,0,0,0,0,40,0,13.33333333,0,40,FALSE,1,,2,4,1,2,0,1,102,223,183,10.76470588
S02M002,2,05/04/25,SRH,2,19,DC,SRH,V Kohli,BJ McMullen,Kuldeep Yadav,0,0,0,0,0,0,,,19,,,TRUE,FALSE,1,1,0,0,0,0,0,0,0,0,0,0,0,40,0,12.63157895,0,40,FALSE,1,,2,4,2,1,0,1,101,223,183,10.87128713
S02M002,2,05/04/25,SRH,2,20,DC,SRH,V Kohli,BJ McMullen,Kuldeep Yadav,4,0,0,0,0,0,,,20,,,TRUE,FALSE,1,0,0,0,0,0,1,0,0,0,0,0,4,44,0,13.2,0,44,FALSE,1,,3,4,2,1,4,0,100,223,179,10.74
S02M002,2,05/04/25,SRH,2,21,DC,SRH,V Kohli,BJ McMullen,Kuldeep Yadav,6,0,0,0,0,0,,,21,,,TRUE,FALSE,1,0,0,0,0,0,0,1,0,0,0,0,6,50,0,14.28571429,0,50,FALSE,1,,3,5,2,1,6,0,99,223,173,10.48484848
S02M002,2,05/04/25,SRH,2,22,DC,SRH,V Kohli,BJ McMullen,Kuldeep Yadav,0,0,0,0,0,0,,,22,,,TRUE,FALSE,1,1,0,0,0,0,0,0,0,0,0,0,0,50,0,13.63636364,0,50,FALSE,1,,3,5,2,1,0,1,98,223,173,10.59183673
S02M002,2,05/04/25,SRH,2,23,DC,SRH,V Kohli,BJ McMullen,Kuldeep Yadav,0,0,0,0,0,0,,,23,,,TRUE,FALSE,1,1,0,0,0,0,0,0,0,0,0,0,0,50,0,13.04347826,0,50,FALSE,1,,3,5,2,1,0,1,97,223,173,10.70103093
S02M002,2,05/04/25,SRH,2,24,DC,SRH,V Kohli,BJ McMullen,Kuldeep Yadav,0,0,0,0,0,0,,,24,,,TRUE,FALSE,1,1,0,0,0,0,0,0,0,0,0,0,0,50,0,12.5,0,50,FALSE,1,,3,5,2,1,0,1,96,223,173,10.8125
S02M002,2,05/04/25,SRH,2,25,DC,SRH,BJ McMullen,V Kohli,KH Pandya,0,1,1,0,0,0,,,24,,,FALSE,FALSE,0,1,0,0,0,0,0,0,0,0,0,0,1,51,0,12.75,0,51,FALSE,0,,3,5,1,2,1,0,96,223,172,10.75
S02M002,2,05/04/25,SRH,2,26,DC,SRH,BJ McMullen,V Kohli,KH Pandya,1,0,0,0,0,0,,,25,,,TRUE,FALSE,1,0,1,0,0,1,0,0,0,0,0,0,1,52,0,12.48,0,52,FALSE,1,,3,5,1,2,1,0,95,223,171,10.8
S02M002,2,05/04/25,SRH,2,27,DC,SRH,V Kohli,BJ McMullen,KH Pandya,0,1,0,1,0,0,,,25,,,FALSE,FALSE,0,1,0,0,0,0,0,0,0,0,0,0,1,53,0,12.72,0,53,TRUE,1,,3,5,2,1,1,0,95,223,170,10.73684211
S02M002,2,05/04/25,SRH,2,28,DC,SRH,V Kohli,BJ McMullen,KH Pandya,4,0,0,0,0,0,,,26,,,TRUE,FALSE,1,0,0,0,0,0,1,0,0,0,0,0,4,57,0,13.15384615,0,57,FALSE,1,,4,5,2,1,4,0,94,223,166,10.59574468
S02M002,2,05/04/25,SRH,2,29,DC,SRH,V Kohli,BJ McMullen,KH Pandya,0,0,0,0,0,0,,,27,,,TRUE,FALSE,1,1,0,0,0,0,0,0,0,0,0,0,0,57,0,12.66666667,0,57,FALSE,1,,4,5,2,1,0,1,93,223,166,10.70967742
S02M002,2,05/04/25,SRH,2,30,DC,SRH,V Kohli,BJ McMullen,KH Pandya,0,0,0,0,0,0,,,28,,,TRUE,FALSE,1,1,0,0,0,0,0,0,0,0,0,0,0,57,0,12.21428571,0,57,FALSE,1,,4,5,2,1,0,1,92,223,166,10.82608696
S02M002,2,05/04/25,SRH,2,31,DC,SRH,V Kohli,BJ McMullen,KH Pandya,1,0,0,0,0,0,,,29,,,TRUE,FALSE,1,0,1,0,0,1,0,0,0,0,0,0,1,58,0,12,0,58,FALSE,1,,4,5,2,1,1,0,91,223,165,10.87912088
S02M002,2,05/04/25,SRH,2,32,DC,SRH,BJ McMullen,V Kohli,KH Pandya,1,0,0,0,0,0,,,30,,,TRUE,FALSE,1,0,1,0,0,1,0,0,0,0,0,0,1,59,0,11.8,0,59,FALSE,1,,4,5,1,2,1,0,90,223,164,10.93333333
S02M002,2,05/04/25,SRH,2,33,DC,SRH,BJ McMullen,V Kohli,D Ferreira,0,0,0,0,0,0,,,31,,,TRUE,FALSE,1,1,0,0,0,0,0,0,0,0,0,0,0,59,0,11.41935484,0,59,FALSE,1,,4,5,1,2,0,1,89,223,164,11.05617978
S02M002,2,05/04/25,SRH,2,34,DC,SRH,BJ McMullen,V Kohli,D Ferreira,1,0,0,0,0,0,,,32,,,TRUE,FALSE,1,0,1,0,0,1,0,0,0,0,0,0,1,60,0,11.25,0,60,FALSE,1,,4,5,1,2,1,0,88,223,163,11.11363636
S02M002,2,05/04/25,SRH,2,35,DC,SRH,V Kohli,BJ McMullen,D Ferreira,1,0,0,0,0,0,,,33,,,TRUE,FALSE,1,0,1,0,0,1,0,0,0,0,0,0,1,61,0,11.09090909,0,61,FALSE,1,,4,5,2,1,1,0,87,223,162,11.17241379
S02M002,2,05/04/25,SRH,2,36,DC,SRH,BJ McMullen,V Kohli,D Ferreira,0,0,0,0,0,0,,,34,,,TRUE,FALSE,1,1,0,0,0,0,0,0,0,0,0,0,0,61,0,10.76470588,0,61,FALSE,1,,4,5,1,2,0,1,86,223,162,11.30232558
S02M002,2,05/04/25,SRH,2,37,DC,SRH,BJ McMullen,V Kohli,D Ferreira,4,0,0,0,0,0,,,35,,,TRUE,FALSE,1,0,0,0,0,0,1,0,0,0,0,0,4,65,0,11.14285714,0,65,FALSE,1,,5,5,1,2,4,0,85,223,158,11.15294118
S02M002,2,05/04/25,SRH,2,38,DC,SRH,BJ McMullen,V Kohli,D Ferreira,0,0,0,0,0,0,,,36,,,TRUE,FALSE,1,1,0,0,0,0,0,0,0,0,0,0,0,65,0,10.83333333,0,65,FALSE,1,,5,5,1,2,0,1,84,223,158,11.28571429
S02M002,2,05/04/25,SRH,2,39,DC,SRH,V Kohli,BJ McMullen,LS Livingstone,0,0,0,0,0,0,out,V Kohli,37,Caught,KH Pandya,TRUE,TRUE,1,1,0,0,0,0,0,0,1,1,0,1,0,65,1,10.54054054,65,0,FALSE,1,10.54054054,5,5,2,1,0,1,83,223,158,11.42168675
S02M002,2,05/04/25,SRH,2,40,DC,SRH,SA Yadav,BJ McMullen,LS Livingstone,6,0,0,0,0,0,,,38,,,TRUE,FALSE,1,0,0,0,0,0,0,1,0,0,0,0,6,71,1,11.21052632,65,6,FALSE,1,10.54054054,5,6,3,1,6,0,82,223,152,11.12195122
S02M002,2,05/04/25,SRH,2,41,DC,SRH,SA Yadav,BJ McMullen,LS Livingstone,2,0,0,0,0,0,,,39,,,TRUE,FALSE,1,0,0,1,0,1,0,0,0,0,0,0,2,73,1,11.23076923,65,8,FALSE,1,10.54054054,5,6,3,1,2,0,81,223,150,11.11111111
S02M002,2,05/04/25,SRH,2,42,DC,SRH,SA Yadav,BJ McMullen,LS Livingstone,1,0,0,0,0,0,,,40,,,TRUE,FALSE,1,0,1,0,0,1,0,0,0,0,0,0,1,74,1,11.1,65,9,FALSE,1,10.54054054,5,6,3,1,1,0,80,223,149,11.175
S02M002,2,05/04/25,SRH,2,43,DC,SRH,BJ McMullen,SA Yadav,LS Livingstone,1,0,0,0,0,0,,,41,,,TRUE,FALSE,1,0,1,0,0,1,0,0,0,0,0,0,1,75,1,10.97560976,65,10,FALSE,1,10.54054054,5,6,1,3,1,0,79,223,148,11.24050633
S02M002,2,05/04/25,SRH,2,44,DC,SRH,SA Yadav,BJ McMullen,LS Livingstone,2,0,0,0,0,0,,,42,,,TRUE,FALSE,1,0,0,1,0,1,0,0,0,0,0,0,2,77,1,11,65,12,FALSE,1,10.54054054,5,6,3,1,2,0,78,223,146,11.23076923
S02M002,2,05/04/25,SRH,2,45,DC,SRH,BJ McMullen,SA Yadav,KH Pandya,1,0,0,0,0,0,,,43,,,TRUE,FALSE,1,0,1,0,0,1,0,0,0,0,0,0,1,78,1,10.88372093,65,13,FALSE,1,10.54054054,5,6,1,3,1,0,77,223,145,11.2987013
S02M002,2,05/04/25,SRH,2,46,DC,SRH,SA Yadav,BJ McMullen,KH Pandya,4,0,0,0,0,0,,,44,,,TRUE,FALSE,1,0,0,0,0,0,1,0,0,0,0,0,4,82,1,11.18181818,65,17,FALSE,1,10.54054054,6,6,3,1,4,0,76,223,141,11.13157895
S02M002,2,05/04/25,SRH,2,47,DC,SRH,SA Yadav,BJ McMullen,KH Pandya,4,0,0,0,0,0,,,45,,,TRUE,FALSE,1,0,0,0,0,0,1,0,0,0,0,0,4,86,1,11.46666667,65,21,FALSE,1,10.54054054,7,6,3,1,4,0,75,223,137,10.96
S02M002,2,05/04/25,SRH,2,48,DC,SRH,SA Yadav,BJ McMullen,KH Pandya,1,0,0,0,0,0,,,46,,,TRUE,FALSE,1,0,1,0,0,1,0,0,0,0,0,0,1,87,1,11.34782609,65,22,FALSE,1,10.54054054,7,6,3,1,1,0,74,223,136,11.02702703
S02M002,2,05/04/25,SRH,2,49,DC,SRH,BJ McMullen,SA Yadav,KH Pandya,0,0,0,0,0,0,,,47,,,TRUE,FALSE,1,1,0,0,0,0,0,0,0,0,0,0,0,87,1,11.10638298,65,22,FALSE,1,10.54054054,7,6,1,3,0,1,73,223,136,11.17808219
S02M002,2,05/04/25,SRH,2,50,DC,SRH,BJ McMullen,SA Yadav,KH Pandya,4,0,0,0,0,0,,,48,,,TRUE,FALSE,1,0,0,0,0,0,1,0,0,0,0,0,4,91,1,11.375,65,26,FALSE,1,10.54054054,8,6,1,3,4,0,72,223,132,11
S02M002,2,05/04/25,SRH,2,51,DC,SRH,SA Yadav,BJ McMullen,Kuldeep Yadav,1,0,0,0,0,0,,,49,,,TRUE,FALSE,1,0,1,0,0,1,0,0,0,0,0,0,1,92,1,11.26530612,65,27,FALSE,1,10.54054054,8,6,3,1,1,0,71,223,131,11.07042254
S02M002,2,05/04/25,SRH,2,52,DC,SRH,BJ McMullen,SA Yadav,Kuldeep Yadav,0,0,0,0,0,0,,,50,,,TRUE,FALSE,1,1,0,0,0,0,0,0,0,0,0,0,0,92,1,11.04,65,27,FALSE,1,10.54054054,8,6,1,3,0,1,70,223,131,11.22857143
S02M002,2,05/04/25,SRH,2,53,DC,SRH,BJ McMullen,SA Yadav,Kuldeep Yadav,0,1,0,1,0,0,,,50,,,FALSE,FALSE,0,1,0,0,0,0,0,0,0,0,0,0,1,93,1,11.16,65,28,TRUE,1,10.54054054,8,6,1,3,1,0,70,223,130,11.14285714
S02M002,2,05/04/25,SRH,2,54,DC,SRH,BJ McMullen,SA Yadav,Kuldeep Yadav,1,0,0,0,0,0,,,51,,,TRUE,FALSE,1,0,1,0,0,1,0,0,0,0,0,0,1,94,1,11.05882353,65,29,FALSE,1,10.54054054,8,6,1,3,1,0,69,223,129,11.2173913
S02M002,2,05/04/25,SRH,2,55,DC,SRH,SA Yadav,BJ McMullen,Kuldeep Yadav,6,0,0,0,0,0,,,52,,,TRUE,FALSE,1,0,0,0,0,0,0,1,0,0,0,0,6,100,1,11.53846154,65,35,FALSE,1,10.54054054,8,7,3,1,6,0,68,223,123,10.85294118
S02M002,2,05/04/25,SRH,2,56,DC,SRH,SA Yadav,BJ McMullen,Kuldeep Yadav,6,0,0,0,0,0,,,53,,,TRUE,FALSE,1,0,0,0,0,0,0,1,0,0,0,0,6,106,1,12,65,41,FALSE,1,10.54054054,8,8,3,1,6,0,67,223,117,10.47761194
S02M002,2,05/04/25,SRH,2,57,DC,SRH,SA Yadav,BJ McMullen,Kuldeep Yadav,1,0,0,0,0,0,,,54,,,TRUE,FALSE,1,0,1,0,0,1,0,0,0,0,0,0,1,107,1,11.88888889,65,42,FALSE,1,10.54054054,8,8,3,1,1,0,66,223,116,10.54545455
S02M002,2,05/04/25,SRH,2,58,DC,SRH,SA Yadav,BJ McMullen,KH Pandya,1,0,0,0,0,0,,,55,,,TRUE,FALSE,1,0,1,0,0,1,0,0,0,0,0,0,1,108,1,11.78181818,65,43,FALSE,1,10.54054054,8,8,3,1,1,0,65,223,115,10.61538462
S02M002,2,05/04/25,SRH,2,59,DC,SRH,BJ McMullen,SA Yadav,KH Pandya,0,0,0,0,0,0,,,56,,,TRUE,FALSE,1,1,0,0,0,0,0,0,0,0,0,0,0,108,1,11.57142857,65,43,FALSE,1,10.54054054,8,8,1,3,0,1,64,223,115,10.78125
S02M002,2,05/04/25,SRH,2,60,DC,SRH,BJ McMullen,SA Yadav,KH Pandya,1,0,0,0,0,0,,,57,,,TRUE,FALSE,1,0,1,0,0,1,0,0,0,0,0,0,1,109,1,11.47368421,65,44,FALSE,1,10.54054054,8,8,1,3,1,0,63,223,114,10.85714286
S02M002,2,05/04/25,SRH,2,61,DC,SRH,SA Yadav,BJ McMullen,KH Pandya,1,0,0,0,0,0,,,58,,,TRUE,FALSE,1,0,1,0,0,1,0,0,0,0,0,0,1,110,1,11.37931034,65,45,FALSE,1,10.54054054,8,8,3,1,1,0,62,223,113,10.93548387
S02M002,2,05/04/25,SRH,2,62,DC,SRH,BJ McMullen,SA Yadav,KH Pandya,1,0,0,0,0,0,,,59,,,TRUE,FALSE,1,0,1,0,0,1,0,0,0,0,0,0,1,111,1,11.28813559,65,46,FALSE,1,10.54054054,8,8,1,3,1,0,61,223,112,11.01639344
S02M002,2,05/04/25,SRH,2,63,DC,SRH,SA Yadav,BJ McMullen,KH Pandya,1,0,0,0,0,0,,,60,,,TRUE,FALSE,1,0,1,0,0,1,0,0,0,0,0,0,1,112,1,11.2,65,47,FALSE,1,10.54054054,8,8,3,1,1,0,60,223,111,11.1
S02M002,2,05/04/25,SRH,2,64,DC,SRH,SA Yadav,BJ McMullen,Kuldeep Yadav,1,0,0,0,0,0,,,61,,,TRUE,FALSE,1,0,1,0,0,1,0,0,0,0,0,0,1,113,1,11.1147541,65,48,FALSE,1,10.54054054,8,8,3,1,1,0,59,223,110,11.18644068
S02M002,2,05/04/25,SRH,2,65,DC,SRH,BJ McMullen,SA Yadav,Kuldeep Yadav,0,1,0,0,0,1,,,62,,,TRUE,FALSE,1,1,0,0,0,0,0,0,0,0,0,0,1,114,1,11.03225806,65,49,FALSE,1,10.54054054,8,8,1,3,0,1,58,223,109,11.27586207
S02M002,2,05/04/25,SRH,2,66,DC,SRH,SA Yadav,BJ McMullen,Kuldeep Yadav,0,0,0,0,0,0,,,63,,,TRUE,FALSE,1,1,0,0,0,0,0,0,0,0,0,0,0,114,1,10.85714286,65,49,FALSE,1,10.54054054,8,8,3,1,0,1,57,223,109,11.47368421
S02M002,2,05/04/25,SRH,2,67,DC,SRH,SA Yadav,BJ McMullen,Kuldeep Yadav,1,0,0,0,0,0,,,64,,,TRUE,FALSE,1,0,1,0,0,1,0,0,0,0,0,0,1,115,1,10.78125,65,50,FALSE,1,10.54054054,8,8,3,1,1,0,56,223,108,11.57142857
S02M002,2,05/04/25,SRH,2,68,DC,SRH,BJ McMullen,SA Yadav,Kuldeep Yadav,1,0,0,0,0,0,,,65,,,TRUE,FALSE,1,0,1,0,0,1,0,0,0,0,0,0,1,116,1,10.70769231,65,51,FALSE,1,10.54054054,8,8,1,3,1,0,55,223,107,11.67272727
S02M002,2,05/04/25,SRH,2,69,DC,SRH,SA Yadav,BJ McMullen,Kuldeep Yadav,1,0,0,0,0,0,,,66,,,TRUE,FALSE,1,0,1,0,0,1,0,0,0,0,0,0,1,117,1,10.63636364,65,52,FALSE,1,10.54054054,8,8,3,1,1,0,54,223,106,11.77777778
S02M002,2,05/04/25,SRH,2,70,DC,SRH,SA Yadav,BJ McMullen,LS Livingstone,1,0,0,0,0,0,,,67,,,TRUE,FALSE,1,0,1,0,0,1,0,0,0,0,0,0,1,118,1,10.56716418,65,53,FALSE,1,10.54054054,8,8,3,1,1,0,53,223,105,11.88679245
S02M002,2,05/04/25,SRH,2,71,DC,SRH,BJ McMullen,SA Yadav,LS Livingstone,1,0,0,0,0,0,,,68,,,TRUE,FALSE,1,0,1,0,0,1,0,0,0,0,0,0,1,119,1,10.5,65,54,FALSE,1,10.54054054,8,8,1,3,1,0,52,223,104,12
S02M002,2,05/04/25,SRH,2,72,DC,SRH,SA Yadav,BJ McMullen,LS Livingstone,1,0,0,0,0,0,,,69,,,TRUE,FALSE,1,0,1,0,0,1,0,0,0,0,0,0,1,120,1,10.43478261,65,55,FALSE,1,10.54054054,8,8,3,1,1,0,51,223,103,12.11764706
S02M002,2,05/04/25,SRH,2,73,DC,SRH,BJ McMullen,SA Yadav,LS Livingstone,1,0,0,0,0,0,,,70,,,TRUE,FALSE,1,0,1,0,0,1,0,0,0,0,0,0,1,121,1,10.37142857,65,56,FALSE,1,10.54054054,8,8,1,3,1,0,50,223,102,12.24
S02M002,2,05/04/25,SRH,2,74,DC,SRH,SA Yadav,BJ McMullen,LS Livingstone,6,0,0,0,0,0,,,71,,,TRUE,FALSE,1,0,0,0,0,0,0,1,0,0,0,0,6,127,1,10.73239437,65,62,FALSE,1,10.54054054,8,9,3,1,6,0,49,223,96,11.75510204
S02M002,2,05/04/25,SRH,2,75,DC,SRH,SA Yadav,BJ McMullen,LS Livingstone,1,0,0,0,0,0,,,72,,,TRUE,FALSE,1,0,1,0,0,1,0,0,0,0,0,0,1,128,1,10.66666667,65,63,FALSE,1,10.54054054,8,9,3,1,1,0,48,223,95,11.875
S02M002,2,05/04/25,SRH,2,76,DC,SRH,SA Yadav,BJ McMullen,KH Pandya,1,0,0,0,0,0,,,73,,,TRUE,FALSE,1,0,1,0,0,1,0,0,0,0,0,0,1,129,1,10.60273973,65,64,FALSE,1,10.54054054,8,9,3,1,1,0,47,223,94,12
S02M002,2,05/04/25,SRH,2,77,DC,SRH,BJ McMullen,SA Yadav,KH Pandya,1,0,0,0,0,0,,,74,,,TRUE,FALSE,1,0,1,0,0,1,0,0,0,0,0,0,1,130,1,10.54054054,65,65,FALSE,1,10.54054054,8,9,1,3,1,0,46,223,93,12.13043478
S02M002,2,05/04/25,SRH,2,78,DC,SRH,SA Yadav,BJ McMullen,KH Pandya,0,0,0,0,0,0,out,SA Yadav,75,Bowled,,TRUE,TRUE,1,1,0,0,0,0,0,0,1,1,0,1,0,130,2,10.4,130,0,FALSE,1,10.4,8,9,3,1,0,1,45,223,93,12.4
S02M002,2,05/04/25,SRH,2,79,DC,SRH,Urvil Patel,BJ McMullen,KH Pandya,1,0,0,0,0,0,,,76,,,TRUE,FALSE,1,0,1,0,0,1,0,0,0,0,0,0,1,131,2,10.34210526,130,1,FALSE,1,10.4,8,9,4,1,1,0,44,223,92,12.54545455
S02M002,2,05/04/25,SRH,2,80,DC,SRH,BJ McMullen,Urvil Patel,KH Pandya,1,0,0,0,0,0,,,77,,,TRUE,FALSE,1,0,1,0,0,1,0,0,0,0,0,0,1,132,2,10.28571429,130,2,FALSE,1,10.4,8,9,1,4,1,0,43,223,91,12.69767442
S02M002,2,05/04/25,SRH,2,81,DC,SRH,Urvil Patel,BJ McMullen,KH Pandya,1,0,0,0,0,0,,,78,,,TRUE,FALSE,1,0,1,0,0,1,0,0,0,0,0,0,1,133,2,10.23076923,130,3,FALSE,1,10.4,8,9,4,1,1,0,42,223,90,12.85714286
S02M002,2,05/04/25,SRH,2,82,DC,SRH,Urvil Patel,BJ McMullen,Kuldeep Yadav,1,0,0,0,0,0,,,79,,,TRUE,FALSE,1,0,1,0,0,1,0,0,0,0,0,0,1,134,2,10.17721519,130,4,FALSE,1,10.4,8,9,4,1,1,0,41,223,89,13.02439024
S02M002,2,05/04/25,SRH,2,83,DC,SRH,BJ McMullen,Urvil Patel,Kuldeep Yadav,1,0,0,0,0,0,,,80,,,TRUE,FALSE,1,0,1,0,0,1,0,0,0,0,0,0,1,135,2,10.125,130,5,FALSE,1,10.4,8,9,1,4,1,0,40,223,88,13.2
S02M002,2,05/04/25,SRH,2,84,DC,SRH,Urvil Patel,BJ McMullen,Kuldeep Yadav,1,0,0,0,0,0,,,81,,,TRUE,FALSE,1,0,1,0,0,1,0,0,0,0,0,0,1,136,2,10.07407407,130,6,FALSE,1,10.4,8,9,4,1,1,0,39,223,87,13.38461538
S02M002,2,05/04/25,SRH,2,85,DC,SRH,BJ McMullen,Urvil Patel,Kuldeep Yadav,2,0,0,0,0,0,,,82,,,TRUE,FALSE,1,0,0,1,0,1,0,0,0,0,0,0,2,138,2,10.09756098,130,8,FALSE,1,10.4,8,9,1,4,2,0,38,223,85,13.42105263
S02M002,2,05/04/25,SRH,2,86,DC,SRH,BJ McMullen,Urvil Patel,Kuldeep Yadav,0,0,0,0,0,0,,,83,,,TRUE,FALSE,1,1,0,0,0,0,0,0,0,0,0,0,0,138,2,9.975903614,130,8,FALSE,1,10.4,8,9,1,4,0,1,37,223,85,13.78378378
S02M002,2,05/04/25,SRH,2,87,DC,SRH,BJ McMullen,Urvil Patel,Kuldeep Yadav,1,0,0,0,0,0,,,84,,,TRUE,FALSE,1,0,1,0,0,1,0,0,0,0,0,0,1,139,2,9.928571429,130,9,FALSE,1,10.4,8,9,1,4,1,0,36,223,84,14
S02M002,2,05/04/25,SRH,2,88,DC,SRH,BJ McMullen,Urvil Patel,A Zampa,1,0,0,0,0,0,,,85,,,TRUE,FALSE,1,0,1,0,0,1,0,0,0,0,0,0,1,140,2,9.882352941,130,10,FALSE,1,10.4,8,9,1,4,1,0,35,223,83,14.22857143
S02M002,2,05/04/25,SRH,2,89,DC,SRH,Urvil Patel,BJ McMullen,A Zampa,0,0,0,0,0,0,,,86,,,TRUE,FALSE,1,1,0,0,0,0,0,0,0,0,0,0,0,140,2,9.76744186,130,10,FALSE,1,10.4,8,9,4,1,0,1,34,223,83,14.64705882
S02M002,2,05/04/25,SRH,2,90,DC,SRH,Urvil Patel,BJ McMullen,A Zampa,0,0,0,0,0,0,,,87,,,TRUE,FALSE,1,1,0,0,0,0,0,0,0,0,0,0,0,140,2,9.655172414,130,10,FALSE,1,10.4,8,9,4,1,0,1,33,223,83,15.09090909
S02M002,2,05/04/25,SRH,2,91,DC,SRH,Urvil Patel,BJ McMullen,A Zampa,1,0,0,0,0,0,,,88,,,TRUE,FALSE,1,0,1,0,0,1,0,0,0,0,0,0,1,141,2,9.613636364,130,11,FALSE,1,10.4,8,9,4,1,1,0,32,223,82,15.375
S02M002,2,05/04/25,SRH,2,92,DC,SRH,BJ McMullen,Urvil Patel,A Zampa,2,0,0,0,0,0,,,89,,,TRUE,FALSE,1,0,0,1,0,1,0,0,0,0,0,0,2,143,2,9.640449438,130,13,FALSE,1,10.4,8,9,1,4,2,0,31,223,80,15.48387097
S02M002,2,05/04/25,SRH,2,93,DC,SRH,BJ McMullen,Urvil Patel,A Zampa,0,0,0,0,0,0,out,BJ McMullen,90,Caught,KL Rahul,TRUE,TRUE,1,1,0,0,0,0,0,0,1,1,0,1,0,143,3,9.533333333,143,0,FALSE,1,9.533333333,8,9,1,4,0,1,30,223,80,16
S02M002,2,05/04/25,SRH,2,94,DC,SRH,Urvil Patel,Sikandar Raza,LS Livingstone,2,0,0,0,0,0,,,91,,,TRUE,FALSE,1,0,0,1,0,1,0,0,0,0,0,0,2,145,3,9.56043956,143,2,FALSE,1,9.533333333,8,9,4,5,2,0,29,223,78,16.13793103
S02M002,2,05/04/25,SRH,2,95,DC,SRH,Urvil Patel,Sikandar Raza,LS Livingstone,1,0,0,0,0,0,,,92,,,TRUE,FALSE,1,0,1,0,0,1,0,0,0,0,0,0,1,146,3,9.52173913,143,3,FALSE,1,9.533333333,8,9,4,5,1,0,28,223,77,16.5
S02M002,2,05/04/25,SRH,2,96,DC,SRH,Sikandar Raza,Urvil Patel,LS Livingstone,0,0,0,0,0,0,,,93,,,TRUE,FALSE,1,1,0,0,0,0,0,0,0,0,0,0,0,146,3,9.419354839,143,3,FALSE,1,9.533333333,8,9,5,4,0,1,27,223,77,17.11111111
S02M002,2,05/04/25,SRH,2,97,DC,SRH,Sikandar Raza,Urvil Patel,LS Livingstone,6,0,0,0,0,0,,,94,,,TRUE,FALSE,1,0,0,0,0,0,0,1,0,0,0,0,6,152,3,9.70212766,143,9,FALSE,1,9.533333333,8,10,5,4,6,0,26,223,71,16.38461538
S02M002,2,05/04/25,SRH,2,98,DC,SRH,Sikandar Raza,Urvil Patel,LS Livingstone,2,0,0,0,0,0,,,95,,,TRUE,FALSE,1,0,0,1,0,1,0,0,0,0,0,0,2,154,3,9.726315789,143,11,FALSE,1,9.533333333,8,10,5,4,2,0,25,223,69,16.56
S02M002,2,05/04/25,SRH,2,99,DC,SRH,Sikandar Raza,Urvil Patel,LS Livingstone,1,0,0,0,0,0,,,96,,,TRUE,FALSE,1,0,1,0,0,1,0,0,0,0,0,0,1,155,3,9.6875,143,12,FALSE,1,9.533333333,8,10,5,4,1,0,24,223,68,17
S02M002,2,05/04/25,SRH,2,100,DC,SRH,Sikandar Raza,Urvil Patel,Harshit Rana,1,0,0,0,0,0,,,97,,,TRUE,FALSE,1,0,1,0,0,1,0,0,0,0,0,0,1,156,3,9.649484536,143,13,FALSE,1,9.533333333,8,10,5,4,1,0,23,223,67,17.47826087
S02M002,2,05/04/25,SRH,2,101,DC,SRH,Urvil Patel,Sikandar Raza,Harshit Rana,1,0,0,0,0,0,,,98,,,TRUE,FALSE,1,0,1,0,0,1,0,0,0,0,0,0,1,157,3,9.612244898,143,14,FALSE,1,9.533333333,8,10,4,5,1,0,22,223,66,18
S02M002,2,05/04/25,SRH,2,102,DC,SRH,Sikandar Raza,Urvil Patel,Harshit Rana,4,0,0,0,0,0,,,99,,,TRUE,FALSE,1,0,0,0,0,0,1,0,0,0,0,0,4,161,3,9.757575758,143,18,FALSE,1,9.533333333,9,10,5,4,4,0,21,223,62,17.71428571
S02M002,2,05/04/25,SRH,2,103,DC,SRH,Sikandar Raza,Urvil Patel,Harshit Rana,1,0,0,0,0,0,,,100,,,TRUE,FALSE,1,0,1,0,0,1,0,0,0,0,0,0,1,162,3,9.72,143,19,FALSE,1,9.533333333,9,10,5,4,1,0,20,223,61,18.3
S02M002,2,05/04/25,SRH,2,104,DC,SRH,Urvil Patel,Sikandar Raza,Harshit Rana,2,0,0,0,0,0,,,101,,,TRUE,FALSE,1,0,0,1,0,1,0,0,0,0,0,0,2,164,3,9.742574257,143,21,FALSE,1,9.533333333,9,10,4,5,2,0,19,223,59,18.63157895
S02M002,2,05/04/25,SRH,2,105,DC,SRH,Urvil Patel,Sikandar Raza,Harshit Rana,1,0,0,0,0,0,,,102,,,TRUE,FALSE,1,0,1,0,0,1,0,0,0,0,0,0,1,165,3,9.705882353,143,22,FALSE,1,9.533333333,9,10,4,5,1,0,18,223,58,19.33333333
S02M002,2,05/04/25,SRH,2,106,DC,SRH,Urvil Patel,Sikandar Raza,D Ferreira,1,0,0,0,0,0,,,103,,,TRUE,FALSE,1,0,1,0,0,1,0,0,0,0,0,0,1,166,3,9.669902913,143,23,FALSE,1,9.533333333,9,10,4,5,1,0,17,223,57,20.11764706
S02M002,2,05/04/25,SRH,2,107,DC,SRH,Sikandar Raza,Urvil Patel,D Ferreira,1,0,0,0,0,0,,,104,,,TRUE,FALSE,1,0,1,0,0,1,0,0,0,0,0,0,1,167,3,9.634615385,143,24,FALSE,1,9.533333333,9,10,5,4,1,0,16,223,56,21
S02M002,2,05/04/25,SRH,2,108,DC,SRH,Urvil Patel,Sikandar Raza,D Ferreira,3,0,0,0,0,0,,,105,,,TRUE,FALSE,1,0,0,0,1,1,0,0,0,0,0,0,3,170,3,9.714285714,143,27,FALSE,1,9.533333333,9,10,4,5,3,0,15,223,53,21.2
S02M002,2,05/04/25,SRH,2,109,DC,SRH,Sikandar Raza,Urvil Patel,D Ferreira,1,0,0,0,0,0,,,106,,,TRUE,FALSE,1,0,1,0,0,1,0,0,0,0,0,0,1,171,3,9.679245283,143,28,FALSE,1,9.533333333,9,10,5,4,1,0,14,223,52,22.28571429
S02M002,2,05/04/25,SRH,2,110,DC,SRH,Urvil Patel,Sikandar Raza,D Ferreira,6,0,0,0,0,0,,,107,,,TRUE,FALSE,1,0,0,0,0,0,0,1,0,0,0,0,6,177,3,9.925233645,143,34,FALSE,1,9.533333333,9,11,4,5,6,0,13,223,46,21.23076923
S02M002,2,05/04/25,SRH,2,111,DC,SRH,Urvil Patel,Sikandar Raza,D Ferreira,1,0,0,0,0,0,,,108,,,TRUE,FALSE,1,0,1,0,0,1,0,0,0,0,0,0,1,178,3,9.888888889,143,35,FALSE,1,9.533333333,9,11,4,5,1,0,12,223,45,22.5
S02M002,2,05/04/25,SRH,2,112,DC,SRH,Urvil Patel,Sikandar Raza,LS Livingstone,2,0,0,0,0,0,,,109,,,TRUE,FALSE,1,0,0,1,0,1,0,0,0,0,0,0,2,180,3,9.908256881,143,37,FALSE,1,9.533333333,9,11,4,5,2,0,11,223,43,23.45454545
S02M002,2,05/04/25,SRH,2,113,DC,SRH,Urvil Patel,Sikandar Raza,LS Livingstone,0,0,0,0,0,0,,,110,,,TRUE,FALSE,1,1,0,0,0,0,0,0,0,0,0,0,0,180,3,9.818181818,143,37,FALSE,1,9.533333333,9,11,4,5,0,1,10,223,43,25.8
S02M002,2,05/04/25,SRH,2,114,DC,SRH,Urvil Patel,Sikandar Raza,LS Livingstone,1,0,0,0,0,0,,,111,,,TRUE,FALSE,1,0,1,0,0,1,0,0,0,0,0,0,1,181,3,9.783783784,143,38,FALSE,1,9.533333333,9,11,4,5,1,0,9,223,42,28
S02M002,2,05/04/25,SRH,2,115,DC,SRH,Sikandar Raza,Urvil Patel,LS Livingstone,1,0,0,0,0,0,,,112,,,TRUE,FALSE,1,0,1,0,0,1,0,0,0,0,0,0,1,182,3,9.75,143,39,FALSE,1,9.533333333,9,11,5,4,1,0,8,223,41,30.75
S02M002,2,05/04/25,SRH,2,116,DC,SRH,Urvil Patel,Sikandar Raza,LS Livingstone,3,0,0,0,0,0,,,113,,,TRUE,FALSE,1,0,0,0,1,1,0,0,0,0,0,0,3,185,3,9.82300885,143,42,FALSE,1,9.533333333,9,11,4,5,3,0,7,223,38,32.57142857
S02M002,2,05/04/25,SRH,2,117,DC,SRH,Sikandar Raza,Urvil Patel,LS Livingstone,4,0,0,0,0,0,,,114,,,TRUE,FALSE,1,0,0,0,0,0,1,0,0,0,0,0,4,189,3,9.947368421,143,46,FALSE,1,9.533333333,10,11,5,4,4,0,6,223,34,34
S02M002,2,05/04/25,SRH,2,118,DC,SRH,Urvil Patel,Sikandar Raza,A Zampa,1,0,0,0,0,0,,,115,,,TRUE,FALSE,1,0,1,0,0,1,0,0,0,0,0,0,1,190,3,9.913043478,143,47,FALSE,1,9.533333333,10,11,4,5,1,0,5,223,33,39.6
S02M002,2,05/04/25,SRH,2,119,DC,SRH,Sikandar Raza,Urvil Patel,A Zampa,4,0,0,0,0,0,,,116,,,TRUE,FALSE,1,0,0,0,0,0,1,0,0,0,0,0,4,194,3,10.03448276,143,51,FALSE,1,9.533333333,11,11,5,4,4,0,4,223,29,43.5
S02M002,2,05/04/25,SRH,2,120,DC,SRH,Sikandar Raza,Urvil Patel,A Zampa,0,1,1,0,0,0,,,116,,,FALSE,FALSE,0,1,0,0,0,0,0,0,0,0,0,0,1,195,3,10.0862069,143,52,FALSE,0,9.533333333,11,11,5,4,1,0,4,223,28,42
S02M002,2,05/04/25,SRH,2,121,DC,SRH,Sikandar Raza,Urvil Patel,A Zampa,1,0,0,0,0,0,,,117,,,TRUE,FALSE,1,0,1,0,0,1,0,0,0,0,0,0,1,196,3,10.05128205,143,53,FALSE,1,9.533333333,11,11,5,4,1,0,3,223,27,54
S02M002,2,05/04/25,SRH,2,122,DC,SRH,Urvil Patel,Sikandar Raza,A Zampa,0,0,0,0,0,0,,,118,,,TRUE,FALSE,1,1,0,0,0,0,0,0,0,0,0,0,0,196,3,9.966101695,143,53,FALSE,1,9.533333333,11,11,4,5,0,1,2,223,27,81
S02M002,2,05/04/25,SRH,2,123,DC,SRH,Urvil Patel,Sikandar Raza,A Zampa,1,0,0,0,0,0,,,119,,,TRUE,FALSE,1,0,1,0,0,1,0,0,0,0,0,0,1,197,3,9.932773109,143,54,FALSE,1,9.533333333,11,11,4,5,1,0,1,223,26,156
S02M002,2,05/04/25,SRH,2,124,DC,SRH,Sikandar Raza,Urvil Patel,A Zampa,1,0,0,0,0,0,,,120,,,TRUE,FALSE,1,0,1,0,0,1,0,0,0,0,0,0,1,198,3,9.9,143,55,FALSE,1,9.533333333,11,11,5,4,1,0,0,223,25,31