bowler,bowl_style,bowl_style_parent
CA Rose,Slow Left arm Orthodox,Spin
TS Mills,Left arm Fast,Pace
JC Archer,Right arm Fast,Pace
CJ Boyce,Legbreak,Spin
DJM Short,Left arm Wrist spin,Spin
DT Christian,Right arm Fast medium,Pace
WER Somerville,Right arm Offbreak,Spin
BJ Dwarshuis,Left arm Fast medium,Pace
SA Abbott,Right arm Fast medium,Pace
DR Sams,Left arm Fast medium,Pace
SS Cottrell,Left arm Fast medium,Pace
S Badree,Legbreak,Spin
CR Brathwaite,Right arm Fast medium,Pace
KOK Williams,Right arm Fast medium,Pace
AR Nurse,Right arm Offbreak,Spin
AM Ellis,Right arm Fast medium,Pace
MJ Swepson,Legbreak,Spin
Yasir Shah,Legbreak Googly,Spin
BCJ Cutting,Right arm Medium,Pace
B Doggett,Right arm Fast medium,Pace
MT Steketee,Right arm Fast medium,Pace
CJ Gannon,Right arm Fast medium,Pace
S Milenko,Right arm Medium,Pace
JD Wildermuth,Right arm Medium fast,Pace
GB Hogg,Left arm Wrist spin,Spin
Mohammad Nabi,Right arm Offbreak,Spin
DJ Bravo,Right arm Medium,Pace
KW Richardson,Right arm Fast medium,Pace
GS Sandhu,Right arm Fast medium,Pace
CJ Green,Right arm Offbreak,Spin
MJ McClenaghan,Left arm Fast medium,Pace
Fawad Ahmed,Legbreak Googly,Spin
AJ Nair,Right arm Offbreak,Spin
B Stanlake,Right arm Fast,Pace
MG Neser,Right arm Medium fast,Pace
PM Siddle,Right arm Fast,Pace
Rashid Khan,Legbreak Googly,Spin
AP Devcich,Slow Left arm Orthodox,Spin
BJ Arnel,Right arm Medium fast,Pace
BG Randell,Right arm Medium,Pace
DJ Mitchell,Right arm Medium,Pace
IS Sodhi,Legbreak,Spin
CJ Jordan,Right arm Fast,Pace
KA Jamieson,Right arm Fast medium,Pace
S Dube,Right arm Medium,Pace
DS Kulkarni,Right arm Medium,Pace
TU Deshpande,Right arm Medium,Pace
SN Thakur,Right arm Medium,Pace
Parikshit Valsangkar,Legbreak Googly,Spin
SD Lad,Right arm Offbreak,Spin
LI Meriwala,Left arm Fast medium,Pace
RT Arothe,Right arm Offbreak,Spin
Swapnil Singh,Slow Left arm Orthodox,Spin
KH Pandya,Slow Left arm Orthodox,Spin
Soaeb Tai,Right arm Offbreak,Spin
A Sheth,Right arm Medium,Pace
DJ Muthuswami,Right arm Medium,Pace
SS Mundhe,Right arm Medium,Pace
Naushad Shaikh,Right arm Offbreak,Spin
Divyang Hinganekar,Left arm Medium,Pace
JP Zope,Slow Left arm Orthodox,Spin
Ishwar Chaudhary,Right arm Fast medium,Pace
AR Patel,Left arm orthodox,Spin
Chintan Gaja,Right arm Medium,Pace
PP Chawla,Legbreak,Spin
Avesh Khan,Right arm Fast,Pace
Puneet Datey,Right arm Medium,Pace
VR Iyer,Right arm Medium,Pace
Ankit Sharma,Slow Left arm Orthodox,Spin
IC Pandey,Right arm Medium,Pace
A Choudhary,Left arm Medium,Pace
DL Chahar,Right arm Fast,Pace
KK Ahmed,Left arm Fast medium,Pace
CP Singh,NA,
MK Lomror,Slow Left arm Orthodox,Spin
Tajinder Singh,Right arm Offbreak,Spin
Bipul Sharma,Slow Left arm Orthodox,Spin
Pankaj Jaswal,Right arm Medium,Pace
AN Chauhan,Legbreak,Spin
Ankit Kaushik,Legbreak Googly,Spin
Kanwar Abhinay,Right arm Fast medium,Pace
Mayank Dagar,Slow Left arm Orthodox,Spin
Lakshay Garg,Slow Left arm Orthodox,Spin
Felix Alemao,Right arm Medium,Pace
Vijesh Prabhudessai,Right arm Medium,Pace
SB Jakati,Right arm Medium,Pace
Darshan Misal,Slow Left arm Orthodox,Spin
Srinivas Fadte,Right arm Medium,Pace
SM Fallah,Left arm Medium,Pace
JD Unadkat,Left arm Medium,Pace
S Sanandia,Right arm Medium,Pace
K D Patel,Right arm Medium,Pace
Dharmendrasinh Jadeja,Slow Left arm Orthodox,Spin
Yuvraj Chudasama,Legbreak,Spin
Pankaj Rao,Right arm Medium,Pace
Vishal Kushwah,Right arm Medium,Pace
Sumit Ruikar,Slow Left arm Orthodox,Spin
Ajay Mandal,Slow Left arm Orthodox,Spin
Shakeeb Ahmed,Right arm Medium,Pace
Abhimanyu Chauhan,Right arm Medium fast,Pace
Shivendra Singh,Right arm Offbreak,Spin
Akshay Wakhare,Right arm Offbreak,Spin
KV Sharma,Legbreak Googly,Spin
Akshay Karnewar,"Right arm Offbreak, Slow Left arm Orthodox",Spin
Mehdi Hassan,Slow Left arm Orthodox,Spin
Mohammed Siraj,Right arm Fast,Pace
Akash Bhandari,Legbreak,Spin
Ravi Kiran,Right arm Medium,Pace
Washington Sundar,Right arm Offbreak,Spin
R Sai Kishore,Slow Left arm Orthodox,Spin
Krishnamoorthy Vignesh,Right arm Medium,Pace
R Sanjay Yadav,Right arm Medium,Pace
Bandaru Ayyappa,Right arm Medium,Pace
K V Sasikanth,Right arm Medium,Pace
BA Bhatt,Slow Left arm Orthodox,Spin
Shoaib Mohammed Khan,Right arm Offbreak,Spin
GH Vihari,Right arm Offbreak,Spin
Girinath Reddy,Right arm Medium,Pace
Jayveer Parmar,Right arm Medium fast,Pace
Rohit Dahiya,Right arm Medium,Pace
SS Shinde,Right arm Medium,Pace
B Laughlin,Right arm Fast medium,Pace
GJ Maxwell,Right arm Offbreak,Spin
JW Hastings,Right arm Fast medium,Pace
MP Stoinis,Right arm Medium,Pace
A Zampa,Legbreak Googly,Spin
SM Boland,Right arm Fast medium,Pace
Kuldeep Yadav,Left arm Wrist spin,Spin
Saurabh Kumar,Slow Left arm Orthodox,Spin
AS Rajpoot,Right arm Medium,Pace
P Kumar,Left arm Medium,Pace
Amit Mishra,Legbreak,Spin
K Khejroliya,Left arm Medium fast,Pace
P Negi,Left arm orthodox,Spin
Sandeep Sharma,Right arm Medium,Pace
MS Gony,Right arm Medium,Pace
Baltej Singh,Right arm Medium,Pace
S Kaul,Right arm Medium,Pace
Harbhajan Singh,Right arm Offbreak,Spin
Gurkeerat Singh,Right arm Offbreak,Spin
S Sandeep Warrier,Right arm Medium,Pace
P Prasanth,Slow Left arm Orthodox,Spin
Basil Thampi,Right arm Fast medium,Pace
Vinod Kumar,Right arm Fast,Pace
Fabid Ahmed,Right arm Offbreak,Spin
Anureet Singh,Right arm Medium,Pace
RN Gurbani,Right arm Medium,Pace
SB Wagh,Left arm Medium fast,Pace
Ravikumar Thakur,Left arm Medium,Pace
RL Jangid,Slow Left arm Orthodox,Spin
Waseem Raza,Slow Left arm Orthodox,Spin
Mohammed Mudhasir,Right arm Medium,Pace
Ram Dayal,Right arm Medium,Pace
D Siva Kumar,Right arm Fast medium,Pace
R Vinay Kumar,Right arm Medium,Pace
K Gowtham,Right arm Offbreak,Spin
WSA Williams,Right arm Medium fast,Pace
Mihir Hirwani,Legbreak Googly,Spin
Mohsin Khan,Left arm Medium fast,Pace
SK Raina,Right arm Offbreak,Spin
Karan Patel,Slow Left arm Orthodox,Spin
Diwesh Pathania,Right arm Medium,Pace
Abhishek Sakuja,Slow Left arm Orthodox,Spin
Nitin Yadav,Right arm Medium,Pace
Avishek Sinha,Slow Left arm Orthodox,Spin
AA Bamal,Slow Left arm Orthodox,Spin
Ajay Sarkar,Right arm Medium,Pace
Manisankar Murasingh,Right arm Medium,Pace
AK Sarkar,Right arm Medium,Pace
Bavanaka Sandeep,Slow Left arm Orthodox,Spin
Ravi Teja,Right arm Medium,Pace
STR Binny,Right arm Medium,Pace
Akash Parkar,Right arm Medium,Pace
Abhishek Mohan,Right arm Medium,Pace
Amogh Desai,Right arm Offbreak,Spin
DJ Hooda,Right arm Offbreak,Spin
Chirag Jani,Right arm Medium,Pace
BM Wheeler,Left arm Medium fast,Pace
AY Patel,Slow Left arm Orthodox,Spin
BJ Small,Right arm Medium fast,Pace
BM Tickner,Right arm Medium fast,Pace
SHA Rance,Right arm Medium,Pace
Parvez Rasool,Right arm Offbreak,Spin
Manzoor Dar,Right arm Offbreak,Spin
Achit Shigwan,Right arm Medium,Pace
HV Patel,Right arm Medium,Pace
A Mishra,Legbreak,Spin
R Tewatia,Legbreak,Spin
BB Sran,Left arm Medium,Pace
Harishankar Reddy,Right arm Medium,Pace
V Shankar,Right arm Medium,Pace
M Ashwin,Legbreak Googly,Spin
V Athisayaraj Davidson,Right arm Medium fast,Pace
S Aravind,Slow Left arm Orthodox,Spin
A Mithun,Right arm Medium,Pace
P Dubey,Legbreak Googly,Spin
Kanishk Seth,Left arm Medium,Pace
AB Dinda,Right arm Medium fast,Pace
Sayan Ghosh,Right arm Medium,Pace
Writtick Chatterjee,Right arm Offbreak,Spin
Anurag Tiwari,Slow Left arm Orthodox,Spin
MK Tiwary,Legbreak Googly,Spin
Vivek Singh,Right arm Medium,Pace
M Kelly,Right arm Fast medium,Pace
AC Agar,Slow Left arm Orthodox,Spin
TT Bresnan,Right arm Fast,Pace
Abhishek Sharma,Slow Left arm Orthodox,Spin
Chanderpal Saini,Right arm Medium,Pace
Ashish Yadav,Slow Left arm Orthodox,Spin
Karan Thakur,Right arm Medium,Pace
Chirag Parmar,Right arm Medium,Pace
Satyajeet Bachhav,Slow Left arm Orthodox,Spin
RA Tripathi,Right arm Medium,Pace
SM Kazi,Right arm Offbreak,Spin
SM Gugale,Right arm Offbreak,Spin
AK Kitchen,Slow Left arm Orthodox,Spin
JS Hunter,Left arm Medium,Pace
MJG Rippon,Left arm Wrist spin,Spin
MD Rae,Right arm Medium fast,Pace
C Viljoen,Right arm Medium,Pace
PJ Sangwan,Left arm Medium,Pace
DG Kumar,NA,
R Dhawan,Right arm Medium fast,Pace
A Ashish Reddy,Right arm Medium,Pace
Tanay Thyagarajan,Slow Left arm Orthodox,Spin
Manik Gupta,Legbreak Googly,Spin
Sijomon Joseph,Slow Left arm Orthodox,Spin
KM Asif,Right arm Medium,Pace
S Midhun,Legbreak Googly,Spin
AN Ahmed,Legbreak Googly,Spin
Swarupam Purkayastha,Right arm Offbreak,Spin
Pritam Das,Right arm Medium fast,Pace
Sibsankar Roy,Right arm Offbreak,Spin
ARB Singh,Slow Left arm Orthodox,Spin
Sachidanand Pandey,Right arm Medium,Pace
NM Lyon,Right arm Offbreak,Spin
J Botha,Right arm Offbreak,Spin
Govinda Poddar,Right arm Offbreak,Spin
Suryakant Pradhan,Right arm Medium,Pace
Jayanta Behera,Slow Left arm Orthodox,Spin
BB Samantray,Right arm Medium,Pace
AS Raut,Legbreak Googly,Spin
Debabrata Pradhan,Right arm Medium,Pace
Nitin Tanwar,Right arm Offbreak,Spin
Aanshul Gupta,Right arm Offbreak,Spin
Nitish Rao,Slow Left arm Orthodox,Spin
JS Paris,Left arm Fast medium,Pace
M Prasidh Krishna,Right arm Fast medium,Pace
VR Aaron,Right arm Fast,Pace
Jaskaran Singh,Right arm Fast,Pace
S Nadeem,Slow Left arm Orthodox,Spin
AS Surwar,Slow Left arm Orthodox,Spin
Monu Kumar,Right arm Medium,Pace
Sagar Trivedi,Right arm Medium,Pace
Lalit Yadav,Right arm Offbreak,Spin
V Tokas,Right arm Medium,Pace
Suboth Bhati,Right arm Medium,Pace
M Mohammed,Right arm Medium,Pace
Mukesh Kumar,Right arm Medium,Pace
CP Tremain,Right arm Medium fast,Pace
TLW Cooper,Right arm Offbreak,Spin
KA Pollard,Right arm Medium,Pace
Rumman Raees,Left arm Medium fast,Pace
Mohammad Amir,Left arm Fast,Pace
AR Lamba,Right arm Medium,Pace
Aditya Garhwal,Legbreak Googly,Spin
Vikash Singh,Left arm Medium,Pace
M Markande,Legbreak,Spin
Mandeep Singh,Right arm Medium,Pace
JL Denly,Right arm legbreak,Spin
Shivam Chaudhary,Right arm Offbreak,Spin
Royston Dias,Left arm Medium,Pace
Dhrumil Matkar,Slow Left arm Orthodox,Spin
RD Chahar,Legbreak Googly,Spin
Sunny Gupta,Right arm Offbreak,Spin
KR Singh,Right arm Offbreak,Spin
Umang Sharma,Right arm Offbreak,Spin
Aamir Gani,Right arm Offbreak,Spin
Hasan Ali,Right arm Medium fast,Pace
Shadab Khan,Legbreak,Spin
Faheem Ashraf,Right arm Medium,Pace
J Suchith,Slow Left arm Orthodox,Spin
S Gopal,Legbreak,Spin
Pavan Deshpande,Right arm Offbreak,Spin
Shashank Singh,"Right arm Medium, Right arm Offbreak",
Mohd Israr,Right arm Medium,Pace
N Rana,"Right arm Medium, Right arm Offbreak, Legbreak",
R Rohit,Right arm Offbreak,Spin
Rahil Shah,Slow Left arm Orthodox,Spin
Aamer Yamin,Right arm Medium,Pace
TS Rogers,Right arm Medium fast,Pace
JM Mennie,Right arm Fast medium,Pace
RP Meredith,Right arm Fast,Pace
Sharafuddin Ashraf,Slow Left arm Orthodox,Spin
KM Jarvis,Right arm Fast medium,Pace
Mujeeb Ur Rahman,Right arm legbreak,Spin
Gulbadin Naib,Right arm Medium,Pace
AJ Tye,Right arm Medium fast,Pace
DJ Willey,Left arm Fast medium,Pace
MA Wood,Right arm Fast,Pace
TK Curran,Right arm Fast medium,Pace
AU Rashid,Right arm legbreak,Spin
LA Dawson,Left arm orthodox,Spin
LE Plunkett,Right arm Fast,Pace
C de Grandhomme,Right arm Medium fast,Pace
TG Southee,Right arm Medium fast,Pace
TA Boult,Left arm Fast medium,Pace
D Paterson,Right arm Fast medium,Pace
CJ Dala,Right arm Medium,Pace
CH Morris,Right arm Fast,Pace
T Shamsi,Left arm Wrist spin,Spin
JT Smuts,Slow Left arm Orthodox,Spin
AL Phehlukwayo,Right arm Fast,Pace
JJ Bumrah,Right arm Fast,Pace
HH Pandya,Right arm Medium fast,Pace
B Kumar,Right arm Medium,Pace
I Udana,Left arm Medium fast,Pace
MA Aponso,Slow Left arm Orthodox,Spin
NLTC Perera,Right arm Medium fast,Pace
MD Shanaka,Right arm Medium,Pace
MD Gunathilaka,Right arm Offbreak,Spin
JP Duminy,Right arm Offbreak,Spin
YS Chahal,Legbreak Googly,Spin
Mohammad Irfan (4),Left arm Fast,Pace
Sohail Tanvir,Left arm Medium fast,Pace
Mohammad Irfan,Left arm Fast,Pace
Junaid Khan,Left arm Fast,Pace
AM Phangiso,Slow Left arm Orthodox,Spin
Ibtisam Sheikh,Legbreak Googly,Spin
SR Watson,Right arm Fast medium,Pace
Rahat Ali,Left arm Fast medium,Pace
Imran Tahir,Legbreak Googly,Spin
Usman Shinwari,Left arm Medium fast,Pace
SP Narine,Right arm Offbreak,Spin
Mustafizur Rahman,Left arm Fast medium,Pace
Sohail Khan,Right arm Fast medium,Pace
AD Russell,Right arm Fast,Pace
Wahab Riaz,Left arm Fast,Pace
PVD Chameera,Right arm Fast,Pace
N Pradeep,Right arm Fast medium,Pace
A Dananjaya,"Right arm Offbreak, Legbreak",Spin
BMAJ Mendis,Legbreak,Spin
Mohammad Sami,Right arm Fast,Pace
Taskin Ahmed,Right arm Fast,Pace
Rubel Hossain,Right arm Fast,Pace
Mehedi Hasan Miraz,Right arm Offbreak,Spin
Nazmul Islam,Slow Left arm Orthodox,Spin
Imad Wasim,Slow Left arm Orthodox,Spin
RS Bopara,right-arm medium pace,Pace
RAS Lakmal,Right arm Fast medium,Pace
Anwar Ali,Right arm Medium fast,Pace
Mir Hamza,Left arm Medium,Pace
Abu Hider,Left arm Medium,Pace
Mahmudullah,Right arm Offbreak,Spin
Shakib Al Hasan,Left arm orthodox,Spin
Soumya Sarkar,Right arm Medium fast,Pace
Sameen Gul,Right arm Medium,Pace
Shaheen Shah Afridi,Left arm Fast,Pace
RA Jadeja,Slow Left arm Orthodox,Spin
R Ashwin,Right arm Offbreak,Spin
MM Sharma,Right arm Medium,Pace
Mohammed Shami,Right arm Fast,Pace
MG Johnson,Left arm Fast,Pace
CR Woakes,Right arm Fast medium,Pace
UT Yadav,Right arm Fast,Pace
BA Stokes,Right arm Fast medium,Pace
Shivam Mavi,Right arm Fast medium,Pace
Shubham Chaubey,Right arm Offbreak,Spin
Nitesh Lohchab,Right arm Medium,Pace
Gurjapneet Singh,Left arm Fast medium,Pace
J Anderson,Right arm Fast medium,Pace
CJ Anderson,Left arm Medium fast,Pace
YK Pathan,Right arm Offbreak,Spin
L Ngidi,Right arm Fast medium,Pace
MM Ali,Right arm Offbreak,Spin
JPR Scantlebury-Searles,Right arm Fast medium,Pace
S Lamichhane,Legbreak Googly,Spin
Abul Hasan,right-arm medium-fast,Pace
WB Rankin,Right arm Fast medium,Pace
PKD Chase,Right arm Medium fast,Pace
SR Thompson,Right arm Medium fast,Pace
KJ O'Brien,Right arm Medium fast,Pace
GH Dockrell,Slow Left arm Orthodox,Spin
Simi Singh,"Right arm Offbreak, Legbreak Googly",Spin
PR Stirling,Right arm Offbreak,Spin
Mohammad Nawaz (3),Slow Left arm Orthodox,Spin
B Muzarabani,Right arm Fast medium,Pace
JA Porter,Right arm Medium fast,Pace
SJ Cook,Right arm Medium fast,Pace
MT Coles,Right arm Fast medium,Pace
D Wiese,Right arm Medium fast,Pace
BA Raine,Right arm Medium fast,Pace
Mohammad Abbas,Right arm Medium fast,Pace
CF Parkinson,Slow Left arm Orthodox,Spin
ZJ Chappell,Right arm Fast medium,Pace
CS Delport,Right arm Medium,Pace
WR Smith,Right arm Offbreak,Spin
C Rushworth,Right arm Fast medium,Pace
WJ Weighell,Right arm Medium,Pace
NJ Rimmington,Right arm Fast medium,Pace
PD Collingwood,Right arm Medium,Pace
RD Pringle,Right arm Offbreak,Spin
MD Fisher,Right arm Fast medium,Pace
JA Brooks,Right arm Medium fast,Pace
Azeem Rafiq,Right arm Offbreak,Spin
SA Patterson,Right arm Fast medium,Pace
L Wood,Left arm Fast medium,Pace
PR Brown,Right arm Fast medium,Pace
EG Barnard,Right arm Fast medium,Pace
DKH Mitchell,Right arm Medium,Pace
TG Helm,Right arm Fast medium,Pace
NA Sowter,Legbreak,Spin
JK Fuller,Right arm Fast medium,Pace
JT Ball,Right arm Fast medium,Pace
CA Ingram,Legbreak,Spin
AF Milne,Right arm Fast,Pace
SR Patel,Slow Left arm Orthodox,Spin
HF Gurney,Left arm Fast medium,Pace
LJ Fletcher,Right arm Medium fast,Pace
SJ Mullaney,Right arm Medium,Pace
R Rampaul,Right arm Fast medium,Pace
LH Ferguson,Right arm Fast,Pace
WL Madsen,Right arm Offbreak,Spin
GC Viljoen,Right arm Fast,Pace
MJJ Critchley,Legbreak,Spin
AL Hughes,Right arm Medium,Pace
WP Masakadza,Slow Left arm Orthodox,Spin
DT Tiripano,Right arm Fast medium,Pace
SF Mire,Right arm Medium fast,Pace
B Mavuta,Legbreak,Spin
MN Waller,Right arm Offbreak,Spin
HJH Brookes,Right arm Fast medium,Pace
OJ Hannon-Dalby,Right arm Medium fast,Pace
TJ Lester,Left arm Fast medium,Pace
LS Livingstone,"Right arm Offbreak, Legbreak",Spin
S Prasanna,Legbreak,Spin
AG Salter,Right arm Offbreak,Spin
MG Hogan,Right arm Fast medium,Pace
CP Wood,Left arm Medium fast,Pace
GK Berg,Right arm Medium,Pace
KJ Abbott,Right arm Fast medium,Pace
T van der Gugten,Right arm Fast medium,Pace
SM Curran,Left arm Medium fast,Pace
JW Dernbach,Right arm Fast medium,Pace
R Clarke,Right arm Medium fast,Pace
MW Pillans,Right arm Fast,Pace
GJ Batty,Right arm Offbreak,Spin
SG Borthwick,Legbreak,Spin
DY Pennington,Legbreak,Spin
BL D'Oliveira,Legbreak,Spin
TM Head,Right arm Offbreak,Spin
JA Thompson,Right arm Medium fast,Pace
CJ Haggett,Right arm Medium,Pace
ME Claydon,Right arm Medium fast,Pace
DA Payne,Left arm Fast medium,Pace
OP Stone,Right arm Fast,Pace
BJ McCarthy,Right arm Fast medium,Pace
A Carter,Right arm Medium,Pace
RJ Gleeson,Right arm Fast medium,Pace
NL Buck,Right arm Medium fast,Pace
GT Griffiths,Right arm Fast medium,Pace
CN Ackermann,Right arm Offbreak,Spin
RF Higgins,Right arm Medium fast,Pace
BAC Howell,Right arm Medium,Pace
TMJ Smith,Slow Left arm Orthodox,Spin
RA Stevenson,Right arm Fast medium,Pace
JE Taylor,Right arm Fast,Pace
SR Harmer,Right arm Offbreak,Spin
ST Finn,Right arm Fast,Pace
TE Barber,Left arm Fast medium,Pace
RH Patel,Slow Left arm Orthodox,Spin
C Munro,Right arm Medium fast,Pace
BA Hutton,Right arm Medium fast,Pace
LA Procter,Right arm Medium fast,Pace
BG Whitehead,Legbreak Googly,Spin
WT Root,Right arm Offbreak,Spin
MTC Waller,Legbreak,Spin
RRS Cornwall,Right arm Offbreak,Spin
Ali Khan,Right arm Fast medium,Pace
ST Gabriel,Right arm Fast,Pace
SJ Croft,Right arm Offbreak,Spin
JP Faulkner,Left arm Fast medium,Pace
MRJ Watt,Slow Left arm Orthodox,Spin
J Clark,Right arm Medium fast,Pace
DJ Lamb,Right arm Medium fast,Pace
Zahir Khan,Left arm Wrist spin,Spin
MW Parkinson,Legbreak,Spin
M Morkel,Right arm Fast,Pace
AS Joseph,Right arm Fast,Pace
L Gregory,Right arm Medium fast,Pace
J Overton,Right arm Fast,Pace
RE van der Merwe,Slow Left arm Orthodox,Spin
K Santokie,Left arm Medium,Pace
Qais Ahmad,Legbreak,Spin
RR Emrit,Right arm Medium fast,Pace
K Noema-Barnett,Right arm Medium,Pace
GG Wagg,Left arm Medium fast,Pace
KMA Paul,Right arm Fast medium,Pace
JO Holder,Right arm Medium,Pace
RA Reifer,Left arm Medium fast,Pace
RAJ Smith,Right arm Medium,Pace
CAK Rajitha,Right arm Medium fast,Pace
DM de Silva,Right arm Offbreak,Spin
PADLR Sandakan,Left arm Wrist spin,Spin
O Thomas,Right arm Fast,Pace
KAR Hodge,Slow Left arm Orthodox,Spin
OC McCoy,Left arm Fast medium,Pace
DW Steyn,Right arm Fast,Pace
BW Sanderson,Right arm Medium fast,Pace
JS Patel,Right arm Offbreak,Spin
AD Thomason,Right arm Fast medium,Pace
GD Elliott,Right arm Medium,Pace
JE Poysden,Legbreak,Spin
M Carter,Right arm Offbreak,Spin
MK Andersson,Right arm Medium,Pace
JAR Harris,Right arm Medium fast,Pace
D Klein,Left arm Medium fast,Pace
A Javid,"Right arm Medium, Right arm Offbreak",
D Bishoo,Legbreak,Spin
K Pierre,Slow Left arm Orthodox,Spin
SPD Smith,Legbreak,Spin
DR Briggs,Slow Left arm Orthodox,Spin
WAT Beer,Legbreak,Spin
V Permaul,Slow Left arm Orthodox,Spin
Shoaib Malik,Right arm Offbreak,Spin
MD Taylor,Left arm Fast medium,Pace
MS Chapman,Slow Left arm Orthodox,Spin
R Powell,Right arm Medium fast,Pace
HR Walsh,Legbreak Googly,Spin
KAJ Roach,Legbreak Googly,Spin
I Khan (2),NA,
CK Holder,Right arm Fast,Pace
RS Primus,Right arm Medium,Pace
OF Smith,Right arm Fast medium,Pace
SK Springer,Right arm Fast medium,Pace
T Hinds,Right arm Medium fast,Pace
SA Jacobs,NA,
KK Cooper,Right arm Medium,Pace
NO Miller,Slow Left arm Orthodox,Spin
A Phillip,Right arm Fast medium,Pace
FA Allen,Slow Left arm Orthodox,Spin
WD Parnell,Left arm Fast medium,Pace
CB Mpofu,Right arm Fast medium,Pace
TS Chisoro,"Left arm Fast medium, Slow Left arm Orthodox",Spin
SC Williams,Slow Left arm Orthodox,Spin
CJ Chibhabha,Right arm Medium,Pace
Amir Hayat,Right arm Medium,Pace
Rohan Mustafa,Right arm Offbreak,Spin
Zahoor Khan,Right arm Medium fast,Pace
Ahmed Raza,Slow Left arm Orthodox,Spin
Imran Haider,Legbreak Googly,Spin
Mohammad Hafeez,Right arm Offbreak,Spin
SL Malinga,Right arm Fast,Pace
PHKD Mendis,"Right arm Offbreak, Slow Left arm Orthodox",Spin
Waqas Maqsood,Left arm Fast medium,Pace
JP Behrendorff,Left arm Fast medium,Pace
MA Starc,Left arm Fast,Pace
NM Coulter-Nile,Right arm Fast,Pace
Mohammad Saifuddin,Right arm Medium fast,Pace
OR Newton,Right arm Medium,Pace
HK Bennett,Right arm Medium fast,Pace
JDS Neesham,Right arm Medium,Pace
SC Kuggeleijn,Right arm Fast medium,Pace
MJ Santner,Slow Left arm Orthodox,Spin
SNJ O'Keefe,left-arm orthodox,Spin
L Pope,Legbreak Googly,Spin
JA Richardson,Right arm Fast,Pace
FJM Murray,Slow Left arm Orthodox,Spin
JL Finnie,Right arm Offbreak,Spin
NG Smith,Right arm Medium fast,Pace
JA Duffy,Right arm Fast medium,Pace
JS Lehmann,Slow Left arm Orthodox,Spin
D Foxcroft,Right arm Offbreak,Spin
HB Shipley,Right arm Medium fast,Pace
MA Beer,Slow Left arm Orthodox,Spin
SL Rainbird,Left arm Medium fast,Pace
JD Cook,Legbreak,Spin
JL Pattinson,Right arm Fast medium,Pace
JK Lalor,Right arm Medium,Pace
Alauddin Babu,Right arm Medium fast,Pace
Arafat Sunny,Slow Left arm Orthodox,Spin
Mohor Sheikh,Right arm Medium,Pace
Shuvagata Hom,Right arm Offbreak,Spin
DJ Grobbelaar,Left arm Medium,Pace
RM Hira,Slow Left arm Orthodox,Spin
SM Solia,Right arm Medium,Pace
TS Nethula,Legbreak,Spin
EJ Nuttall,Left arm Medium fast,Pace
CE McConchie,Right arm Offbreak,Spin
Mahedi Hasan,Right arm Offbreak,Spin
Shahid Afridi,Legbreak Googly,Spin
Mohammad Shahid,Right arm Medium fast,Pace
R Frylinck,Right arm Medium,Pace
Nayeem Hasan,Right arm Offbreak,Spin
Sikandar Raza,"Right arm Offbreak, Legbreak",Spin
Abu Jayed,Right arm Fast medium,Pace
Khaled Ahmed,Right arm Medium fast,Pace
Mosaddek Hossain,Right arm Offbreak,Spin
Alok Kapali,Legbreak,Spin
Al-Amin Hossain,Right arm Medium fast,Pace
JM Bird,Right arm Fast medium,Pace
EP Gulbis,Right arm Medium,Pace
BR Dunk,Right arm Offbreak,Spin
L Bowe,Left arm Wrist spin,Spin
CBRLS Kumara,Right arm Fast,Pace
Mashrafe Mortaza,Right arm Medium,Pace
Sohag Gazi,Right arm Offbreak,Spin
Farhad Reza,Right arm Fast medium,Pace
Shafiul Islam,Right arm Fast medium,Pace
N Wagner,Left arm Medium fast,Pace
Shoriful Islam,Left arm Fast medium,Pace
Nasir Hossain,Right arm Offbreak,Spin
Al Islam,Right arm Offbreak,Spin
CH Gayle,Right arm Offbreak,Spin
Nahidul Islam,Right arm Offbreak,Spin
MR Quinn,Right arm Medium fast,Pace
ACR Birch,Right arm Medium fast,Pace
MW Short,Right arm Offbreak,Spin
LN O'Connor,Legbreak,Spin
Subashis Roy,Right arm Fast medium,Pace
N McAndrew,Right arm Medium fast,Pace
RN ten Doeschate,Right arm Medium fast,Pace
Kamrul Islam Rabbi,Right arm Medium fast,Pace
TD Astle,Legbreak,Spin
Taijul Islam,Legbreak,Spin
MT Renshaw,Right arm Offbreak,Spin
JJ Tasman-Jones,NA,
Hussain Talat,Right arm Medium fast,Pace
MP Kuhnemann,Slow Left arm Orthodox,Spin
JA Prestwidge,Slow Left arm Orthodox,Spin
DAJ Bracewell,Right arm Fast medium,Pace
Mosharraf Hossain,Slow Left arm Orthodox,Spin
Ebadat Hossain,Right arm Fast medium,Pace
Nabil Samad,Slow Left arm Orthodox,Spin
Mohammad Nawaz,Slow Left arm Orthodox,Spin
Mohammad Saddam,Slow Left arm Orthodox,Spin
DJ Worrall,Right arm Fast medium,Pace
MR Marsh,Right arm Medium,Pace
CD Hinchliffe,Left arm Wrist spin,Spin
C Valente,Right arm Medium,Pace
JTA Benton,Slow Left arm Orthodox,Spin
Mohammad Ilyas,Right arm Medium fast,Pace
Haris Rauf,Right arm Fast,Pace
Ghulam Mudassar,Left arm Fast medium,Pace
Pranshu Vijayran,Right arm Medium,Pace
P Suyal,Left arm Medium,Pace
Rahul Sharma,Legbreak Googly,Spin
AA Kazi,Slow Left arm Orthodox,Spin
Tahmeed Rahman,Right arm Offbreak,Spin
Imliwati Lemtur,Slow Left arm Orthodox,Spin
Mughavi Wotsa,Right arm Medium,Pace
Abhay Negi,Right arm Medium,Pace
Akash Choudhary,Right arm Medium fast,Pace
Swarajeet Das,Right arm Medium,Pace
Neetesh Sharma,Right arm Medium fast,Pace
Gurinder Singh,Slow Left arm Orthodox,Spin
RR Biswa,Right arm Offbreak,Spin
Abhishek Tanwar,Right arm Medium,Pace
Ravi Bishnoi,Legbreak Googly,Spin
Palzor Tamang,Right arm Medium,Pace
KN Luitel,Left arm Medium,Pace
Amos Rai,Legbreak Googly,Spin
Milind Kumar,Right arm Offbreak,Spin
Tashi Bhalla,Right arm Medium,Pace
Lee Yong Lepcha,Right arm Offbreak,Spin
TS Saha,Right arm Offbreak,Spin
AA Chakraborty,Right arm Medium,Pace
SS Majumder,Right arm Medium,Pace
Pratyush Singh,Legbreak Googly,Spin
Pankaj Singh,Right arm Medium fast,Pace
Yash Dayal,Left arm Medium fast,Pace
Bobby Yadav,Right arm Medium fast,Pace
Shiva Singh,Slow Left arm Orthodox,Spin
MD Ingale,Right arm Medium,Pace
Umaid Asif,Right arm Medium fast,Pace
R Shukla,Right arm Medium,Pace
Rasikh Salam,Right arm Medium,Pace
IK Pathan,Left arm Medium fast,Pace
Umar Nazir,Right arm Medium,Pace
Mujtaba Yousuf,Left arm Medium fast,Pace
Vivek Kumar,Right arm Medium,Pace
Vishal Das,Right arm Medium,Pace
C Sakariya,Left arm Medium fast,Pace
PN Mankad,Right arm Medium,Pace
Yuvraj Singh,Slow Left arm Orthodox,Spin
SZ Mulani,Slow Left arm Orthodox,Spin
Shubham Ranjane,Right arm Medium,Pace
K Lalhmingmawia,Slow Left arm Orthodox,Spin
G Lalbiakvela,Right arm Medium,Pace
Parvez Ahmed,Right arm Medium fast,Pace
Sinan Khadir,Legbreak Googly,Spin
T Kohli,Right arm Medium,Pace
Lalhruai Ralte,Right arm Medium,Pace
Pappu Roy,Slow Left arm Orthodox,Spin
Pradipta Pramanik,Slow Left arm Orthodox,Spin
Sunny Rana,Right arm Medium,Pace
D Dhapola,Right arm Medium,Pace
Girish Rauturi,Right arm Medium,Pace
Himanshu Bisht,Legbreak,Spin
R Bhatia,Right arm Medium fast,Pace
Akshay Jain,Right arm Medium fast,Pace
P Thamaraikannan,Right arm Medium,Pace
Pratik Sargade,Slow Left arm Orthodox,Spin
Damodaran Rohit,Right arm Offbreak,Spin
S Santhosh Kumaran,Right arm Medium,Pace
Muhammad Musa,Right arm Fast medium,Pace
I Sharma,Right arm Fast medium,Pace
Navdeep Saini,Right arm Fast,Pace
Homendro Kabrambam,Right arm Medium fast,Pace
Kishan Thokchom,Right arm Medium,Pace
Bishworjit Konthoujam,Right arm Medium fast,Pace
Kangabam Singh,Right arm Medium fast,Pace
Sultan Karim,Right arm Medium fast,Pace
Yashpal Singh,Right arm Medium,Pace
MD Nidheesh,Right arm Medium,Pace
Rohan Prem,Right arm Offbreak,Spin
Vinoop Manoharan,Right arm Offbreak,Spin
Ayush Jamwal,Slow Left arm Orthodox,Spin
Ankit Maini,Bowling Allrounder,Pace
Hemang Patel,Right arm Medium fast,Pace
A Singhania,Slow Left arm Orthodox,Spin
Samar Quadri,Legbreak Googly,Spin
Ashutosh Aman,Slow Left arm Orthodox,Spin
Prashant Singh,Right arm Medium,Pace
KR Sen,Right arm Fast,Pace
Sohraab Dhaliwal,Slow Left arm Orthodox,Spin
Prashant Awasthi,Right arm Offbreak,Spin
Harsh Tyagi,Slow Left arm Orthodox,Spin
K Upadhyay,Right arm Medium,Pace
Shahbaz Ahmed,Slow Left arm Orthodox,Spin
IC Porel,Right arm Medium,Pace
AK Chahal,Legbreak Googly,Spin
Sumit Kumar,Right arm Medium fast,Pace
AH Hooda,Right arm Medium,Pace
Akhilesh Sahani,Right arm Medium,Pace
Sams Alam,Left arm Medium,Pace
PS Kataria,Right arm Medium,Pace
Techi Neri,Right arm Offbreak,Spin
Kshitiz Sharma,Right arm Offbreak,Spin
Samarth Seth,Slow Left arm Orthodox,Spin
CV Milind,Left arm Medium,Pace
PS Sairam,Right arm Offbreak,Spin
Mohit Kumar,Right arm Medium fast,Pace
Vikas Yadav,Slow Left arm Orthodox,Spin
AP Sharma,Slow Left arm Orthodox,Spin
NN Sen Chowdhary,Right arm Offbreak,Spin
Rana Dutta,Right arm Medium,Pace
PJ Cummins,Right arm Fast,Pace
Abdul Samad,Legbreak,Spin
SK Ismail,Legbreak,Spin
A Nagwaswalla,Left arm Medium,Pace
HP Patel,Right arm Medium,Pace
Tejas Patel,Right arm Medium fast,Pace
NB Singh,Right arm Medium,Pace
Atharva Taide,Slow Left arm Orthodox,Spin
Krishna Das,Right arm Medium,Pace
Amulya Pandrekar,Slow Left arm Orthodox,Spin
Amit Verma,Legbreak,Spin
P Ray Barman,Legbreak Googly,Spin
Rajjakuddin Ahmed,Right arm Medium,Pace
R Parag,"Right arm Offbreak, Legbreak",Spin
Mukhtar Hussain,Right arm Medium,Pace
Aishwary Mourya,Right arm Medium fast,Pace
Lalnunkima Varte,Right arm Medium,Pace
Lalrempuia,Right arm Offbreak,Spin
Rajat Paliwal,Right arm Offbreak,Spin
Kiran Reddy,Right arm Medium,Pace
Bhavik Patel,Right arm Medium,Pace
Rongsen Jonathan,Batting Allrounder,
Mangal Mahrour,Right arm Medium,Pace
P Chopra,Legbreak Googly,Spin
Parth Sahani,Slow Left arm Orthodox,Spin
MG Sirur,Right arm Offbreak,Spin
Shubham Singh,Legbreak Googly,Spin
Satish Jangir,Right arm Offbreak,Spin
Rohit Dangwal,Slow Left arm Orthodox,Spin
Sunny Kashyap,Slow Left arm Orthodox,Spin
Vaibhav Singh Panwar,Slow Left arm Orthodox,Spin
Amad Butt,Right arm Fast,Pace
Umer Khan,Slow Left arm Orthodox,Spin
Anand Singh,Right arm Medium,Pace
AS Roy,Slow Left arm Orthodox,Spin
Yash Thakur,Right arm Fast medium,Pace
Nikhil Gangta,Right arm Medium,Pace
Krishan Alang,Right arm Offbreak,Spin
J Yadav,Right arm Offbreak,Spin
Jitumoni Kalita,Legbreak,Spin
Rajesh Mohanty,Right arm Medium fast,Pace
Azim Kazi,Slow Left arm Orthodox,Spin
VV Gite,Right arm Medium,Pace
Mayank Mishra,Slow Left arm Orthodox,Spin
Manjinder Singh,Right arm Medium,Pace
Manish Sharma,Legbreak Googly,Spin
Lakhan Singh,Right arm Medium,Pace
Amiangshu Sen,Right arm Medium,Pace
Pritam Nirala,Right arm Medium fast,Pace
Jay Chauhan,Slow Left arm Orthodox,Spin
SS Prabhudessai,Right arm Medium,Pace
Bobby Zothansanga,Right arm Offbreak,Spin
Arun Chaprana,Right arm Medium,Pace
MS Bhandage,Right arm Medium fast,Pace
Mohit Jangra,Left arm Medium,Pace
Ankit Chaudhary,Slow Left arm Orthodox,Spin
Gaurav Singh,Slow Left arm Orthodox,Spin
Kamal Das,Slow Left arm Orthodox,Spin
Mohammad Irfan (5),Right arm Medium fast,Pace
Vasuki Koushik,Right arm Medium,Pace
KC Cariappa,Legbreak,Spin
Akash Deep,Right arm Fast medium,Pace
Varun Sood,Slow Left arm Orthodox,Spin
Ambikeshwar Mishra,NA,
Ayan Bhattacharjee,Right arm Medium,Pace
JDF Vandersay,Legbreak,Spin
CV Varun,Legbreak Googly,Spin
NA Saini,Right arm Fast,Pace
K Rabada,Right arm Fast,Pace
RK Kleinveldt,Right arm Fast medium,Pace
VD Philander,Right arm Fast,Pace
GF Linde,Slow Left arm Orthodox,Spin
T Bokako,Right arm Fast,Pace
DM Dupavillon,Right arm Fast,Pace
OEG Baartman,Right arm Medium fast,Pace
R McLaren,Right arm Medium fast,Pace
G Coetzee,Right arm Fast,Pace
E Leie,Right arm Fast,Pace
T Ntuli,Right arm Offbreak,Spin
SC van Schalkwyk,Right arm Medium,Pace
BC Fortuin,Slow Left arm Orthodox,Spin
SN Khan,Legbreak,Spin
NM Serame,Right arm Offbreak,Spin
Arshdeep Singh,Left arm Medium fast,Pace
G Mahlokwana,Slow Left arm Orthodox,Spin
EL Hawken,Right arm Fast,Pace
Harpreet Brar,Slow Left arm Orthodox,Spin
Y Prithvi Raj,Left arm Medium,Pace
SE Rutherford,Right arm Fast medium,Pace
L Sipamla,Right arm Fast medium,Pace
GM Thomson,Right arm Medium fast,Pace
M Arnold,Right arm Fast medium,Pace
S von Berg,Legbreak,Spin
P Subrayen,Right arm Offbreak,Spin
SSB Magala,Right arm Fast medium,Pace
BD Glover,Right arm Fast,Pace
PA van Meekeren,Right arm Fast medium,Pace
PM Seelaar,Slow Left arm Orthodox,Spin
FJ Klaassen,Left arm Fast medium,Pace
SC Getkate,Right arm Medium fast,Pace
GJ Delany,Legbreak Googly,Spin
Imran Qayyum,Slow Left arm Orthodox,Spin
LV van Beek,Right arm Medium fast,Pace
L Trevaskis,Slow Left arm Orthodox,Spin
BA Carse,Right arm Fast,Pace
Tamoor Sajjad,Legbreak,Spin
Inam-ul-Haq,Right arm Offbreak,Spin
Mohammed Nadeem,Right arm Medium fast,Pace
Iqbal Hussain,Right arm Medium,Pace
Nouman Sarwar,Right arm Medium,Pace
CJC Wright,Right arm Fast medium,Pace
BWM Mike,Right arm Medium fast,Pace
NJ Dexter,Right arm Medium fast,Pace
AM Lilley,Right arm Offbreak,Spin
MS Crane,Legbreak Googly,Spin
GG White,Slow Left arm Orthodox,Spin
D Pretorius,Right arm Medium fast,Pace
DM Bess,Right arm Offbreak,Spin
D Olivier,Right arm Fast medium,Pace
JW Shutt,Right arm Offbreak,Spin
S Mahmood,Right arm Fast medium,Pace
M de Lange,Right arm Fast,Pace
DA Douthwaite,Right arm Medium fast,Pace
LM Reece,Right arm Medium fast,Pace
WG Jacks,Right arm Offbreak,Spin
RS Patel,Right arm Medium,Pace
RJW Topley,Left arm Fast medium,Pace
NCK Liyanage,Left arm Medium fast,Pace
Syed Aziz,Right arm Medium,Pace
Karan KC,Right arm Fast,Pace
Sompal Kami,Right arm Fast medium,Pace
B Regmi,Slow Left arm Orthodox,Spin
A Bohara,Right arm Medium,Pace
S Vesawkar,Right arm Offbreak,Spin
GH Rhodes,Right arm Offbreak,Spin
DJ Bell-Drummond,Right arm Medium fast,Pace
C Overton,Right arm Medium fast,Pace
TA Lammonby,Left arm Medium fast,Pace
MJ Potts,Right arm Fast medium,Pace
S Steel,Right arm Offbreak,Spin
FH Edwards,Right arm Fast,Pace
TS Roland-Jones,Right arm Medium fast,Pace
JC Wainman,Left arm Medium,Pace
AT Thomson,Right arm Offbreak,Spin
WMH Rhodes,Right arm Medium fast,Pace
LJ Carey,Right arm Fast medium,Pace
Fakhar Zaman,Slow Left arm Orthodox,Spin
JJ Cobb,Right arm Offbreak,Spin
ME Milnes,Right arm Medium fast,Pace
MK O'Riordan,Right arm Offbreak,Spin
GJ Harte,Right arm Medium,Pace
WS Davis,Right arm Fast medium,Pace
P Sisodiya,Slow Left arm Orthodox,Spin
RI Walker,Right arm Fast medium,Pace
FJ Hudson-Prentice,Right arm Medium fast,Pace
TD Groenewald,Right arm Fast medium,Pace
CJ Liddle,Left arm Fast medium,Pace
GL van Buuren,Slow Left arm Orthodox,Spin
RI Keogh,Right arm Offbreak,Spin
TB Sole,Right arm Offbreak,Spin
GA Garrett,Right arm Medium fast,Pace
PWH de Silva,Legbreak,Spin
AP Beard,Right arm Fast medium,Pace
CD Barnwell,Right arm Medium fast,Pace
CAJ Morris,Right arm Medium fast,Pace
OE Robinson,Right arm Medium fast,Pace
DMW Rawlins,Slow Left arm Orthodox,Spin
C Lamont,Slow Left arm Orthodox,Spin
Mohammad Hasnain,Right arm Fast,Pace
DC Drakes,Left arm Medium fast,Pace
DC Green,Right arm Medium fast,Pace
A Ndlovu,Slow Left arm Orthodox,Spin
TL Chatara,Right arm Fast medium,Pace
Fareed Ahmad,Left arm Fast medium,Pace
DR Smith,Right arm Medium,Pace
Ramaal Lewis,Right arm Offbreak,Spin
A Nortje,Right arm Fast,Pace
KJ Cottoy,Legbreak,Spin
RP Burl,Legbreak,Spin
N Madziva,Right arm Medium fast,Pace
CT Mutombodzi,Legbreak Googly,Spin
DW Lawrence,Right arm Offbreak,Spin
Afif Hossain,Right arm Offbreak,Spin
BE Hendricks,Left arm Fast medium,Pace
J Royal,Slow Left arm Orthodox,Spin
S Bhari,Slow Left arm Orthodox,Spin
Kushal Malla,Slow Left arm Orthodox,Spin
M Deyal,Right arm Offbreak,Spin
C Hemraj,Slow Left arm Orthodox,Spin
WT Mashinge,Right arm Fast medium,Pace
D Jakiel,Right arm Fast medium,Pace
AJ Hosein,Slow Left arm Orthodox,Spin
MR Adair,Right arm Fast medium,Pace
R Shepherd,Right arm Fast medium,Pace
JH Davey,Right arm Medium fast,Pace
SM Sharif,Right arm Medium fast,Pace
GH O'Brien,Right arm Fast medium,Pace
MO Jones,Right arm Offbreak,Spin
RJ Trott,Right arm Offbreak,Spin
JJ Tucker,Right arm Medium,Pace
E Otieno,Right arm Medium fast,Pace
SO Ngoche,Right arm Offbreak,Spin
LN Oluoch,Left arm Fast medium,Pace
J Kila,Slow Left arm Orthodox,Spin
N Vanua,Right arm Medium,Pace
R Hekure,Right arm Medium,Pace
CJA Amini,Legbreak,Spin
N Pokana,Left arm Fast,Pace
A Vala,Right arm Offbreak,Spin
D Ravu,Right arm Medium fast,Pace
JN Frylinck,Left arm Fast medium,Pace
JJ Smit,Left arm Medium fast,Pace
B Shikongo,Right arm Medium fast,Pace
CG Williams,Right arm Medium,Pace
BM Scholtz,Slow Left arm Orthodox,Spin
Bilal Khan,Left arm Medium fast,Pace
Fayyaz Butt,Right arm Medium fast,Pace
GSNFG Jayasuriya,Right arm Offbreak,Spin
Aminul Islam Biplob,Legbreak Googly,Spin
Pradeep Chamoli,Right arm Fast,Pace
Dikshanshu Negi,Legbreak,Spin
Avneesh Sudha,Right arm Offbreak,Spin
Akash Madhwal,Right arm Medium fast,Pace
Jalaj S Saxena,"Right arm Offbreak, Legbreak Googly",Spin
Heramb Parab,Right arm Medium fast,Pace
Deepraj Gaonkar,Right arm Medium,Pace
NA Rathva,Slow Left arm Orthodox,Spin
AS Karambelkar,Right arm Medium,Pace
Rex Rajkumar,Left arm Medium fast,Pace
Prateek Jain,Left arm Medium,Pace
Vipul Krishna,Left arm Medium,Pace
Shasheem Rathour,Right arm Offbreak,Spin
Tanveer Ul-Haq,Left arm Medium,Pace
Akash Singh,Left arm Medium fast,Pace
G Periyaswamy,Right arm Medium,Pace
T Natarajan,Left arm Medium,Pace
Licha Tehi,Right arm Medium,Pace
Kengo Bam,Slow Left arm Orthodox,Spin
Myendung Singpho,Legbreak Googly,Spin
DG Nalkande,Right arm Fast medium,Pace
Chaitanya Bishnoi,Slow Left arm Orthodox,Spin
V M Jivrajani,Right arm Offbreak,Spin
Lamabam Singh,Slow Left arm Orthodox,Spin
Nitesh Sedai,Right arm Offbreak,Spin
Thomas Moirangthem,Right arm Medium,Pace
T Pradeep,Right arm Medium fast,Pace
Karthik Raman,Right arm Medium fast,Pace
Nagaho Chishi,Right arm Medium,Pace
Roosh Kalaria,Left arm Medium,Pace
Yab Niya,Right arm Medium fast,Pace
Gaurav Gambhir,Right arm Offbreak,Spin
Shreshth Nirmohi,Right arm Medium,Pace
Sujit Nayak,Slow Left arm Orthodox,Spin
Atif Attarwala,Left arm Medium fast,Pace
Gaurav Yadav,Right arm Medium,Pace
Arup Das,Right arm Medium,Pace
Abhilash Gogoi,Slow Left arm Orthodox,Spin
Naren Reddy,Right arm Offbreak,Spin
Manish Golamaru,Slow Left arm Orthodox,Spin
Cheepurapalli Stephen,Left arm Medium,Pace
Varun Choudhary,Right arm Medium fast,Pace
Pulkit Narang,Right arm Offbreak,Spin
DR Deshmukh,Right arm Fast medium,Pace
Sumit Lama,Right arm Medium fast,Pace
Lalhmangaiha,NA,
Lalhruaizela,NA,
Simarjeet Singh,Right arm Medium fast,Pace
Karan Kaila,Slow Left arm Orthodox,Spin
Arnab Nandi,Right arm Offbreak,Spin
A Aravinddaraj,Right arm Medium,Pace
Sagar Udeshi,Slow Left arm Orthodox,Spin
Ashith Rajiv,Right arm Medium,Pace
Ankit Yadav,Right arm Medium,Pace
Naveen-ul-Haq,Right arm Medium fast,Pace
Akshay Chandran,Slow Left arm Orthodox,Spin
Anirudh Kanwar,Right arm Medium fast,Pace
Himanshu Sangwan,Right arm Medium fast,Pace
KP Kakad,Legbreak,Spin
Iqbal Abdulla,Slow Left arm Orthodox,Spin
Prabesh Gurung,Right arm Medium,Pace
Somorjit Salam,Right arm Medium fast,Pace
Yudhvir Singh,Right arm Medium fast,Pace
Kilco R Marak,Right arm Medium fast,Pace
BB Dey,Wicketkeeper,
V Pratap Singh,Right arm Medium,Pace
Nikhil Chaudhary,Legbreak Googly,Spin
Saransh Jain,Right arm Offbreak,Spin
Utkarsh Singh,Right arm Offbreak,Spin
Shashi Shekhar,Right arm Medium,Pace
Abhijeet Saket,Right arm Medium,Pace
Shivam Kumar,Legbreak Googly,Spin
Sarfaraz Ashraf,Slow Left arm Orthodox,Spin
Harmeet Singh,Slow Left arm Orthodox,Spin
Neelambuj Vats,Right arm Medium,Pace
DB Ravi Teja,Legbreak Googly,Spin
Toni Chishi,Right arm Medium fast,Pace
Inakato Zhimomi,Right arm Medium fast,Pace
Dinesh Rai,Right arm Offbreak,Spin
Karim Janat,Right arm Offbreak,Spin
RG More,Right arm Offbreak,Spin
Saurabh Das,Right arm Offbreak,Spin
Mrinmoy Dutta,Right arm Offbreak,Spin
SS Iyer,"Right arm Offbreak, Legbreak Googly",Spin
Suresh Kumar,Right arm Offbreak,Spin
Abid Mushtaq,Slow Left arm Orthodox,Spin
Auqib Nabi,Right arm Medium,Pace
Santha Moorthy,Right arm Medium,Pace
Marimuthu Vikneshwaran,Right arm Medium,Pace
Akash Vasisht,Slow Left arm Orthodox,Spin
BA Pathan,Right arm Medium fast,Pace
Sonu Singh,Slow Left arm Orthodox,Spin
M Siddharth,Slow Left arm Orthodox,Spin
Dhruv Patel,Right arm Medium,Pace
Vivekanand Tiwari,Right arm Medium,Pace
B Aparajith,Right arm Offbreak,Spin
Vikas Mishra,Slow Left arm Orthodox,Spin
Arjit Gupta,Right arm Medium,Pace
Nasum Ahmed,Slow Left arm Orthodox,Spin
Muktar Ali,Right arm Medium fast,Pace
Hasan Mahmud,Right arm Fast medium,Pace
BP Coburn,Left arm Wrist spin,Spin
H Kerr,Left arm Fast medium,Pace
BAD Manenti,Right arm Medium fast,Pace
MC Henriques,Right arm Fast medium,Pace
Shohidul Islam,Right arm Medium,Pace
Mukidul Islam,Right arm Medium fast,Pace
NT Ellis,Right arm Fast medium,Pace
A Verma,Legbreak,Spin
Tanvir Islam,Slow Left arm Orthodox,Spin
BJ Webster,"Right arm Medium, Right arm Offbreak",
Sumon Khan,"Right arm Medium, Right arm Offbreak",
WA Agar,"Right arm Medium, Right arm Offbreak",
WC Ludick,Right arm Medium,Pace
RJ Watson,Right arm Medium,Pace
Sunzamul Islam,Slow Left arm Orthodox,Spin
W Sutherland,Right arm Medium fast,Pace
R Ravindra,Slow Left arm Orthodox,Spin
MJ Nofal,Slow Left arm Orthodox,Spin
BG Lister,Left arm Fast medium,Pace
TD Andrews,Slow Left arm Orthodox,Spin
JR Hazlewood,Right arm Fast medium,Pace
DN Phillips,Right arm Fast medium,Pace
Ziaur Rahman,Right arm Fast medium,Pace
SB Davey,Right arm Medium,Pace
AD Mathews,Right arm Medium,Pace
Aminul Islam,Legbreak Googly,Spin
JR Coleman,Left arm Fast medium,Pace
J Little,Left arm Fast medium,Pace
CA Young,Right arm Fast medium,Pace
Mehedi Hasan Rana,Left arm Fast,Pace
DAS Gunaratne,Right arm Medium fast,Pace
LR Morris,Right arm Fast,Pace
NJ Maddinson,Slow Left arm Orthodox,Spin
AJ Turner,Right arm Offbreak,Spin
Arshad Iqbal,Right arm Medium fast,Pace
Dilbar Hussain,Right arm Fast medium,Pace
Iftikhar Ahmed,Right arm Offbreak,Spin
Fitri Sham,Slow Left arm Orthodox,Spin
Khizar Hayat,Right arm Offbreak,Spin
Pavandeep Singh,Slow Left arm Orthodox,Spin
Syazrul Idrus,Right arm Medium,Pace
S Muniandy,Right arm Medium,Pace
Ehsan Khan,Right arm Offbreak,Spin
Haroon Arshad,Right arm Medium,Pace
Aftab Hussain,Slow Left arm Orthodox,Spin
Waqas Barkat,Legbreak,Spin
Aizaz Khan,Right arm Medium fast,Pace
JNT Seales,Right arm Fast,Pace
JL Jaggesar,Right arm Offbreak,Spin
AR Nedd,Slow Left arm Orthodox,Spin
KR Mayers,Right arm Medium,Pace
RL Chase,Right arm Offbreak,Spin
NRJ Young,Right arm Medium,Pace
D Moriarty,Slow Left arm Orthodox,Spin
AAP Atkinson,Right arm Fast medium,Pace
MP Dunn,Right arm Fast,Pace
JPA Taylor,Right arm Fast medium,Pace
P Coughlin,Right arm Medium,Pace
IG Holland,Right arm Medium,Pace
ASS Nijjar,Slow Left arm Orthodox,Spin
MH McKiernan,Legbreak Googly,Spin
MA Cohen,Left arm Fast medium,Pace
J Glen,Legbreak,Spin
JE Root,Right arm Offbreak,Spin
A Lyth,Right arm Offbreak,Spin
GCH Hill,Right arm Medium,Pace
AJ Blake,Right arm Medium fast,Pace
K Magram,Legbreak,Spin
G Stewart,Right arm Medium fast,Pace
FS Organ,Right arm Offbreak,Spin
K Sinclair,Right arm Offbreak,Spin
TAI Taylor,Right arm Medium fast,Pace
J Bishop,Slow Left arm Orthodox,Spin
PAS McSween,Left arm Fast medium,Pace
JH Plom,Right arm Fast medium,Pace
PI Walter,Left arm Medium,Pace
DR Melton,Right arm Fast,Pace
TE Bailey,Right arm Fast medium,Pace
BO Coad,Right arm Fast medium,Pace
TJ Murtagh,Right arm Medium fast,Pace
LBK Hollman,Legbreak,Spin
GHS Garton,Left arm Fast,Pace
DJ Malan,Legbreak,Spin
SA Wisniewski,Left arm Wrist spin,Spin
TW Hartley,Slow Left arm Orthodox,Spin
Anuj Dal,Right arm Medium,Pace
JL du Plooy,Slow Left arm Orthodox,Spin
CG Harrison,Legbreak Googly,Spin
SW Currie,Right arm Medium fast,Pace
S Conners,Right arm Fast medium,Pace
BMJ Allison,Right arm Fast medium,Pace
S Snater,Right arm Fast medium,Pace
KL Nagarkoti,Right arm Fast,Pace
J Shaw,Right arm Medium fast,Pace
KS Williamson,Right arm Medium fast,Pace
Kartik Tyagi,Right arm Fast,Pace
DA Warner,Legbreak,Spin
Usman Qadir,Legbreak,Spin
K Anjula,Right arm Medium fast,Pace
H Klaasen,Right arm Offbreak,Spin
RTM Mendis,Right arm Offbreak,Spin
LD Madushanka,Right arm Fast medium,Pace
Aftab Alam,Right arm Fast medium,Pace
S Colombage,Legbreak,Spin
V Viyaskanth,Legbreak,Spin
PC de Silva,Slow Left arm Orthodox,Spin
B Fernando,Left arm Medium fast,Pace
N Thushara,Right arm Medium fast,Pace
XC Bartlett,Right arm Fast medium,Pace
JP Wood,Right arm Fast medium,Pace
T Sangha,Legbreak,Spin
P Hatzoglou,Legbreak Googly,Spin
JFA Field,Right arm Medium fast,Pace
TC Bruce,Right arm Offbreak,Spin
AM Hardie,Right arm Medium fast,Pace
JJ Bazley,Right arm Fast medium,Pace
FL Walker,Slow Left arm Orthodox,Spin
ZN Gibson,Right arm Medium,Pace
JG Walker,Right arm Offbreak,Spin
BR Hampton,Right arm Medium fast,Pace
LC Hatcher,Right arm Fast medium,Pace
Noor Ahmad,Left arm Wrist spin,Spin
MJ Fisher,Right arm Medium fast,Pace
MG Bracewell,Right arm Offbreak,Spin
Shanu Saini,Slow Left arm Orthodox,Spin
Ramandeep Singh,Right arm Medium,Pace
Chandan Ray,Slow Left arm Orthodox,Spin
Sankar Paul,Right arm Offbreak,Spin
Sonu Yadav,Right arm Medium fast,Pace
Kartikeya Kak,Right arm Medium,Pace
Amlanjyoti Das,Right arm Offbreak,Spin
Rahul Singh,Right arm Medium,Pace
Pradeep Dadhe,Right arm Medium,Pace
Mukesh Choudhary,Left arm Medium,Pace
VG Arora,Right arm Fast medium,Pace
HNA Conway,Right arm Fast medium,Pace
Surendra Malviya,Right arm Medium,Pace
Kruthik Hanagavadi,Right arm Medium fast,Pace
Raghu Sharma,Legbreak,Spin
MJ Owen,Right arm Medium,Pace
Dhrushant Soni,Right arm Medium,Pace
NN Bhute,Right arm Medium,Pace
Ashwin Hebbar,Right arm Slow medium,Pace
MB Bacon,Right arm Medium,Pace
V Dhaka,NA,
Akash Pandey,Slow Left arm Orthodox,Spin
Parvez Sultan,Slow Left arm Orthodox,Spin
U U Bose,Right arm Offbreak,Spin
Ankitkar Jaiswal,Slow Left arm Orthodox,Spin
Chinta Gandhi,Legbreak,Spin
KR Kakade,Right arm Offbreak,Spin
Digvijay Rangi,Right arm Offbreak,Spin
Nikhil Kohli,Right arm Medium fast,Pace
MJ Henry,Right arm Fast medium,Pace
AS Thakare,Right arm Medium,Pace
MR Raut,Slow Left arm Orthodox,Spin
S Sreesanth,Right arm Fast,Pace
Vignesh Kannan,Slow Left arm Orthodox,Spin
Amit Kuila,Right arm Medium,Pace
Vikrant Rajput,Slow Left arm Orthodox,Spin
Rakshan Readdi,Right hand Bat,
Hitesh Yadav,Slow Left arm Orthodox,Spin
Sunil Roul,Right arm Medium fast,Pace
Tarani Sa,NA,
RS Hangargekar,Right arm Fast medium,Pace
Sourabh Majumdar,Right arm Medium fast,Pace
Parth Chauhan,Right arm Medium fast,Pace
Lalith Mohan,Slow Left arm Orthodox,Spin
Aamir Aziz,Slow Left arm Orthodox,Spin
Umran Malik,Right arm Fast,Pace
Sarbeswar Mohanty,Right arm Medium,Pace
Ashish Rai,Right arm Medium,Pace
Ajay Dev Goud,Right arm Medium,Pace
Agrim Tiwari,Left arm Medium,Pace
Sachin Baby,Right arm Offbreak,Spin
Prathamesh Dake,Right arm Offbreak,Spin
Sairaj Patil,Right arm Medium,Pace
Atharva Ankolekar,Right arm Medium,Pace
S Ashish,Slow Left arm Orthodox,Spin
Z Evans,Right arm Medium fast,Pace
M Labuschagne,"Right arm Medium fast, Legbreak",
RM ter Braak,Left arm Fast medium,Pace
L Delport,Slow Left arm Orthodox,Spin
DK Ferns,Right arm Medium,Pace
GD Phillips,Right arm Offbreak,Spin
JR Lennox,Slow Left arm Orthodox,Spin
JA Clarkson,Right arm Medium,Pace
Zahid Mahmood,Legbreak,Spin
CP Savage,Right arm Fast medium,Pace
I Manack,Right arm Offbreak,Spin
M Pretorius,Right arm Fast medium,Pace
SA Mothoa,Right arm Fast medium,Pace
GJ Snyman,Right arm Offbreak,Spin
M Budaza,Left arm Fast,Pace
FD Adams,Right arm Fast medium,Pace
C Bosch,Right arm Fast medium,Pace
Siyabonga Mahima,Slow Left arm Orthodox,Spin
O Nyaku,Right arm Medium fast,Pace
Ahmed Daniyal,Right arm Medium fast,Pace
Mohammad Imran (2),Left arm Medium fast,Pace
Sohaibullah,Left arm Medium,Pace
Mohammad Umar,Right arm Medium,Pace
TL Moreki,Right arm Fast medium,Pace
Z Abrahams,Right arm Fast,Pace
Shahnawaz Dhani,Right arm Fast medium,Pace
O Cele,Right arm Fast,Pace
LB Williams,Right arm Medium fast,Pace
WJ Lubbe,Right arm Offbreak,Spin
M Jansen,Left arm Fast,Pace
M Nabe,Right arm Medium,Pace
L Makhosi,Left arm Wrist spin,Spin
KA Maharaj,Slow Left arm Orthodox,Spin
K Mungroo,Right arm Fast,Pace
MC Kleinveldt,Right arm Offbreak,Spin
Mohammad Wasim,Right arm Fast medium,Pace
Abbas Afridi,Right arm Medium fast,Pace
R Ngarava,Left arm Fast medium,Pace
Amir Hamza,Slow Left arm Orthodox,Spin
M Faraz Akram,Right arm Medium,Pace
Fazalhaq Farooqi,Left arm Fast medium,Pace
RG Sharma,Right arm Offbreak,Spin
Qasim Akram,Right arm Offbreak,Spin
Mohammad Imran,Right arm Offbreak,Spin
DR Mousley,Right arm Offbreak,Spin
JB Lintott,Left arm Wrist spin,Spin
CN Miles,Left arm Wrist spin,Spin
ER Bamber,Left arm Wrist spin,Spin
BC Cullen,Left arm Wrist spin,Spin
Akif Javed,Left arm Wrist spin,Spin
AC Lenham,Left arm Wrist spin,Spin
BGF Green,Left arm Wrist spin,Spin
Khurram Shahzad,Left arm Wrist spin,Spin
BTJ Wheal,Left arm Wrist spin,Spin
Imran Khan,Left arm Wrist spin,Spin
DI Stevens,Left arm Wrist spin,Spin
Hassan Khan,Left arm Wrist spin,Spin
C McKerr,Right arm Fast,Pace
GLS Scrimshaw,Right arm Medium fast,Pace
Zafar Gohar,Slow Left arm Orthodox,Spin
Danish Aziz,Slow Left arm Orthodox,Spin
Imran Khan (2),Right arm Fast,Pace
MJ Leach,Right arm Fast,Pace
LP Goldsworthy,Slow Left arm Orthodox,Spin
NRT Gubbins,Legbreak,Spin
JG Bethell,Slow Left arm Orthodox,Spin
AK Markram,Right arm Offbreak,Spin
LWP Wells,"Right arm Offbreak, Legbreak",Spin
DL Lloyd,Right arm Medium,Pace
SJ Pearce,Legbreak,Spin
Callum Taylor,Right arm Offbreak,Spin
PWA Mulder,Right arm Fast medium,Pace
JA Leaning,Right arm Offbreak,Spin
LMP Simmons,Right arm Medium fast,Pace
GFB Scott,Right arm Medium fast,Pace
EO Hooper,Right arm Offbreak,Spin
LJ Hurt,Right arm Medium fast,Pace
G Clark,NA,
C Karunaratne,Right arm Medium fast,Pace
MJ Waite,Right arm Fast medium,Pace
I Khan,NA,
N Smith,Right arm Medium fast,Pace
C Archibald,Left arm Fast medium,Pace
G Motie,Left arm orthodox,Spin
K Alleyne,Right arm Medium,Pace
M Theekshana,Right arm Offbreak,Spin
Naseem Shah,Right arm Fast,Pace
P Jayawickrama,Slow Left arm Orthodox,Spin
K Yadav,Left arm Wrist spin,Spin
RV Patel,Right arm Medium fast,Pace
C Campher,Right arm Medium fast,Pace
CN Greaves,Legbreak,Spin
JN Loftie-Eaton,"Right arm Medium, Legbreak",
AC Evans,Right arm Medium fast,Pace
MA Leask,Right arm Offbreak,Spin
Hamid Hassan,Right arm Fast,Pace
A Palkar,Left arm Fast medium,Pace
Bikash K Rout,Legbreak,Spin
Karan Lal,Legbreak,Spin
Mohit Avasthi,Right arm Medium fast,Pace
Tanush Kotian,Right arm Offbreak,Spin
YBK Jaiswal,Legbreak,Spin
Vidyadhar Patil,Right arm Medium,Pace
Rahul Batham,Right arm Medium,Pace
K Kartikeya,Right arm Medium,Pace
Roshan Alam,Slow Left arm Orthodox,Spin
Hrishi Raj,Right arm Medium fast,Pace
Bhagmender Lather,Slow Left arm Orthodox,Spin
Parmesh Vaidik,Left arm Medium fast,Pace
Jagjit Singh,Right arm Medium,Pace
Ankit Manori,Right arm Medium,Pace
Shivank Vashisth,Slow Left arm Orthodox,Spin
RB Bishnoi Jr,Slow Left arm Orthodox,Spin
R Trumpelmann,Left arm Fast,Pace
MG Erasmus,Right arm Offbreak,Spin
K Birkenstock,Right arm Fast medium,Pace
Sunil Yadav,Legbreak Googly,Spin
Sanvir Singh,Right arm Medium,Pace
SS Agarwal,Right arm Offbreak,Spin
AS Bedi,Slow Left arm Orthodox,Spin
Jaideep Bhambhu,Right arm Medium fast,Pace
Nithish Kumar Reddy,Right arm Medium fast,Pace
Ahitesh Varma,Slow Left arm Orthodox,Spin
Ananta Saha,Right arm Medium,Pace
Sachin Kumar,Slow Left arm Orthodox,Spin
Shivam Sharma,Right arm Offbreak,Spin
Parth Bhut,Slow Left arm Orthodox,Spin
Md Nazim,Right arm Medium fast,Pace
Rohit Rayudu,Right arm Offbreak,Spin
Kunal Mahajan,D.A.V College Chandigarh,
Khrievitso Kense,Legbreak,Spin
Nihal Surlaker,Right arm Medium,Pace
Amit Yadav,Right arm Offbreak,Spin
Bharat Sharma,Right arm Offbreak,Spin
Rahul Khajan Singh,Slow Left arm Orthodox,Spin
Shubham Kumar Singh,Right arm Medium fast,Pace
Bal Krishna,Right arm Medium fast,Pace
Pinninit Tapaswi,Right arm Medium fast,Pace
AR Pandey,Right arm Medium,Pace
Malay Raj,Right arm Medium,Pace
Arpit Pannu,Right arm Offbreak,Spin
Chirag Khurana,Right arm Offbreak,Spin
Dippu Sangma,Right arm Medium,Pace
Anish Charak,Right arm Medium,Pace
Ram Gurung,Right arm Medium fast,Pace
M van Lingen,"Left arm Medium, Slow Left arm Orthodox",
Ragupathy Silambarasan,Right arm Medium fast,Pace
Vijaykumar Vyshak,Right arm Medium,Pace
Ansh Patel,Right arm Medium fast,Pace
Shubham Kamal Sharma,Slow Left arm Orthodox,Spin
Unnikrishnan Manukrishnan,Left arm Medium,Pace
Sharafuddeen,Right arm Medium,Pace
Harsh Vikram Singh,Right arm Medium,Pace
Suraj Kashyap,Right arm Offbreak,Spin
Shashi Anand,Slow Left arm Orthodox,Spin
L Kishan Singha,Slow Left arm Orthodox,Spin
Chongtham Mehul,Right arm Offbreak,Spin
PH Solanki,Legbreak,Spin
Sujit Yadav,Slow Left arm Orthodox,Spin
Nitesh Hooda,Right arm Medium fast,Pace
Mohit Jain,NA,
Anunay Singh,Bowler,
MS Akhil,NA,
Akash Sengupta,Right arm Medium,Pace
Mohammad Saif,Slow Left arm Orthodox,Spin
Yuvraj Chaudhary,Slow Left arm Orthodox,Spin
Sameer Choudhary,Right arm Offbreak,Spin
E Sanketh,Left arm Medium,Pace
Md Saptula,Right arm Offbreak,Spin
Kranthi Kumar,Right arm Medium,Pace
Codanda Ajit Karthik,Right arm Medium,Pace
Sumit Singh,Right arm Medium,Pace
Akash Luitel,Right arm Medium,Pace
LM Yadav,Right arm Offbreak,Spin
Suresh Vishweshwar,Right arm Medium fast,Pace
P Saravana Kumar,Right arm Medium,Pace
MB Darshan,Right arm Medium,Pace
KK Nair,Right arm Offbreak,Spin
Ishan Jayaratne,Right arm Fast medium,Pace
KTH Ratnayake,"Right arm Offbreak, Slow Left arm Orthodox",Spin
ST de Silva,NA,
Shiraz Ahmed,Left arm Fast medium,Pace
N Vimukthi,Slow Left arm Orthodox,Spin
L Guthrie,Left arm Fast,Pace
TH David,Right arm Offbreak,Spin
KIC Asalanka,Right arm Offbreak,Spin
SMA Priyanjan,Right arm Offbreak,Spin
Pulina Tharanga,Legbreak,Spin
W Parker,Legbreak Googly,Spin
SMLD Samarakoon,Right arm Fast medium,Pace
D Lakshan,Right arm Medium fast,Pace
BL Couch,Right arm Medium,Pace
HD Rutherford,Slow Left arm Orthodox,Spin
W O'Rourke,Right arm Fast,Pace
JJS Sangha,Legbreak,Spin
HTRY Thornton,Right arm Fast,Pace
W Sanders,Right arm Fast,Pace
J Kann,Right arm Fast,Pace
SM Elliott,Right arm Medium,Pace
BV Sears,Right arm Medium fast,Pace
PF Younghusband,Legbreak Googly,Spin
Suhrawadi Shuvo,Slow Left arm Orthodox,Spin
Rejaur Rahman,Slow Left arm Orthodox,Spin
Mohammad Taha,Slow Left arm Orthodox,Spin
Mubasir Khan,Right arm Offbreak,Spin
Khushdil Shah,Slow Left arm Orthodox,Spin
Mrittunjoy Chowdhury,Left arm Medium fast,Pace
Salman Irshad,Right arm Fast medium,Pace
Zaman Khan,Right arm Fast,Pace
Nazmul Hossain Shanto,Right arm Offbreak,Spin
D Ferreira,Right arm Offbreak,Spin
A Gqamane,Right arm Fast medium,Pace
Tsepo Ndwandwa,Slow Left arm Orthodox,Spin
T van Vuuren,Left arm Medium fast,Pace
N van Heerden,Right arm Fast,Pace
P Botha,Right arm Offbreak,Spin
Azmatullah Omarzai,Right arm Medium fast,Pace
Aks Swadhin,Right arm Fast medium,Pace
ZC Qwabe,Right arm Medium fast,Pace
M Copeland,Right arm Offbreak,Spin
A Mgijima,Right arm Offbreak,Spin
J Dawood,Right arm Offbreak,Spin
C Seleka,Right arm Offbreak,Spin
JN Diseko,Slow Left arm Orthodox,Spin
MP Siboto,Right arm Medium,Pace
Codi Yusuf,Right arm Medium,Pace
Ruyel Miah,Left arm Medium fast,Pace
Jubair Hossain,Legbreak,Spin
A Mhletywa,NA,
S Tait,Right arm Fast,Pace
JF Smith,Right arm Medium fast,Pace
R de Swardt,Right arm Medium fast,Pace
PE Kruger,Right arm Fast,Pace
J Raubenheimer,Right arm Medium,Pace
Shafiqul Islam,Left arm Medium,Pace
T Ntini,Right arm Fast,Pace
RR Hendricks,Right arm Offbreak,Spin
A Myoli,Right arm Fast,Pace
NP Mvelase,Right arm Offbreak,Spin
D Potgieter,Right arm Medium,Pace
S Muthusamy,Slow Left arm Orthodox,Spin
BD Walters,Right arm Medium fast,Pace
KI Simmonds,Slow Left arm Orthodox,Spin
M Mpongwana,Right arm Medium,Pace
J Landsberg,Legbreak,Spin
Athar Mahmood,Right arm Fast medium,Pace
Khalid Usman,Slow Left arm Orthodox,Spin
C Classen,Right arm Fast,Pace
Z Pongolo,Right arm Medium,Pace
Asif Afridi,Slow Left arm Orthodox,Spin
LM Zuma,Right arm Fast,Pace
Ali Majid,Right arm Offbreak,Spin
B Parsons,Slow Left arm Orthodox,Spin
E Bosch,Right arm Fast,Pace
Tilak Varma,Right arm Offbreak,Spin
D Brevis,Legbreak,Spin
Aman Hakim Khan,Right arm Medium,Pace
HR Shokeen,Right arm Offbreak,Spin
A Badoni,Right arm Offbreak,Spin
Harshit Rana,Right arm Fast,Pace
M Pathirana,Right arm Fast,Pace
HN Ya France,Right arm Fast,Pace
D la Cock,Legbreak,Spin
T Lungameni,Left arm Medium,Pace
JO Baker,Left arm Medium,Pace
HT Crocombe,Right arm Medium fast,Pace
ML Revis,Right arm Medium fast,Pace
Rehan Ahmed,Legbreak Googly,Spin
TJ Prest,Right arm Offbreak,Spin
AK Russell,Legbreak,Spin
FJ Heldreich,Left arm Wrist spin,Spin
DJ Leech,Right arm Medium,Pace
Nijat Masood,Right arm Medium,Pace
LM Jongwe,Right arm Fast medium,Pace
TN Walallawita,Slow Left arm Orthodox,Spin
MT Stanley,Right arm Fast medium,Pace
Aaron Beard,Right arm Fast medium,Pace
AR McBrine,Right arm Offbreak,Spin
C Olphert,Right arm Medium,Pace
SG Budinger,Top order Batter,
JDM Evison,Right arm Medium,Pace
LW James,Right arm Medium fast,Pace
U Aryaman Sunil,Right arm Medium fast,Pace
AR Puri,Right arm Offbreak,Spin
A Krishna,Legbreak Googly,Spin
V Baskaran,Slow Left arm Orthodox,Spin
Amjad Mahboob,Right arm Medium,Pace
Janak Prakash,Right arm Medium,Pace
Riazat Ali Shah,Right arm Medium,Pace
EJB Miles,Slow Left arm Orthodox,Spin
J Sumerauer,Right arm Fast medium,Pace
B Ward,Legbreak,Spin
CW Perchard,Right arm Medium,Pace
DG Blampied,Legbreak,Spin
CAH Stevenson,Right arm Fast medium,Pace
NK Patel,Slow Left arm Orthodox,Spin
SR Taylor,Right arm Offbreak,Spin
SN Netravalkar,Left arm Fast medium,Pace
J Theron,Right arm Medium fast,Pace
Aaron Jones,Legbreak Googly,Spin
S Bau,Right arm Offbreak,Spin
KV Morea,Left arm Medium,Pace
Shariz Ahmad,Legbreak Googly,Spin
BFW de Leede,Right arm Fast medium,Pace
TJG Pringle,Right arm Fast medium,Pace
T Stubbs,Right arm Offbreak,Spin
CB Sole,Right arm Fast medium,Pace
Hamza Tahir,Slow Left arm Orthodox,Spin
R Klein,Right arm Medium fast,Pace
C Floyd,Slow Left arm Orthodox,Spin
GI Hume,Right arm Fast medium,Pace
F Hand,Right arm Medium,Pace
D Madushanka,Left arm Fast medium,Pace
JC Carmichael,Slow Left arm Orthodox,Spin
D Jansen,Left arm Fast,Pace
NA Gordon,Right arm Fast medium,Pace
A Shukla,Right arm Medium fast,Pace
Yasim Murtaza,Slow Left arm Orthodox,Spin
Mohammad Ghazanfar,Legbreak,Spin
RR Simmonds,Left arm Fast medium,Pace
AM Fernando,Right arm Medium fast,Pace
JM James,Right arm Medium,Pace
JP Greaves,Right arm Medium,Pace
SA Lewis,Left arm Medium fast,Pace
TJ Bishop,Batter,
MW Forde,Right arm Medium,Pace
JA Sinclair,Right arm Offbreak,Spin
LM Edward,Slow Left arm Orthodox,Spin
C Green,Right arm Fast medium,Pace
Aamer Jamal,Right arm Medium fast,Pace
Y Cariah,Legbreak,Spin
B Punnaiah,Right arm Medium,Pace
Mickil Jaiswal,Legbreak,Spin
Gaurav Chaudhary,Right arm Offbreak,Spin
Susheel Kumar,Left arm Medium fast,Pace
Chopise Hopongkyu,Right arm Medium,Pace
M Abin Mathew,Right arm Medium fast,Pace
Ashwin Das,Right arm Medium,Pace
K Tripathi,Right arm Offbreak,Spin
Shubham Sharma,Right arm Offbreak,Spin
Arjun Tendulkar,Left arm Medium fast,Pace
Trishank Gupta,Legbreak,Spin
G Anikethreddy,Slow Left arm Orthodox,Spin
KS Sharma,Right arm Offbreak,Spin
Yogesh Sharma,Slow Left arm Orthodox,Spin
D Rabha,Slow Left arm Orthodox,Spin
Saurav Chauhan,Right arm Offbreak,Spin
S Baliyan,Right arm Medium fast,Pace
MJ Suthar,Slow Left arm Orthodox,Spin
Avinash Yadav,Slow Left arm Orthodox,Spin
Rinsangzela Hmamte,Slow Left arm Orthodox,Spin
Remruatdika Ralte,Right arm Medium fast,Pace
Vishal Jayswal,Right arm Medium fast,Pace
A Simelane,Right arm Fast,Pace
Aayan Afzal Khan,Slow Left arm Orthodox,Spin
Rajan Kumar,Left arm Medium fast,Pace
AA Sarwate,Left arm Medium fast,Pace
TM Maphaka,Slow Left arm Orthodox,Spin
VA Naik,Right arm Offbreak,Spin
CS MacLeod,"Right arm Medium fast, Right arm Offbreak",
D Joshi,Right arm Medium,Pace
AA Choudhury,Slow Left arm Orthodox,Spin
AB Bhadoriya,Slow Left arm Orthodox,Spin
Ankit Kushwah,Right arm Medium,Pace
Anuj Raj,Left arm Medium fast,Pace
Sakib Hussain,Right arm Medium,Pace
R Meyer,Right arm Fast medium,Pace
H Coetzer,Right arm Medium fast,Pace
B Xenxe,Right arm Fast,Pace
A Mnyaka,Left arm Fast,Pace
GA Stuurman,Right arm Fast medium,Pace
A Kamboj,Right arm Medium,Pace
Ashwani Kumar,Left arm Medium,Pace
Sahban Khan,Right arm Offbreak,Spin
AR Swanepoel,Left arm Fast medium,Pace
N Burger,Left arm Fast medium,Pace
PM Liyanagamage,Right arm Medium fast,Pace
V Kaverappa,Right arm Fast medium,Pace
MP Yadav,Right arm Fast,Pace
Harsh Dubey,Slow Left arm Orthodox,Spin
Sidharth Sharma,Right arm Medium,Pace
DN Wellalage,Slow Left arm Orthodox,Spin
MADI Hemantha,Slow Left arm Orthodox,Spin
S Lakshan,Legbreak,Spin
ND Paranavithana,Left arm Slow medium,Pace
C Wijesinghe,Right arm Medium fast,Pace
Waqar Salamkheil,Right arm Medium fast,Pace
PG Dooley,Left arm Wrist spin,Spin
Izharulhaq Naveed,Legbreak,Spin
DS Thilakaratne,Slow Left arm Orthodox,Spin
KNA Bandara,Legbreak,Spin
RA Whiteley,Left arm Medium,Pace
AW McKenzie,Right arm Medium,Pace
DJM Moody,Right arm Fast medium,Pace
BNJ Lockrose,Slow Left arm Orthodox,Spin
BM Johnson,Legbreak Googly,Spin
T Murphy,Right arm Offbreak,Spin
RL Toole,Left arm Medium,Pace
JA Davies,Wicketkeeper,
KDC Clarke,Right arm Medium fast,Pace
Ashiqur Zaman,Right arm Medium,Pace
SH Johnson,Left arm Fast,Pace
E Jones,Right arm Medium fast,Pace
Zawar Farid,Right arm Medium,Pace
Akif Raja,Right arm Medium fast,Pace
Hazrat Luqman,Right arm Medium,Pace
Junaid Siddique,Right arm Medium fast,Pace
SM Sharma,Right arm Medium,Pace
CJ Rocchiccioli,Right arm Offbreak,Spin
Matiullah Khan,Right arm Medium fast,Pace
Muhammad Jawadullah,Left arm Fast medium,Pace
Waseem Muhammad,Right arm Medium,Pace
ZGF Foulkes,Right arm Medium,Pace
N Brand,Slow Left arm Orthodox,Spin
Sabir Ali,Left arm Fast medium,Pace
MJ Gibson,Right arm Medium fast,Pace
RR Rossouw,Right arm Offbreak,Spin
Nihaduzzaman,Slow Left arm Orthodox,Spin
R Mondol,Right arm Medium,Pace
Tanzim Hasan Sakib,Right arm Fast medium,Pace
Shafiqullah Ghafari,Legbreak Googly,Spin
Usama Mir,Legbreak,Spin
Sufiyan Muqeem,Left arm Wrist spin,Spin
Ihsanullah,Right arm Fast,Pace
Abrar Ahmed,Legbreak Googly,Spin
Aimal Khan,Right arm Medium,Pace
Arshad Khan,Left arm Medium,Pace
Suyash Sharma,Legbreak Googly,Spin
Mohit Rathee,Legbreak,Spin
Gurnoor Brar,Right arm Fast,Pace
R Goyal,Left arm Wrist spin,Spin
Vivrant Sharma,Legbreak Googly,Spin
H Sharma,Legbreak,Spin
N Fernandes,Slow Left arm Orthodox,Spin
JM Coles,Slow Left arm Orthodox,Spin
JA Chohan,Legbreak Googly,Spin
OJ Price,Right arm Offbreak,Spin
JA Turner,Right arm Fast medium,Pace
JM Blatherwick,Right arm Fast medium,Pace
AW Finch,Right arm Fast medium,Pace
JP McIlroy,Left arm Fast medium,Pace
JJG Sales,Right arm Medium,Pace
A Karvelas,Right arm Medium fast,Pace
J Broad,Right arm Medium,Pace
MG Finan,Left arm Medium,Pace
MET Salisbury,Right arm Medium fast,Pace
AW Gorvin,Right arm Medium,Pace
JC Tongue,Right arm Medium,Pace
JM De Caires,Right arm Offbreak,Spin
MB Harris,Right arm Medium,Pace
AS Dale,Right arm Fast medium,Pace
TE Lawes,Right arm Medium fast,Pace
JJ Bushnell,Right arm Medium,Pace
TA Wood,Right arm Medium,Pace
CA Dry,Right arm Medium fast,Pace
Mohammad Mohsin,Legbreak Googly,Spin
C le Roux,Left arm Medium fast,Pace
DL Piedt,Right arm Offbreak,Spin
NP Kenjige,Slow Left arm Orthodox,Spin
Ehsan Adil,Right arm Fast medium,Pace
Zia-ul-Haq,Left arm Fast medium,Pace
AJ Pienaar,Slow Left arm Orthodox,Spin
JG Dill,Right arm Medium,Pace
Jasdeep Singh,Right arm Medium,Pace
S Jayathilake,Legbreak,Spin
Basil Hameed,Right arm Offbreak,Spin
Ali Naseer,Right arm Medium,Pace
SSD Arachchige,Right arm Offbreak,Spin
GS Dinusha,Slow Left arm Orthodox,Spin
B White,Legbreak,Spin
KHM James,Right arm Offbreak,Spin
K Pitman,Right arm Offbreak,Spin
M Clarke,Right arm Medium fast,Pace
Virandeep Singh,Slow Left arm Orthodox,Spin
Rizwan Haider,Left arm Medium fast,Pace
Muhammad Amir,Left hand Bat,
S Joseph,Right arm Fast,Pace
SI Kamea,Left arm Fast,Pace
DS Airee,"Right arm Medium, Right arm Offbreak",
RK Paudel,Right arm Offbreak,Spin
Arafat Minhas,Slow Left arm Orthodox,Spin
Saif Hassan,Right arm Offbreak,Spin
Rakibul Hasan,Slow Left arm Orthodox,Spin
Hasan Murad,Slow Left arm Orthodox,Spin
Mahmudul Hasan Joy,Top order Batter,
N Sindhu,Slow Left arm Orthodox,Spin
Shubham Pundir,Legbreak Googly,Spin
AH Passi,NA,
Aditya Jadeja,Left arm Medium,Pace
Chengkam Sangma,Right arm Medium,Pace
AS Thakur,Right arm Medium,Pace
PS Painkra,Right arm Medium,Pace
Gagandeep Singh,Slow Left arm Orthodox,Spin
T Vijay,Right arm Offbreak,Spin
S Solanki,Legbreak,Spin
J Butte,Right arm Offbreak,Spin
SP Tari,Right arm Medium,Pace
MS Redkar,Right arm Offbreak,Spin
SN Patel,Right arm Offbreak,Spin
S Hegde,Slow Left arm Orthodox,Spin
SS Ghosh,Right arm Offbreak,Spin
Rajat Dey,Right arm Offbreak,Spin
Amit Ali,Legbreak,Spin
Sahil Lotra,Legbreak,Spin
R Ralte,Legbreak,Spin
TC Vanlalremruata,Slow Left arm Orthodox,Spin
BM Chingakham,Right arm Medium fast,Pace
RS Jaganath Sinivas,Right arm Medium fast,Pace
K Tewatiya,Right arm Medium fast,Pace
Pratis GC,Left arm Medium,Pace
AS Kumar,Left arm Medium,Pace
VK Saha,Right arm Offbreak,Spin
AV Rajput,Right arm Medium fast,Pace
SI Sopariya,Right arm Medium,Pace
Lone Nasir Muzaffar,Right arm Medium fast,Pace
RA Sharma,Right arm Medium fast,Pace
Mohsin Khan (2),Left arm Medium fast,Pace
Jasmer Dhankhar,NA,
H Klazinge,Right arm Fast,Pace
Aarya Desai,Right arm Offbreak,Spin
Sourav Dey,Right arm Medium,Pace
Kaushik Maity,Slow Left arm Orthodox,Spin
Ali Dawood,Right arm Medium,Pace
Imran Anwar,Left arm Medium,Pace
Pallav Kumar Das,Right arm Medium,Pace
MV Pithiya,Right arm Offbreak,Spin
DM Nakrani,Left arm Medium,Pace
H Ssenyondo,Slow Left arm Orthodox,Spin
AR Ramjani,Slow Left arm Orthodox,Spin
B Masaba,"Right arm Fast medium, Right arm Offbreak, Legbreak Googly",
Bilal Hassun,Right hand Bat,
Z Bimenyimana,Right arm Medium,Pace
Muhammad Nadir,Slow Left arm Orthodox,Spin
C Rububagumya,Right arm Medium,Pace
M Akayezu,Right arm Medium,Pace
E Rukiriza,Right arm Offbreak,Spin
E Sebareme,Right arm Offbreak,Spin
C Udekwe,Right arm Medium fast,Pace
P Useni,Left arm Medium,Pace
IO Okpe,Right arm Medium,Pace
SA Okpe,Right arm Offbreak,Spin
R Abdulkareem,Right arm Offbreak,Spin
Joshua Asia,Right arm Offbreak,Spin
GM Muthui,Right arm Medium fast,Pace
Vraj Patel,Slow Left arm Orthodox,Spin
F Mutua,NA,
SR Bhudia,Right arm Medium,Pace
NM Odhiambo,Right arm Medium fast,Pace
J Edwards,Right arm Medium,Pace
C Connolly,Slow Left arm Orthodox,Spin
H McKenzie,Left arm Wrist spin,Spin
W Clark,Right arm Medium,Pace
Rishad Hossain,Legbreak Googly,Spin
Nilansh Keswani,Slow Left arm Orthodox,Spin
D Parashar,Right arm Offbreak,Spin
JM Gibson,Right arm Medium fast,Pace
T Muller,Right arm Fast medium,Pace
O Davies,Right arm Offbreak,Spin
Mohammad Saleem,Right arm Medium,Pace
TP Kaber,Left arm Wrist spin,Spin
Muhammad Rohid,Left arm Medium fast,Pace
Aryan Lakra,Slow Left arm Orthodox,Spin
Zuhaib Zubair,Legbreak Googly,Spin
B Swanepoel,Right arm Fast,Pace
Ariful Haque,Right arm Medium fast,Pace
HT Tector,Right arm Offbreak,Spin
N Peter,Legbreak,Spin
Sabbir Hossain,Right arm Medium,Pace
Dayyaan Galiem,Right arm Medium fast,Pace
Haider Ali,Middle order Batter,
Shykat Ali,Right arm Medium,Pace
Mohammad Zeeshan,Right arm Medium,Pace
Salman Fayyaz,Legbreak Googly,Spin
Shamim Hossain,Right arm Offbreak,Spin
Mohammad Ali,Right arm Medium fast,Pace
Hunain Shah,Right arm Medium,Pace
Agha Salman,Right arm Offbreak,Spin
Aftab Ibrahim,Right arm Offbreak,Spin
Jahandad Khan,Left arm Medium fast,Pace
Musfik Hasan,Right arm Medium,Pace
Faisal Akram,Left arm Wrist spin,Spin
M Khumalo,Right arm Medium,Pace
S Nhlebela,Slow Left arm Orthodox,Spin
IHM Modimokoane,Right arm Medium fast,Pace
Naman Dhir,Right arm Offbreak,Spin
KT Maphaka,Right arm Offbreak,Spin
Arshad Khan (2),Left arm Medium,Pace
M Shahrukh Khan,Right arm Offbreak,Spin
N Wadhera,Legbreak,Spin
J Hull,Left arm Fast medium,Pace
CT Steel,Legbreak,Spin
A Nao,Right arm Medium,Pace
CA Soper,Right arm Medium fast,Pace
J Kariko,Slow Left arm Orthodox,Spin
C Kyewuta,Right arm Medium,Pace
Kaleemullah,Right arm Medium,Pace
Shakeel Ahmed,Slow Left arm Orthodox,Spin
Mehran Khan,Right arm Medium fast,Pace
Aqib Ilyas,"Right arm Offbreak, Legbreak Googly",Spin
Zeeshan Maqsood,Slow Left arm Orthodox,Spin
Shoaib Bashir,Right arm Offbreak,Spin
VJ Kingma,Right arm Medium fast,Pace
Vikramjit Singh,Right arm Medium,Pace
J Miyaji,Right arm Medium fast,Pace
F Nsubuga,Right arm Offbreak,Spin
NB Cornwell,Left arm Medium,Pace
JT Brassell,Right arm Medium,Pace
K Bhurtel,Legbreak Googly,Spin
EA Brookes,Right arm Medium fast,Pace
RA Weatherall,Right arm Medium,Pace
Nangeyalia Kharote,Slow Left arm Orthodox,Spin
M Tharupathi,Legbreak,Spin
LPJ Kimber,Right arm Offbreak,Spin
SB Wood,Right arm Medium,Pace
BJ Bennett,Right arm Offbreak,Spin
C Wickramasinghe,Right arm Medium fast,Pace
D Myers,Right arm Medium,Pace
J Liyanage,Right arm Fast medium,Pace
K Nadeeshan,Legbreak,Spin
W Madhevere,Right arm Offbreak,Spin
NGRP Jayasuriya,Slow Left arm Orthodox,Spin
ADS Fletcher,"Right arm Medium fast, Legbreak",
LM Benkenstein,Legbreak,Spin
EV Jack,Right arm Medium fast,Pace
E Malinga,Right arm Fast medium,Pace
I Wijesundera,Right arm Medium fast,Pace
LA Patterson-White,Slow Left arm Orthodox,Spin
CJ White,Stellaland,
NN Gilchrist,Right arm Fast medium,Pace
SA Zaib,Slow Left arm Orthodox,Spin
BM Cliff,Right arm Medium,Pace
R Ugarkar,Right arm Fast medium,Pace
J Drysdale,Right arm Medium,Pace
A Desai,Right arm Offbreak,Spin
Ali Sheikh,Slow Left arm Orthodox,Spin
SA Yadav,"Right arm Medium, Right arm Offbreak",
RD John,Right arm Medium,Pace
BJ Currie,Left arm Medium,Pace
JJ Carson,Right arm Offbreak,Spin
BJ McMullen,Right arm Medium,Pace
C Cassell,Right arm Fast,Pace
J Jarvis,Right arm Medium fast,Pace
JJ Davidson,Right arm Fast,Pace
K Campbell,Right arm Medium,Pace
S Descarte,Right arm Medium fast,Pace
M Govia,Right arm Offbreak,Spin
JS Louis,Right arm Medium fast,Pace
MJ Humphreys,Slow Left arm Orthodox,Spin
RS Pillay,Right arm Medium,Pace
W Bedja,NA,
JA Bird,Right arm Fast medium,Pace
J van Dyk,Right arm Fast medium,Pace
S Langa,Right arm Fast,Pace
S Gill,Right arm Offbreak,Spin
P Sharma,Right arm Medium,Pace
O Whitehead,Right arm Medium,Pace
AS Routela,Right arm Medium,Pace
N Saud,Slow Left arm Orthodox,Spin
Kawsar Khan,NA,
LH Rodrigues,Right arm Medium fast,Pace
RA Bawa,Right arm Medium fast,Pace
Amrit Lubana,Right arm Offbreak,Spin
NS Sharma,Right arm Medium,Pace
Z Burgess,Right arm Medium,Pace
SSK Chaudhary,Right arm Medium fast,Pace
V Panwar,Right arm Medium,Pace
V Nigam,Legbreak,Spin
Prince Yadav,Right arm Offbreak,Spin
Tripuresh Singh,Right arm Medium,Pace
Sammar Gajjar,Slow Left arm Orthodox,Spin
A Panwar,Right arm Medium fast,Pace
Suryansh Shedge,Right arm Medium,Pace
PR Rekhade,Slow Left arm Orthodox,Spin
DM Parwani,Slow Left arm Orthodox,Spin
MK Mahale,Right arm Offbreak,Spin
Abhishesh Gautam,NA,
LN Rajbanshi,Slow Left arm Orthodox,Spin
A Yadav,Slow Left arm Orthodox,Spin
S Malla,Right arm Offbreak,Pace
Shashwat Rawat,Right arm Medium fast,Pace
Shivam Shukla,Legbreak,Spin
HM Chauhan,Right arm Medium,Pace
Mayank Rawat,Right arm Offbreak,Spin
S Dhakal,Slow Left arm Orthodox,Spin
A Kharel,Slow Left arm Orthodox,Spin
Basir Ahamad,Slow Left arm Orthodox,Spin
AM Patel,Legbreak Googly,Spin
RDB Ahir,Right arm Medium,Pace
M Taylor,Left arm Fast medium,Pace
DG Weakley,Slow Left arm Orthodox,Spin
R Smith,Right arm Medium,Pace
Festus Benn,Right arm Offbreak,Spin
T Whitney,Right arm Fast medium,Pace
F O'Neill,Right arm Fast medium,Pace
D Warren,Slow Left arm Orthodox,Spin
L Scott,Right arm Fast medium,Pace
W Prestwidge,Right arm Fast,Pace
M Spoors,Right arm Fast,Pace
XA Crone,Right arm Fast medium,Pace
Nahid Rana,Right arm Fast,Pace
L Haskett,Left arm Fast medium,Pace
JS Buckingham,Right arm Fast medium,Pace
AM Ghazanfar,Right arm Offbreak,Spin
Farhan Khan,Right arm Fast,Pace
Shahid Bhutta,Right arm Medium fast,Pace
M Beardman,Right arm Fast medium,Pace
C Stow,Left arm Wrist spin,Spin
Saghir Khan,Left arm Wrist spin,Spin
T Mathew,Right arm Offbreak,Spin
MA Abbas,Right arm Medium,Pace
Uzair Khan,Left arm Medium,Pace
Wahidullah Zadran,Right arm Offbreak,Spin
TL O'Connell,Legbreak,Spin
Robiul Haque,Right arm Medium fast,Pace
Sanjit Saha,Right arm Offbreak,Spin
Nauman Ali,Left arm orthodox,Spin
Rachit Bhatia,Right arm Medium,Pace
JD Campbell,Right arm Offbreak,Spin
Ahsan Ali,Legbreak,Spin
Sohaib Maqsood,Right arm Offbreak,Spin
K Zondo,Right arm Offbreak,Spin
BJ Taylor,Right arm Offbreak,Spin
AD Nath,Right arm Medium fast,Pace
Enamul Haque jnr,Slow Left arm Orthodox,Spin
Monir Hossain,Slow Left arm Orthodox,Spin
Ifran Hossain,Right arm Medium,Pace
Mohammad Amir Khan,Right arm Medium,Pace
DJG Sammy,Right arm Medium,Pace
OMR Pringle,Right arm Medium,Pace
RR O'Donnell,Right arm Medium,Pace
Aswin Crist,Right arm Medium,Pace
Nitesh Gupta,Right arm Fast medium,Pace
Mohammad Nadeem,Right arm Medium fast,Pace
Manvan Patel,Right arm Medium fast,Pace
A Ashok,Legbreak Googly,Spin
Yasir Ali Chowdhury,Right arm Offbreak,Spin
Asif Ali,Right arm Offbreak,Spin
TL Greatwood,Right arm Medium,Pace
BW Aitchison,Right arm Fast medium,Pace
GT Main,Right arm Fast,Pace
SD Patel,Left arm Medium,Pace
Kim Daeyeon,Legbreak,Spin
Asif Iqbal,Right arm Medium,Pace
Aamir Lal,Right arm Offbreak,Spin
Alam Nakash,Left arm Medium,Pace
Mudassir Iqbal,Right arm Medium,Pace
Sana Ullah,Left arm Medium,Pace
Hokaito Zhimomi,Left arm Medium,Pace
KC Ramamoorthy,Right arm Offbreak,Spin
F Banunaek,Right arm Medium,Pace
SK Rasheed,Legbreak,Spin
P Mardi,Legbreak,Spin
K Gumede,Left arm Medium,Pace
B Evans,Right arm Fast,Pace
Saim Ayub,Right arm Offbreak,Spin
Zain-ul-Hassan,Right arm Medium,Pace
Huzaifa Mohammed,Right arm Offbreak,Spin
ASF Sirah,Legbreak Googly,Spin
LJ Myott,Right arm Offbreak,Spin
N Nipiko,Right arm Medium,Pace
W Nalisa,Legbreak Googly,Spin
Obed Yosef,Slow Left arm Orthodox,Spin
SH Obed,Legbreak,Spin
HJ Manenti,Right arm Medium fast,Pace
Jaspreet Singh,Right arm Fast medium,Pace
CJPF Kalugamage,Right arm Offbreak,Spin
A Nathwani,Right arm Offbreak,Spin
Abdullah Akbarjan,Slow Left arm Orthodox,Spin
Shahil Momin,Slow Left arm Orthodox,Spin
Umair Tariq,Right arm Medium,Pace
Jaweed Sadran,Right arm Medium,Pace
Sahel Zadran,Right arm Medium,Pace
G Chohan,Right arm Medium,Pace
D Wotu,Right arm Medium,Pace
J Rasu,Right arm Medium,Pace
AL Stephen,Right arm Medium,Pace
RR Beaton,Right arm Fast medium,Pace
P Dutta,Slow Left arm Orthodox,Spin
Bikash Singh,Left arm Medium,Pace
C Pengkumta,Right arm Medium,Pace
Ibrahim Rizan,Right arm Offbreak,Spin
Mohamed Ishmath,Right arm Medium,Pace
Ismail Ali,Right arm Offbreak,Spin
Nazwan Ismail,Right arm Medium,Pace
Umar Adam,Right arm Offbreak,Spin
Ibrahim Hassan,Right arm Medium,Pace
AE Paraam,Slow Left arm Orthodox,Spin
H Bharadwaj,Legbreak,Spin
Avi Dixit,Right arm Medium fast,Pace
Usman Najeeb,Right arm Medium,Pace
Hisham Sheikh,Right arm Offbreak,Spin
Salauddin Sakil,Left arm Medium,Pace
R Kalimuthu,Right arm Medium fast,Pace
Anas Khan,Slow Left arm Orthodox,Spin
Ateeq Iqbal,Right arm Medium,Pace
Tian Sen Qun,Right arm Medium fast,Pace
Chen Zhuo Yue,Slow Left arm Orthodox,Spin
Nasrulla Rana,Right arm Medium fast,Pace
Rohanat Doullah Borson,Right arm Medium,Pace
Usman Tariq,Right arm Slow,Spin
Mehran Mumtaz,Slow Left arm Orthodox,Spin
Tayyab Abbas,Left arm Medium fast,Pace
Omid Shafi Rahman,Right arm Medium,Pace
M Vivekanandan,Right arm Offbreak,Spin
T Tumursukh,Right arm Medium,Pace
N Naranbaatar,Right arm Medium,Pace
O Lutbayar,Right arm Medium,Pace
L Erdenebulgan,Right arm Medium,Pace
Z Shurentsetseg,Right arm Medium,Pace
T Amarmend,Right arm Medium,Pace
MD Wagstaff,Legbreak,Spin
Ayan Khan,Slow Left arm Orthodox,Spin
A Dutt,Right arm Offbreak,Spin
GP Balderson,Right arm Medium,Pace
GS Drissell,Right arm Offbreak,Spin
RM Koda,Right arm Medium fast,Pace
KDA Lukies,Slow Left arm Orthodox,Spin
DC Smith,Right arm Medium fast,Pace
AN Hyobeom,Right arm Offbreak,Spin
S Maduranga,Right arm Medium,Pace
DJ Hawoe,Right arm Medium,Pace
S Simetu,Slow Left arm Orthodox,Spin
CJ King,Right arm Medium fast,Pace
BS Makhanya,Right arm Medium,Pace
S Fledermaus,Right arm Offbreak,Spin
GG Peters,Right arm Fast,Pace
Shahab Alam,Slow Left arm Orthodox,Spin
M Levitt,Right arm Fast,Pace
Saad Bin Zafar,Slow Left arm Orthodox,Spin
Surya Tamang,Slow Left arm Orthodox,Spin
R Dhakal,Left arm Medium,Pace
Bipin Khatri,Slow Left arm Orthodox,Spin
BP Sharma,Slow Left arm Orthodox,Spin
K Mahato,Right arm Medium fast,Pace
LI Georgeson,Right arm Medium fast,Pace
M Bean,Left arm Medium fast,Pace
Ibrar Ahmad,Right arm Medium fast,Pace
J McKenzie,Right arm Medium,Pace
M Perry,Right arm Fast medium,Pace
KJ Dudgeon,Right arm Fast medium,Pace
AL Olliver,Right arm Medium,Pace
WT O'Donnell,Right arm Offbreak,Spin
SB Keene,Right arm Medium,Pace
LN Stackpole,Right arm Medium,Pace
Khuzaima Tanveer,Right arm Fast,Pace
PVSN Raju,Right arm Medium fast,Pace
V Puthur,Left arm Wrist spin,Spin
DS Rathi,Legbreak,Spin
Ishan Kishan,"Right arm Offbreak, Legbreak",Spin
ATE Hazeldine,,
M Montgomery,Right arm Offbreak,Spin
TH Aspinwall,Right arm Medium fast,Pace
Zahid Zadran,Right arm Medium,Pace
BB Debnath,Right arm Medium fast,Pace
Wafadar Momand,Right arm Medium,Pace
M Podosky,Right arm Medium,Pace
Ubaid Shah,Right arm Fast medium,Pace
S Vijay Unni,Right arm Offbreak,Spin
H Rathod,Right arm Offbreak,Spin
Ishtiaq Ahmad,Right arm Medium fast,Pace
OE Taylor,Left arm Medium,Pace
Salman Mirza,Left arm Fast,Pace
Khawar Ali,Legbreak,Spin
S Aryal,Right arm Medium fast,Pace
FW Sheat,Right arm Medium,Pace
Akhil Kumar,,
HWR Cartwright,Right arm Medium,Pace
MW Snedden,Right arm Medium fast,Pace
MK Thakur,,
Muhammad Farooq,Legbreak,Spin
RK Singh,Right arm Offbreak,Spin
T Westley,Right arm Offbreak,Spin
MNK Fernando,Right arm Offbreak,Spin
Muhammad Wafiq,Left arm Medium fast,Pace
Surya Anand,Right arm Medium,Pace
L Selemela,,
B Yadav,Right arm Medium,Pace
M Shiraz,Right arm Medium fast,Pace
TAR Scriven,Right arm Medium fast,Pace
VK Singh,,
PR Veer,,
SK Atai,,
NN Odhiambo,Right arm Medium fast,Pace
Muslim Yar,Slow Left arm Orthodox,Spin
W Sahan,Slow Left arm Orthodox,Spin
M Altankhuyag,,
Kashif Daud,Right arm Medium fast,Pace
Ismat Alam,Right arm Fast medium,Pace
NK Yadav,Right arm Medium fast,Pace
Zain Ul Abidin,,
Parveen Kumar,,
HER Tyler,,
Muhammad Naeem,Right arm Offbreak,Spin
Anwar Rahman,Slow Left arm Orthodox,Spin
D Mogan,,
Amir Farooq,Left arm Medium,Pace
R Pratap Singh,,
PRP Boissevain,Legbreak Googly,Spin
WG Bosisto,Right arm Offbreak,Spin
AA Barot,Right arm Offbreak,Spin
Junaid Siddiqui,Legbreak,Spin
TA Findlay,Right arm Medium,Pace
D Gupta,,
Musawar Shah,Slow Left arm Orthodox,Spin
Maaz Sadaqat,Slow Left arm Orthodox,Spin
Kamran Khan (2),Left arm Medium fast,Pace
Musheer Khan,Slow Left arm Orthodox,Spin
Kaleem Sana,Left arm Medium fast,Pace
PD Blignaut,Slow Left arm Orthodox,Spin
JL de Mey,Slow Left arm Orthodox,Spin
Yasin Patel,Legbreak,Spin
Meet Bhavsar,,
A Chenthamara,Right arm Medium fast,Pace
Zeeshan Ansari,Legbreak Googly,Spin
Waji Ul Hassan,,
Ghulam Ahmadi,Right arm Offbreak,Spin
Arif Yaqoob,Legbreak,Spin
AR Schaw,Right arm Offbreak,Spin
HC Darley,,
Amod Yadav,Right arm Medium,Pace
Ali Raza,Slow Left arm Orthodox,Spin
C Dickson,Right arm Offbreak,Spin
CO Obuya,Legbreak,Spin
Mohamed Shafeeq,Right arm Medium,Pace
RD Berrington,Right arm Medium fast,Pace
Saad Masood,Legbreak Googly,Spin
JE Home,Right arm Medium fast,Pace
SA Engelbrecht,,
D Heyliger,Right arm Medium,Pace
NA McSweeney,Right arm Offbreak,Spin
KKV Perera,Left arm Medium fast,Pace
Sahir Naqash,Right arm Medium,Pace
Salman Nazar,Slow Left arm Orthodox,Spin
M Tiwari,Right arm Medium fast,Pace
G Sanketh,Right arm Medium,Pace